title,description,city,address,postal_code,start_date,content
Forum Emploi & Formation,"Le Centre Paris Anim’ Interclub 17 et l’Annexe Loucheur ont le plaisir de vous inviter à leur Forum Emploi & Formation, qui se tiendra le jeudi 16 avril de 14h à 17h.

Cet événement a pour objectif de faciliter l’accès à l’emploi, à la formation et à l’orientation professionnelle pour les jeunes. Il réunira en un même lieu des acteurs de l’emploi, de la formation et de l’accompagnement afin de vous proposer des opportunités concrètes et un soutien adapté à votre parcours.

Plusieurs pôles seront présents tout au long de l’après-midi :

Recrutement : offres d’emploi en CDD, CDI, jobs d’été et jobs étudiants dans différents secteurs  
Accompagnement à l’emploi : conseils personnalisés (CV, entretiens, recherche d’emploi)  
Formation & insertion : découverte de parcours et dispositifs pour accéder à l’emploi  
Aides & dispositifs : informations sur les aides financières liées à l’activité professionnelle

Ce forum est une opportunité concrète de rencontrer des recruteurs et des professionnel·le·s, de développer votre réseau et de repartir avec des pistes sérieuses pour votre avenir professionnel.

Nous vous attendons nombreuses et nombreux pour un moment d’échange utile et dynamique au Centre Paris Anim’ Interclub 17.

Pensez à apporter plusieurs CV !",Paris,47 rue de Saussure 75017 Paris,75017,2026-04-16 12:00:00+00:00,"Evenement : Forum Emploi & Formation. Lieu : 47 rue de Saussure 75017 Paris, Paris. Date : 16/04/2026. Description : Le Centre Paris Anim’ Interclub 17 et l’Annexe Loucheur ont le plaisir de vous inviter à leur Forum Emploi & Formation, qui se tiendra le jeudi 16 avril de 14h à 17h.

Cet événement a pour objectif de faciliter l’accès à l’emploi, à la formation et à l’orientation professionnelle pour les jeunes. Il réunira en un même lieu des acteurs de l’emploi, de la formation et de l’accompagnement afin de vous proposer des opportunités concrètes et un soutien adapté à votre parcours.

Plusieurs pôles seront présents tout au long de l’après-midi :

Recrutement : offres d’emploi en CDD, CDI, jobs d’été et jobs étudiants dans différents secteurs  
Accompagnement à l’emploi : conseils personnalisés (CV, entretiens, recherche d’emploi)  
Formation & insertion : découverte de parcours et dispositifs pour accéder à l’emploi  
Aides & dispositifs : informations sur les aides financières liées à l’activité professionnelle

Ce forum est une opportunité concrète de rencontrer des recruteurs et des professionnel·le·s, de développer votre réseau et de repartir avec des pistes sérieuses pour votre avenir professionnel.

Nous vous attendons nombreuses et nombreux pour un moment d’échange utile et dynamique au Centre Paris Anim’ Interclub 17.

Pensez à apporter plusieurs CV !"
"Forum métiers et formations : commerce, communication, marketing","Venez explorer les secteurs du commerce, communication et marketing !  
Vous vous demandez quel métier choisir ? Vous êtes attiré par le commerce, la communication ou le marketing, mais vous ne savez pas encore vers quelle formation vous diriger ? Cet événement du CIDJ est fait pour vous !  
Au programme :

*   rencontres avec des professionnels : échangez avec des experts du secteur, découvrez leur parcours et posez toutes vos questions sur leur quotidien ;
*   présentation des formations : lycées, écoles, universités, alternance, etc. On vous guide pour trouver la formation qui correspond à vos envies et à votre projet ;
*   conseils personnalisés : les conseillers du CIDJ vous aident à affiner votre projet professionnel et à identifier les compétences clés à développer ;

Que vous soyez au lycée, en études supérieures ou en reconversion, cet événement est l’occasion idéale pour explorer ces secteurs dynamiques et construire votre avenir professionnel.",Paris,4 place du Louvre Paris,75001,2026-03-18 09:00:00+00:00,"Evenement : Forum métiers et formations : commerce, communication, marketing. Lieu : 4 place du Louvre Paris, Paris. Date : 18/03/2026. Description : Venez explorer les secteurs du commerce, communication et marketing !  
Vous vous demandez quel métier choisir ? Vous êtes attiré par le commerce, la communication ou le marketing, mais vous ne savez pas encore vers quelle formation vous diriger ? Cet événement du CIDJ est fait pour vous !  
Au programme :

*   rencontres avec des professionnels : échangez avec des experts du secteur, découvrez leur parcours et posez toutes vos questions sur leur quotidien ;
*   présentation des formations : lycées, écoles, universités, alternance, etc. On vous guide pour trouver la formation qui correspond à vos envies et à votre projet ;
*   conseils personnalisés : les conseillers du CIDJ vous aident à affiner votre projet professionnel et à identifier les compétences clés à développer ;

Que vous soyez au lycée, en études supérieures ou en reconversion, cet événement est l’occasion idéale pour explorer ces secteurs dynamiques et construire votre avenir professionnel."
Objectif formation,"Le réseau Info Jeunes Paris sera présent pour vous accueillir lors du Forum Formation, Orientation et Accès aux droits organisé le jeudi 4 juin prochain à la Mairie du 13e.  
De nombreux centres de formation et partenaires seront mobilisés pour vous informer, vous orienter et répondre à vos questions.  
Nous vous y attendons nombreuses et nombreux !",Paris,1 place d'Italie 75013 Paris,75013,2026-06-04 11:30:00+00:00,"Evenement : Objectif formation. Lieu : 1 place d'Italie 75013 Paris, Paris. Date : 04/06/2026. Description : Le réseau Info Jeunes Paris sera présent pour vous accueillir lors du Forum Formation, Orientation et Accès aux droits organisé le jeudi 4 juin prochain à la Mairie du 13e.  
De nombreux centres de formation et partenaires seront mobilisés pour vous informer, vous orienter et répondre à vos questions.  
Nous vous y attendons nombreuses et nombreux !"
Forum de l'Alternance,"Viens à la rencontre des recruteurs !  
On te donne rendez-vous à une journée spéciale alternance, le 6 mai 2026.  
Viens rencontrer les employeurs et passer des entretiens sur place, découvrir les parcours de formation et les métiers ! N’oublie pas de ramener ton CV en plusieurs exemplaires... et ta bonne humeur !",Paris,4 place du Louvre Paris,75001,2026-05-06 08:00:00+00:00,"Evenement : Forum de l'Alternance. Lieu : 4 place du Louvre Paris, Paris. Date : 06/05/2026. Description : Viens à la rencontre des recruteurs !  
On te donne rendez-vous à une journée spéciale alternance, le 6 mai 2026.  
Viens rencontrer les employeurs et passer des entretiens sur place, découvrir les parcours de formation et les métiers ! N’oublie pas de ramener ton CV en plusieurs exemplaires... et ta bonne humeur !"
Atelier et marche exploratoire,"Après la Balade féministe et poétique d’avril 2025, nous poursuivons l’aventure collective avec une nouvelle marche exploratoire autour des femmes dans l’espace public, du lien au quartier et à la ville.  
Cette nouvelle édition a pour objectif de recueillir de nouveaux témoignages, portraits et récits de vie afin d’enrichir l’exposition participative qui sera présentée en mars 2026, à l’occasion du Mois de l’égalité.  
Avant la marche : un atelier de préparation (2h)  
Un temps de rencontre permettra de se familiariser avec les enjeux de la démarche : quelles questions explorer, quels lieux parcourir, comment collecter la parole des habitant·es et quelles thématiques approfondir. Ensemble, les participant·es définiront le trajet et la méthodologie de la marche.  
La marche exploratoire (2 à 3h – octobre 2025)  
Cette balade féministe et poétique propose d’arpenter le quartier en portant attention aux traces, aux symboles et aux vécus féminins dans l’espace urbain.  
Elle invitera à réfléchir à plusieurs questions :  
Comment les femmes sont-elles représentées dans la ville ?  
Comment vivent-elles et traversent-elles ces espaces ?  
Quels lieux inspirent sécurité, liberté ou au contraire, exclusion ?  
À travers les échanges, les observations et la collecte de paroles, cette marche vise à rendre visibles les expériences plurielles des femmes dans la ville et à nourrir une réflexion sur un urbanisme plus égalitaire, inclusif et poétique.  
Perspectives  
Les témoignages, photos et extraits recueillis viendront nourrir l’exposition collective présentée en mars 2026, dans le cadre du Mois de l’égalité, valorisant les voix, les regards et les récits des femmes du territoire.",Paris,1 rue gouthière,75013,2025-10-21 12:00:00+00:00,"Evenement : Atelier et marche exploratoire. Lieu : 1 rue gouthière, Paris. Date : 21/10/2025. Description : Après la Balade féministe et poétique d’avril 2025, nous poursuivons l’aventure collective avec une nouvelle marche exploratoire autour des femmes dans l’espace public, du lien au quartier et à la ville.  
Cette nouvelle édition a pour objectif de recueillir de nouveaux témoignages, portraits et récits de vie afin d’enrichir l’exposition participative qui sera présentée en mars 2026, à l’occasion du Mois de l’égalité.  
Avant la marche : un atelier de préparation (2h)  
Un temps de rencontre permettra de se familiariser avec les enjeux de la démarche : quelles questions explorer, quels lieux parcourir, comment collecter la parole des habitant·es et quelles thématiques approfondir. Ensemble, les participant·es définiront le trajet et la méthodologie de la marche.  
La marche exploratoire (2 à 3h – octobre 2025)  
Cette balade féministe et poétique propose d’arpenter le quartier en portant attention aux traces, aux symboles et aux vécus féminins dans l’espace urbain.  
Elle invitera à réfléchir à plusieurs questions :  
Comment les femmes sont-elles représentées dans la ville ?  
Comment vivent-elles et traversent-elles ces espaces ?  
Quels lieux inspirent sécurité, liberté ou au contraire, exclusion ?  
À travers les échanges, les observations et la collecte de paroles, cette marche vise à rendre visibles les expériences plurielles des femmes dans la ville et à nourrir une réflexion sur un urbanisme plus égalitaire, inclusif et poétique.  
Perspectives  
Les témoignages, photos et extraits recueillis viendront nourrir l’exposition collective présentée en mars 2026, dans le cadre du Mois de l’égalité, valorisant les voix, les regards et les récits des femmes du territoire."
Forum Bons Plans Étudiants,"Le Centre Paris Anim’ Interclub 17, en partenariat avec l'Annexe Loucheur et l’EPJ le 27, a le plaisir de vous inviter à son Forum Bons Plans Étudiants qui se tiendra le vendredi 10 octobre de 18h à 21h.

Cet événement est pensé pour accompagner les étudiantes et étudiants dans leur quotidien, en leur donnant accès à une multitude d’informations, de contacts et de ressources utiles. Tout au long de la soirée, plusieurs pôles seront présents pour répondre à vos questions et vous orienter :

\- Accès au droit : connaître vos droits et savoir à qui vous adresser.  
\- Logement : trouver des solutions adaptées à vos besoins.  
\- Emploi : découvrir des opportunités professionnelles et obtenir des conseils.  
\- Santé : se repérer dans les dispositifs existants et prendre soin de soi.  
\- Engagement : s’informer sur le bénévolat, le volontariat et l’engagement citoyen.  
\- Loisirs & culture : profiter des bons plans pour se divertir à moindre coût.  
\- Social : bénéficier d’un accompagnement selon vos situations.  
\- Distribution alimentaire : accéder à des aides pour alléger votre budget.

Ce forum est une véritable occasion de rencontrer des acteurs locaux, d’échanger avec des professionnel·les et de repartir avec des conseils pratiques pour mieux vivre votre vie étudiante.

Nous vous attendons nombreuses et nombreux pour partager ce moment convivial et enrichissant au Centre Paris Anim’ Interclub 17 !",Paris,47 rue de Saussure 75017 Paris,75017,2025-10-10 16:00:00+00:00,"Evenement : Forum Bons Plans Étudiants. Lieu : 47 rue de Saussure 75017 Paris, Paris. Date : 10/10/2025. Description : Le Centre Paris Anim’ Interclub 17, en partenariat avec l'Annexe Loucheur et l’EPJ le 27, a le plaisir de vous inviter à son Forum Bons Plans Étudiants qui se tiendra le vendredi 10 octobre de 18h à 21h.

Cet événement est pensé pour accompagner les étudiantes et étudiants dans leur quotidien, en leur donnant accès à une multitude d’informations, de contacts et de ressources utiles. Tout au long de la soirée, plusieurs pôles seront présents pour répondre à vos questions et vous orienter :

\- Accès au droit : connaître vos droits et savoir à qui vous adresser.  
\- Logement : trouver des solutions adaptées à vos besoins.  
\- Emploi : découvrir des opportunités professionnelles et obtenir des conseils.  
\- Santé : se repérer dans les dispositifs existants et prendre soin de soi.  
\- Engagement : s’informer sur le bénévolat, le volontariat et l’engagement citoyen.  
\- Loisirs & culture : profiter des bons plans pour se divertir à moindre coût.  
\- Social : bénéficier d’un accompagnement selon vos situations.  
\- Distribution alimentaire : accéder à des aides pour alléger votre budget.

Ce forum est une véritable occasion de rencontrer des acteurs locaux, d’échanger avec des professionnel·les et de repartir avec des conseils pratiques pour mieux vivre votre vie étudiante.

Nous vous attendons nombreuses et nombreux pour partager ce moment convivial et enrichissant au Centre Paris Anim’ Interclub 17 !"
Ateliers Coaching Emploi : trouver son alternance,Une coach Emploi et l'association Réussir Moi Aussi proposent 4 séances de coaching à l'EPJ Belleville pour maximiser ses chances de trouver son alternance.,Paris,"4 rue Louis Bonnet, Paris 75011",75011,2025-10-08 13:00:00+00:00,"Evenement : Ateliers Coaching Emploi : trouver son alternance. Lieu : 4 rue Louis Bonnet, Paris 75011, Paris. Date : 08/10/2025. Description : Une coach Emploi et l'association Réussir Moi Aussi proposent 4 séances de coaching à l'EPJ Belleville pour maximiser ses chances de trouver son alternance."
Musique en famille,"🎶 En juin, les bébés fredonnent avant de parler, car la vie commence en chanson👶🎶
------------------------------------------------------------------------------------

### Pour les 0-3 ans… et leurs parents !

Venez partager un moment magique avec votre tout-petit !  
Au programme : instruments, comptines, découvertes sonores et beaucoup de tendresse.  
Un atelier tout en douceur, dans un cadre bienveillant et joyeux.

✨**Musique en famille chez @le8petion - Paris 11**  
Réservation : [https://izibaby.fr/atelier/paris-11e-eveil-musical-katia](https://izibaby.fr/atelier/paris-11e-eveil-musical-katia)  
Samedi 14 juin à 9h ou 10h ou 11h15  
Samedi 28 juin à 9h30 ou 10h30 ou 11h30

✨**Moments Musicaux chez @unairdefamille - Paris 10**  
Réservation : [https://izibaby.fr/atelier/paris-10e-eveil-musical-katia](https://izibaby.fr/atelier/paris-10e-eveil-musical-katia)  
Vendredi 27 juin à 10h  
Dimanche 22 juin à 16h ou 17h15

✨Interventions dans plusieurs crèches (Paris 11-15-18)  
✨Apprentissage des comptines au ukulélé (me contacter)  
✨ Formation « mettre en place des ateliers d’éveil » pour les pro de la petite enfance ou toutes personnes travaillant avec les enfants (me contacter)

À très vite de vous retrouver et/ou faire connaissance  
Prenez soin de vous  
Katia 🎶",Paris,8 rue Petion,75011,2025-06-28 09:30:00+00:00,"Evenement : Musique en famille. Lieu : 8 rue Petion, Paris. Date : 28/06/2025. Description : 🎶 En juin, les bébés fredonnent avant de parler, car la vie commence en chanson👶🎶
------------------------------------------------------------------------------------

### Pour les 0-3 ans… et leurs parents !

Venez partager un moment magique avec votre tout-petit !  
Au programme : instruments, comptines, découvertes sonores et beaucoup de tendresse.  
Un atelier tout en douceur, dans un cadre bienveillant et joyeux.

✨**Musique en famille chez @le8petion - Paris 11**  
Réservation : [https://izibaby.fr/atelier/paris-11e-eveil-musical-katia](https://izibaby.fr/atelier/paris-11e-eveil-musical-katia)  
Samedi 14 juin à 9h ou 10h ou 11h15  
Samedi 28 juin à 9h30 ou 10h30 ou 11h30

✨**Moments Musicaux chez @unairdefamille - Paris 10**  
Réservation : [https://izibaby.fr/atelier/paris-10e-eveil-musical-katia](https://izibaby.fr/atelier/paris-10e-eveil-musical-katia)  
Vendredi 27 juin à 10h  
Dimanche 22 juin à 16h ou 17h15

✨Interventions dans plusieurs crèches (Paris 11-15-18)  
✨Apprentissage des comptines au ukulélé (me contacter)  
✨ Formation « mettre en place des ateliers d’éveil » pour les pro de la petite enfance ou toutes personnes travaillant avec les enfants (me contacter)

À très vite de vous retrouver et/ou faire connaissance  
Prenez soin de vous  
Katia 🎶"
Appel à programmation - Scènes du monde au Canal,"**APPEL À PROGRAMMATION OUVERT JUSQU’AU MARDI 30 JUIN À MINUIT (INCLUS)**  
**◈ SAISON 2026-2027 ◈**  
\[ Réservé aux [**artistes adhérent·es**](https://collectifmdm-idf.org/adhesion/) du Collectif MDM \]  
[**Inscription**](https://forms.gle/524VAyHBZuJSRYB28)  
Vous êtes artistes, musicien·nes, chanteurs·euses, danseurs·euses ? 8 dates, 1 date par projet, entre octobre 2026 et mai 2027 vous attendent pour présenter votre projet au cœur de Paris (10e) !  
Consultez les conditions et les critères [**ICI**](https://collectifmdm-idf.org/scene-du-monde-au-canal/5e-editionappel-a-programmation/)  
En partenariat avec l’association [**CRL10**](https://www.crl10.net/), Les Scènes du monde au Canal est un dispositif d’accompagnement à destination des artistes francilien·nes adhérent·es du [**Collectif MDM IdF**](https://collectifmdm-idf.org/).  
Depuis 5 ans, en juin de chaque année, un appel à candidature est envoyé aux artistes pour être programmé·es à la Scène du Canal – Espace Jemmapes (Paris,10e) sur l’une des huit dates définies pour la saison culturelle à venir (d’octobre à mai).  
En septembre, une journée collective de préparation au concert réunie les projets sélectionnés, leur permettant ainsi de réfléchir, ensemble, à leurs objectifs respectifs en lien avec leur date (pourquoi faire partie de cette programmation, comment utiliser l’événement dans la stratégie de développement et d’évolution de carrière, …).  
Le dispositif amène également les artistes à s’engager dans un travail de réflexion autour de la communication et du développement des publics, nécessaire au remplissage de la salle.  
contact : [jeanbaptiste@collectifmdm-idf.fr](mailto:jeanbaptiste@collectifmdm-idf.fr)",Paris,"116 Quai de Jemmapes, 75010 Paris",75010,2026-06-25 22:00:00+00:00,"Evenement : Appel à programmation - Scènes du monde au Canal. Lieu : 116 Quai de Jemmapes, 75010 Paris, Paris. Date : 25/06/2026. Description : **APPEL À PROGRAMMATION OUVERT JUSQU’AU MARDI 30 JUIN À MINUIT (INCLUS)**  
**◈ SAISON 2026-2027 ◈**  
\[ Réservé aux [**artistes adhérent·es**](https://collectifmdm-idf.org/adhesion/) du Collectif MDM \]  
[**Inscription**](https://forms.gle/524VAyHBZuJSRYB28)  
Vous êtes artistes, musicien·nes, chanteurs·euses, danseurs·euses ? 8 dates, 1 date par projet, entre octobre 2026 et mai 2027 vous attendent pour présenter votre projet au cœur de Paris (10e) !  
Consultez les conditions et les critères [**ICI**](https://collectifmdm-idf.org/scene-du-monde-au-canal/5e-editionappel-a-programmation/)  
En partenariat avec l’association [**CRL10**](https://www.crl10.net/), Les Scènes du monde au Canal est un dispositif d’accompagnement à destination des artistes francilien·nes adhérent·es du [**Collectif MDM IdF**](https://collectifmdm-idf.org/).  
Depuis 5 ans, en juin de chaque année, un appel à candidature est envoyé aux artistes pour être programmé·es à la Scène du Canal – Espace Jemmapes (Paris,10e) sur l’une des huit dates définies pour la saison culturelle à venir (d’octobre à mai).  
En septembre, une journée collective de préparation au concert réunie les projets sélectionnés, leur permettant ainsi de réfléchir, ensemble, à leurs objectifs respectifs en lien avec leur date (pourquoi faire partie de cette programmation, comment utiliser l’événement dans la stratégie de développement et d’évolution de carrière, …).  
Le dispositif amène également les artistes à s’engager dans un travail de réflexion autour de la communication et du développement des publics, nécessaire au remplissage de la salle.  
contact : [jeanbaptiste@collectifmdm-idf.fr](mailto:jeanbaptiste@collectifmdm-idf.fr)"
"Exposition ""Grands Lacs - L’horizon commun des mers intérieures"", Robert Burley","Vernissage le 6 juin 2026, dans le cadre de Nuit Blanche

Enjambant la frontière entre le Canada et les Etats-Unis, la faisant disparaitre dans sa colossale masse fluide, le bassin des Grands Lacs réunit sur son pourtour des millions d’habitants, parmi lesquels des Autochtones de nombreuses Premières Nations du Canada et tribus américaines. Ressource extraordinaire d’eau potable de surface (parmi les plus importantes au monde) ; lieu de circulation et d’échange, de commerce, de travail, de loisirs, de voyage, de méditation, mais aussi d’exploitation, de danger, de vulnérabilité ; cet immense bassin a été observé depuis la diversité de ses rives par Robert Burley, l’un des plus importants photographes canadiens de notre époque.

L’artiste réalise ici un corpus aussi inédit qu’exceptionnel, où la beauté grandiose de cet insaisissable ensemble, tantôt apaisante tantôt inquiétante, se transforme en une réflexion sur la puissance de l’image contemporaine. Dépouillées de toute diversion anecdotique, renvoyant les Grands Lacs à leur grandeur première, les photographies de Robert Burley appellent le spectateur telles d’envoûtantes sirènes.

Commissaire : Catherine Bédard

En partenariat avec Biinaagami, Swim Drink Fish et Canadian Geographic

Ce projet est labellisé Bicentenaire de la Photographie par le ministère de la Culture et s’inscrit dans la programmation officielle du Bicentenaire du 1er septembre 2026 au 30 septembre 2027.",Paris,"130, rue du Faubourg Saint-Honoré 75008 Paris",75008,2026-06-26 08:00:00+00:00,"Evenement : Exposition ""Grands Lacs - L’horizon commun des mers intérieures"", Robert Burley. Lieu : 130, rue du Faubourg Saint-Honoré 75008 Paris, Paris. Date : 26/06/2026. Description : Vernissage le 6 juin 2026, dans le cadre de Nuit Blanche

Enjambant la frontière entre le Canada et les Etats-Unis, la faisant disparaitre dans sa colossale masse fluide, le bassin des Grands Lacs réunit sur son pourtour des millions d’habitants, parmi lesquels des Autochtones de nombreuses Premières Nations du Canada et tribus américaines. Ressource extraordinaire d’eau potable de surface (parmi les plus importantes au monde) ; lieu de circulation et d’échange, de commerce, de travail, de loisirs, de voyage, de méditation, mais aussi d’exploitation, de danger, de vulnérabilité ; cet immense bassin a été observé depuis la diversité de ses rives par Robert Burley, l’un des plus importants photographes canadiens de notre époque.

L’artiste réalise ici un corpus aussi inédit qu’exceptionnel, où la beauté grandiose de cet insaisissable ensemble, tantôt apaisante tantôt inquiétante, se transforme en une réflexion sur la puissance de l’image contemporaine. Dépouillées de toute diversion anecdotique, renvoyant les Grands Lacs à leur grandeur première, les photographies de Robert Burley appellent le spectateur telles d’envoûtantes sirènes.

Commissaire : Catherine Bédard

En partenariat avec Biinaagami, Swim Drink Fish et Canadian Geographic

Ce projet est labellisé Bicentenaire de la Photographie par le ministère de la Culture et s’inscrit dans la programmation officielle du Bicentenaire du 1er septembre 2026 au 30 septembre 2027."
"Exposition « Couleurs de Corée, Lumière sur l’art contemporain coréen »","La couleur traverse tous les aspects de la vie et se charge, selon les cultures, de significations multiples. En Corée, cinq couleurs fondamentales – le blanc, le noir, le rouge, le jaune et le bleu – sont associées aux cinq éléments et au principe du yin et du yang, incarnant une esthétique singulière profondément ancrée dans l’histoire et la culture. Dans l’art, traditionnel comme contemporain, la couleur n’est pas seulement une préoccupation formelle : elle agit comme vecteur de sens, reliant les œuvres à un imaginaire collectif, à des symboliques anciennes et à une diversité de lectures culturelles.

L’exposition « Couleurs de Corée, Lumière sur l’art contemporain coréen », présentée au Centre Culturel Coréen à l’occasion du 140ᵉ anniversaire des relations diplomatiques entre la France et la Corée, propose un dialogue entre tradition et création contemporaine en réunissant des œuvres aux proximités formelles. À travers les réalisations de 34 artistes – de grands maîtres aux jeunes talents – couvrant un large spectre de pratiques, de la peinture à la sculpture, de la photographie à l’installation, jusqu’à l’art numérique, l’exposition met à l’honneur les couleurs de la Corée et invite à contempler des œuvres à l’aune de critères durables et intemporels, offrant ainsi un regard renouvelé sur les enjeux de notre époque et sur les perspectives de demain.

Parmi les figures majeures présentées figurent LEE Ungno, KIM Tschang-Yeul, PARK Seo-Bo, HA Chong-Hyun, et bien d’autres, qui ont marqué l’histoire de l’art par la force et la singularité de leur esthétique. À leurs côtés, des artistes contemporains en pleine effervescence – tels que Yeesookyung, KIM Yunchul, Anicka YI, Jin MEYERSON – contribuent à enrichir la scène artistique avec des œuvres aux couleurs vibrantes.

Au croisement des générations et des médiums, l’exposition « Couleurs de Corée » invite à percevoir la couleur comme un langage universel, capable de transmettre la mémoire d’une culture tout en éclairant les réalités d’aujourd’hui et les contours de notre avenir.

Cette exposition se déroule dans le cadre de Némo – Biennale internationale des arts numériques de la Région Île-de-France, produite par le CENTQUATRE-PARIS, du 11 octobre 2025 au 11 janvier 2026 dans 24 lieux en Île-de-France.",Paris,"20 Rue La Boétie, 75008 Paris",75008,2026-06-26 08:00:00+00:00,"Evenement : Exposition « Couleurs de Corée, Lumière sur l’art contemporain coréen ». Lieu : 20 Rue La Boétie, 75008 Paris, Paris. Date : 26/06/2026. Description : La couleur traverse tous les aspects de la vie et se charge, selon les cultures, de significations multiples. En Corée, cinq couleurs fondamentales – le blanc, le noir, le rouge, le jaune et le bleu – sont associées aux cinq éléments et au principe du yin et du yang, incarnant une esthétique singulière profondément ancrée dans l’histoire et la culture. Dans l’art, traditionnel comme contemporain, la couleur n’est pas seulement une préoccupation formelle : elle agit comme vecteur de sens, reliant les œuvres à un imaginaire collectif, à des symboliques anciennes et à une diversité de lectures culturelles.

L’exposition « Couleurs de Corée, Lumière sur l’art contemporain coréen », présentée au Centre Culturel Coréen à l’occasion du 140ᵉ anniversaire des relations diplomatiques entre la France et la Corée, propose un dialogue entre tradition et création contemporaine en réunissant des œuvres aux proximités formelles. À travers les réalisations de 34 artistes – de grands maîtres aux jeunes talents – couvrant un large spectre de pratiques, de la peinture à la sculpture, de la photographie à l’installation, jusqu’à l’art numérique, l’exposition met à l’honneur les couleurs de la Corée et invite à contempler des œuvres à l’aune de critères durables et intemporels, offrant ainsi un regard renouvelé sur les enjeux de notre époque et sur les perspectives de demain.

Parmi les figures majeures présentées figurent LEE Ungno, KIM Tschang-Yeul, PARK Seo-Bo, HA Chong-Hyun, et bien d’autres, qui ont marqué l’histoire de l’art par la force et la singularité de leur esthétique. À leurs côtés, des artistes contemporains en pleine effervescence – tels que Yeesookyung, KIM Yunchul, Anicka YI, Jin MEYERSON – contribuent à enrichir la scène artistique avec des œuvres aux couleurs vibrantes.

Au croisement des générations et des médiums, l’exposition « Couleurs de Corée » invite à percevoir la couleur comme un langage universel, capable de transmettre la mémoire d’une culture tout en éclairant les réalités d’aujourd’hui et les contours de notre avenir.

Cette exposition se déroule dans le cadre de Némo – Biennale internationale des arts numériques de la Région Île-de-France, produite par le CENTQUATRE-PARIS, du 11 octobre 2025 au 11 janvier 2026 dans 24 lieux en Île-de-France."
Installation : Genki-nobori de Susumu Shingu,"Les Genki-nobori, manches à air imaginées par l’artiste japonais Susumu Shingu après le séisme et le tsunami de Tōhoku en 2011, investissent la cour d'honneur de l'Hôtel de la Marine.",Paris,"2, Place de la Concorde 75008 Paris",75008,2026-06-26 08:00:00+00:00,"Evenement : Installation : Genki-nobori de Susumu Shingu. Lieu : 2, Place de la Concorde 75008 Paris, Paris. Date : 26/06/2026. Description : Les Genki-nobori, manches à air imaginées par l’artiste japonais Susumu Shingu après le séisme et le tsunami de Tōhoku en 2011, investissent la cour d'honneur de l'Hôtel de la Marine."
Étienne Moyat « Ligne de vie »,"Chez Étienne Moyat, la création n’est jamais envisagée comme un aboutissement, mais comme un cheminement permanent au sein de sa pratique artistique. Soucieux de ne pas rompre avec le passé, l’artiste inscrit son travail dans une continuité où le geste, la matière et la mémoire sont indissociables. À partir du moment où un chemin est choisi, le reste en émane naturellement. Ce chemin demeure volontairement ouvert, en construction, sans finalité figée.

Ébéniste de formation, Étienne Moyat travaille directement à partir d’arbres sciés en plateaux, selon le principe de la taille directe. Comme Brancusi, il considère le bois non comme un simple matériau, mais comme une matière vivante, porteuse de temps, d’histoire et d’énergie. Il le sculpte, le brûle, le brosse et le peint dans un rapport respectueux et attentif à ce que le matériau peut révéler. L’usage de la tronçonneuse, outil paradoxalement libérateur, autorise un geste à la fois libre, instinctif et maîtrisé.

L’ensemble de panneaux sculptés et de sculptures en bois de l’artiste, où les surfaces sont parcourues de lignes fluides, de strates et de rythmes, témoignent d’une pratique consciente et mesurée, où la technique s’efface au profit d’une expérience sensible. Elles s’inscrivent dans une logique transitoire et fragile, fondée sur une recherche permanente d’équilibre.

Ponctuant ce corpus sculptural, l’exposition présente également une sélection de peintures récentes, qui constituent un nouveau développement dans la pratique de l’artiste. Abordée avec une grande liberté de geste et d’émotion, la peinture prolonge les questionnements de la sculpture en explorant, par d’autres moyens, le rapport au geste, au rythme et au temps. Elle constitue un espace d’expérimentation où l’énergie circule différemment, sans rompre avec les enjeux du travail sculptural. Inspiré par l’expressionnisme abstrait, le néo-expressionnisme et le primitivisme, Étienne Moyat travaille sur de grands formats dans une approche spontanée et instinctive. Couleurs vives, couches épaisses et compositions rythmées font de la peinture un espace d’exploration sensible, en résonance avec le travail du bois.

Qu’il sculpte ou qu’il peigne, Étienne Moyat interroge notre lien au vivant, à l’espace et au temps. Son travail se situe dans un rapport direct à la matière et au geste, invitant le regard à une expérience émotionnelle.",Paris,"14-16 Rue Jean-Jacques Rousseau, 75001 Paris",75001,2026-06-26 08:00:00+00:00,"Evenement : Étienne Moyat « Ligne de vie ». Lieu : 14-16 Rue Jean-Jacques Rousseau, 75001 Paris, Paris. Date : 26/06/2026. Description : Chez Étienne Moyat, la création n’est jamais envisagée comme un aboutissement, mais comme un cheminement permanent au sein de sa pratique artistique. Soucieux de ne pas rompre avec le passé, l’artiste inscrit son travail dans une continuité où le geste, la matière et la mémoire sont indissociables. À partir du moment où un chemin est choisi, le reste en émane naturellement. Ce chemin demeure volontairement ouvert, en construction, sans finalité figée.

Ébéniste de formation, Étienne Moyat travaille directement à partir d’arbres sciés en plateaux, selon le principe de la taille directe. Comme Brancusi, il considère le bois non comme un simple matériau, mais comme une matière vivante, porteuse de temps, d’histoire et d’énergie. Il le sculpte, le brûle, le brosse et le peint dans un rapport respectueux et attentif à ce que le matériau peut révéler. L’usage de la tronçonneuse, outil paradoxalement libérateur, autorise un geste à la fois libre, instinctif et maîtrisé.

L’ensemble de panneaux sculptés et de sculptures en bois de l’artiste, où les surfaces sont parcourues de lignes fluides, de strates et de rythmes, témoignent d’une pratique consciente et mesurée, où la technique s’efface au profit d’une expérience sensible. Elles s’inscrivent dans une logique transitoire et fragile, fondée sur une recherche permanente d’équilibre.

Ponctuant ce corpus sculptural, l’exposition présente également une sélection de peintures récentes, qui constituent un nouveau développement dans la pratique de l’artiste. Abordée avec une grande liberté de geste et d’émotion, la peinture prolonge les questionnements de la sculpture en explorant, par d’autres moyens, le rapport au geste, au rythme et au temps. Elle constitue un espace d’expérimentation où l’énergie circule différemment, sans rompre avec les enjeux du travail sculptural. Inspiré par l’expressionnisme abstrait, le néo-expressionnisme et le primitivisme, Étienne Moyat travaille sur de grands formats dans une approche spontanée et instinctive. Couleurs vives, couches épaisses et compositions rythmées font de la peinture un espace d’exploration sensible, en résonance avec le travail du bois.

Qu’il sculpte ou qu’il peigne, Étienne Moyat interroge notre lien au vivant, à l’espace et au temps. Son travail se situe dans un rapport direct à la matière et au geste, invitant le regard à une expérience émotionnelle."
Interpréter sur scène une œuvre chantée dans les musiques actuelles – Parcours Intensif,"**Interpréter sur scène une œuvre chantée dans les musiques actuelles – Parcours Intensif**  
Préparez-vous à la scène !  
3 semaines en petit groupe pour créer, expérimenter et partager des techniques d’interprétation dans les conditions réelles d’un concert.",Paris,124 avenue de la république 75011 paris,75011,2026-06-26 08:00:00+00:00,"Evenement : Interpréter sur scène une œuvre chantée dans les musiques actuelles – Parcours Intensif. Lieu : 124 avenue de la république 75011 paris, Paris. Date : 26/06/2026. Description : **Interpréter sur scène une œuvre chantée dans les musiques actuelles – Parcours Intensif**  
Préparez-vous à la scène !  
3 semaines en petit groupe pour créer, expérimenter et partager des techniques d’interprétation dans les conditions réelles d’un concert."
Kollektivet,"**Kollektivet – Illustration finlandaise contemporaine**  
**Exposition du 23 mai au 18 juillet 2026**  
**Inauguration le vendredi 22 mai de 18h à 20h**

Du 23 mai au 18 juillet 2026 à l’Institut finlandais, l’exposition Kollektivet réunit une sélection des meilleures illustratrices contemporaines finlandaises : Linda Bondestam, Jenni Erkintalo, Lena Frölander-Ulf, Edith Hammar, Maija Hurme, Erika Kallasmaa, Jenny Lucander, Laura Merz, Sanna Pelliccioni et Maria Sann. Ensemble, elles nous invitent à découvrir l’univers ludique, inspirant et inclusif de l’illustration, un art qui ne recule pas devant les sujets difficiles, tout en faisant place à l’espoir. Les livres illustrés sont des œuvres à part entière. Cette exposition rassemble le travail de ces dix illustratrices sous un même toit, leur consacrant chacune un espace, tout en offrant un aperçu du processus créatif, de l’esquisse à l’œuvre finale.

Le livre illustré finlandais connaît actuellement un véritable essor grâce au travail courageux et de longue durée accompli en faveur de ce format par les maisons d’édition, les mécènes et la recherche. Parmi les artistes présentées dans cette exposition, plusieurs ont été primées, tant dans les pays nordiques qu’à l’international. Elles représentent un groupe d’artistes publiant activement de nouveaux ouvrages et qui, avec courage et persévérance, interrogent sans cesse la forme actuelle et future du livre illustré.

Kollektivet est une exposition qui valorise la culture destinée aux enfants. Le livre illustré est un genre artistique à part entière nous invitant à remettre en question la distinction entre « culture » et « culture destinée aux enfants ». La culture a de la valeur, quel que soit son public cible.

L’exposition s’adresse à toutes celles et ceux qui s’intéressent à l’illustration, qui souhaitent découvrir le monde à travers les yeux des enfants et qui veulent vivre la magie des histoires.

**À VOS AGENDAS !**

**19, 20 & 21 MAI**  
Venez voir la magie opérer ! Les illustratrices de Kollektivet investissent le grand mur du Café Maa pour créer sous nos yeux une peinture murale haute en couleur, pendant les heures d’ouverture.

**VENDREDI 22 MAI**  
Vernissage en présence des artistes de 18h à 20h, entrée libre !  

L’exposition est organisée avec Jenny Ingman, Mia-Irene Sundqvist, Andrei Palomäki et Johanna Stenback, en collaboration avec Moomin Characters, Swedish Cultural Foundation in Finland, Brita Maria Renlund Memorial Foundation, Amos Anderson Fund et Tre Smeder Foundation.

#kollektivetart",Paris,60 rue des Écoles,75005,2026-06-25 09:00:00+00:00,"Evenement : Kollektivet. Lieu : 60 rue des Écoles, Paris. Date : 25/06/2026. Description : **Kollektivet – Illustration finlandaise contemporaine**  
**Exposition du 23 mai au 18 juillet 2026**  
**Inauguration le vendredi 22 mai de 18h à 20h**

Du 23 mai au 18 juillet 2026 à l’Institut finlandais, l’exposition Kollektivet réunit une sélection des meilleures illustratrices contemporaines finlandaises : Linda Bondestam, Jenni Erkintalo, Lena Frölander-Ulf, Edith Hammar, Maija Hurme, Erika Kallasmaa, Jenny Lucander, Laura Merz, Sanna Pelliccioni et Maria Sann. Ensemble, elles nous invitent à découvrir l’univers ludique, inspirant et inclusif de l’illustration, un art qui ne recule pas devant les sujets difficiles, tout en faisant place à l’espoir. Les livres illustrés sont des œuvres à part entière. Cette exposition rassemble le travail de ces dix illustratrices sous un même toit, leur consacrant chacune un espace, tout en offrant un aperçu du processus créatif, de l’esquisse à l’œuvre finale.

Le livre illustré finlandais connaît actuellement un véritable essor grâce au travail courageux et de longue durée accompli en faveur de ce format par les maisons d’édition, les mécènes et la recherche. Parmi les artistes présentées dans cette exposition, plusieurs ont été primées, tant dans les pays nordiques qu’à l’international. Elles représentent un groupe d’artistes publiant activement de nouveaux ouvrages et qui, avec courage et persévérance, interrogent sans cesse la forme actuelle et future du livre illustré.

Kollektivet est une exposition qui valorise la culture destinée aux enfants. Le livre illustré est un genre artistique à part entière nous invitant à remettre en question la distinction entre « culture » et « culture destinée aux enfants ». La culture a de la valeur, quel que soit son public cible.

L’exposition s’adresse à toutes celles et ceux qui s’intéressent à l’illustration, qui souhaitent découvrir le monde à travers les yeux des enfants et qui veulent vivre la magie des histoires.

**À VOS AGENDAS !**

**19, 20 & 21 MAI**  
Venez voir la magie opérer ! Les illustratrices de Kollektivet investissent le grand mur du Café Maa pour créer sous nos yeux une peinture murale haute en couleur, pendant les heures d’ouverture.

**VENDREDI 22 MAI**  
Vernissage en présence des artistes de 18h à 20h, entrée libre !  

L’exposition est organisée avec Jenny Ingman, Mia-Irene Sundqvist, Andrei Palomäki et Johanna Stenback, en collaboration avec Moomin Characters, Swedish Cultural Foundation in Finland, Brita Maria Renlund Memorial Foundation, Amos Anderson Fund et Tre Smeder Foundation.

#kollektivetart"
"PME, Comment exploiter la richesse de vos données?","[**Un court webinaire (10 min.) à destination des dirigeants de PME, accessible à tout moment en replay**](https://torsyconseil.fr/webinaires/)

_**Thématique et objectif:**_ Le numérique vous apporte une mine d'informations sur vos clients et votre activité, encore faut-il être en capacité de les exploiter.

Ce webinaire vous donne des **repères méthodologiques adaptés aux PME**, ainsi qu'un **retour d'expérience**, pour **construire une stratégie globale de gestion et d'exploitation de la donnée** (gouvernance, qualité, valorisation et innovation) **— créatrice de valeur et au service de votre développement.**

⮚ Des retours d’expérience terrain par Catherine Torsy, DSI à temps partagé auprès des PME  
⮚ Des repères concrets pour éclairer vos décisions SI  
⮚ Pas de jargon, ni de discours commercial

**Librement en replay sur** [**https://torsyconseil.fr/webinaires/**](https://torsyconseil.fr/webinaires/)  
  
  
  
  
Image créé par Jcomp ([www.freepik.com](www.freepik.com))",Paris,paris,,2026-06-25 10:00:00+00:00,"Evenement : PME, Comment exploiter la richesse de vos données?. Lieu : paris, Paris. Date : 25/06/2026. Description : [**Un court webinaire (10 min.) à destination des dirigeants de PME, accessible à tout moment en replay**](https://torsyconseil.fr/webinaires/)

_**Thématique et objectif:**_ Le numérique vous apporte une mine d'informations sur vos clients et votre activité, encore faut-il être en capacité de les exploiter.

Ce webinaire vous donne des **repères méthodologiques adaptés aux PME**, ainsi qu'un **retour d'expérience**, pour **construire une stratégie globale de gestion et d'exploitation de la donnée** (gouvernance, qualité, valorisation et innovation) **— créatrice de valeur et au service de votre développement.**

⮚ Des retours d’expérience terrain par Catherine Torsy, DSI à temps partagé auprès des PME  
⮚ Des repères concrets pour éclairer vos décisions SI  
⮚ Pas de jargon, ni de discours commercial

**Librement en replay sur** [**https://torsyconseil.fr/webinaires/**](https://torsyconseil.fr/webinaires/)  
  
  
  
  
Image créé par Jcomp ([www.freepik.com](www.freepik.com))"
"Créer le cristal, Voyage entre art et science","Créer le cristal, Voyage entre art et science
---------------------------------------------

Jusqu'au 02/01/2027  
L’exposition Créer le cristal, Voyage entre art et science explore une partie de l’immense champ des synthèses cristallines, depuis la fabrication des premières pierres précieuses aux nouveaux matériaux, de plus en plus présents dans notre quotidien. Vous découvrirez comment les cristaux, dans tous leurs états, et à différentes échelles, entrent dans la composition de nombreux outils ou objets du quotidien, et permettent de mieux comprendre le fonctionnement ou le dysfonctionnement du vivant.  
Puis, au-delà de la technique et de l’innovation, vous serez témoin d’une rencontre, d’un dialogue sensible et réflexif au sein de deux laboratoires : celui du scientifique et celui de l’artiste - entre recherches, innovations industrielles et créations artistiques.  
L’exposition vous invitera à entrer dans les univers de plusieurs artistes, inspirés par la science, la matière, la croissance et le « contrôle » du hasard. Les créations d'Ada Yu (ADA), Léa Barbazanges, Vincent Gontier, ainsi que les superbes photos de Robin Guittat, tisseront un dialogue poétique et esthétique avec l’histoire ancienne et présente de la recherche sur la synthèse cristalline d’origine inorganique et organique.",Paris,4 place Jussieu 75005,75005,2026-06-25 11:00:00+00:00,"Evenement : Créer le cristal, Voyage entre art et science. Lieu : 4 place Jussieu 75005, Paris. Date : 25/06/2026. Description : Créer le cristal, Voyage entre art et science
---------------------------------------------

Jusqu'au 02/01/2027  
L’exposition Créer le cristal, Voyage entre art et science explore une partie de l’immense champ des synthèses cristallines, depuis la fabrication des premières pierres précieuses aux nouveaux matériaux, de plus en plus présents dans notre quotidien. Vous découvrirez comment les cristaux, dans tous leurs états, et à différentes échelles, entrent dans la composition de nombreux outils ou objets du quotidien, et permettent de mieux comprendre le fonctionnement ou le dysfonctionnement du vivant.  
Puis, au-delà de la technique et de l’innovation, vous serez témoin d’une rencontre, d’un dialogue sensible et réflexif au sein de deux laboratoires : celui du scientifique et celui de l’artiste - entre recherches, innovations industrielles et créations artistiques.  
L’exposition vous invitera à entrer dans les univers de plusieurs artistes, inspirés par la science, la matière, la croissance et le « contrôle » du hasard. Les créations d'Ada Yu (ADA), Léa Barbazanges, Vincent Gontier, ainsi que les superbes photos de Robin Guittat, tisseront un dialogue poétique et esthétique avec l’histoire ancienne et présente de la recherche sur la synthèse cristalline d’origine inorganique et organique."
Mai-Thu Perret - Othermothers,"[...] , ainsi qu’une installation sonore réalisée en collaboration avec l’autrice britannique Tamara Barnett-Herrin.

Depuis la fin des années 1990, Mai-Thu Perret déploie une recherche plastique et théorique, entrelaçant les références historiques, artistiques et littéraires, les récits alternatifs féministes et les savoir-faire techniques. L’artiste imagine notamment dès 1999 la fiction *The Crystal Frontier*, le récit d’une communauté autonome féministe installée au Nouveau-Mexique, qu’elle utilise pour générer des oeuvres, objets, tapisseries, peintures, chansons et légendes censées avoir été produites par ses personnages. Plus tard, dans la série de sculptures intitulées *Les Guérillères*, 2016, elle s’inspire des combattantes kurdes de l’état libre du Rojava ainsi que du roman éponyme de Monique Wittig. Fragments polyphoniques d’une société utopique, les oeuvres de l’artiste s’imprègnent de l’histoire de différentes géographies et des réalités, conflits et résistances contemporaines.

Prolongeant cette approche politique et symbolique, *Othermothers* nous transporte à la lisière du spirituel. L’exposition compose un espace céleste peuplé de divinités puissantes et de créatures espiègles. Hybridant les matières et les mythologies, Mai-Thu Perret brouille nos repères et introduit une nouvelle dynastie de déesses, mères et guerrières. Sous le regard d’oiseaux de verre et de nuages de papier apparaît une assemblée de déités où se rencontrent notamment les émanations chimériques de Diane, divinité latine de la lune, de la fertilité et de la chasse et de Nout, déesse égyptienne du ciel et mère des étoiles, dont le corps-voûte céleste avale chaque soir le soleil pour le remettre au monde au matin. Déesses nocturnes et astrales, oeuf cosmique radiant et génies zoomorphes, ces figures composent un nouvel horizon créateur, les habitantes d’un domaine vibrant, infini, indéfini.

Le titre de l’exposition est emprunté à un chapitre du livre *Matrescence : On the Metamorphosis of Pregnancy, Childbirth and Motherhood* (ed. Penguin, 2024). Dans cet ouvrage, l’autrice et journaliste des sciences Lucy Jones explore les métamorphoses radicales sur le corps et l’esprit qui accompagnent la maternité. Le chapitre « Othermothers » décrit la solidarité et l’entraide entre femelles animales dans le soin des nouveau-né.es, allant jusqu’à l’adoption chez certaines espèces comme la chauve-souris ou la renarde. L’exposition convoque ainsi la puissance matricielle d’une communauté syncrétique, la potentialité d’une généalogie collective. Naviguant du poème à la céramique, du papier sculpté au bronze, du verre au néon, Mai-Thu Perret déploie une pratique à la fois critique et onirique, convoquant de nouvelles cosmogonies dissidentes et la possibilité d’un regard émancipé sur le monde.

[Plus d’informations sur notre site web](https://ccsparis.com/evenements/mai-thu-perret-othermothers/)",Paris,"32 rue des Francs-Bourgeois, Paris",75003,2026-06-25 12:00:00+00:00,"Evenement : Mai-Thu Perret - Othermothers. Lieu : 32 rue des Francs-Bourgeois, Paris, Paris. Date : 25/06/2026. Description : [...] , ainsi qu’une installation sonore réalisée en collaboration avec l’autrice britannique Tamara Barnett-Herrin.

Depuis la fin des années 1990, Mai-Thu Perret déploie une recherche plastique et théorique, entrelaçant les références historiques, artistiques et littéraires, les récits alternatifs féministes et les savoir-faire techniques. L’artiste imagine notamment dès 1999 la fiction *The Crystal Frontier*, le récit d’une communauté autonome féministe installée au Nouveau-Mexique, qu’elle utilise pour générer des oeuvres, objets, tapisseries, peintures, chansons et légendes censées avoir été produites par ses personnages. Plus tard, dans la série de sculptures intitulées *Les Guérillères*, 2016, elle s’inspire des combattantes kurdes de l’état libre du Rojava ainsi que du roman éponyme de Monique Wittig. Fragments polyphoniques d’une société utopique, les oeuvres de l’artiste s’imprègnent de l’histoire de différentes géographies et des réalités, conflits et résistances contemporaines.

Prolongeant cette approche politique et symbolique, *Othermothers* nous transporte à la lisière du spirituel. L’exposition compose un espace céleste peuplé de divinités puissantes et de créatures espiègles. Hybridant les matières et les mythologies, Mai-Thu Perret brouille nos repères et introduit une nouvelle dynastie de déesses, mères et guerrières. Sous le regard d’oiseaux de verre et de nuages de papier apparaît une assemblée de déités où se rencontrent notamment les émanations chimériques de Diane, divinité latine de la lune, de la fertilité et de la chasse et de Nout, déesse égyptienne du ciel et mère des étoiles, dont le corps-voûte céleste avale chaque soir le soleil pour le remettre au monde au matin. Déesses nocturnes et astrales, oeuf cosmique radiant et génies zoomorphes, ces figures composent un nouvel horizon créateur, les habitantes d’un domaine vibrant, infini, indéfini.

Le titre de l’exposition est emprunté à un chapitre du livre *Matrescence : On the Metamorphosis of Pregnancy, Childbirth and Motherhood* (ed. Penguin, 2024). Dans cet ouvrage, l’autrice et journaliste des sciences Lucy Jones explore les métamorphoses radicales sur le corps et l’esprit qui accompagnent la maternité. Le chapitre « Othermothers » décrit la solidarité et l’entraide entre femelles animales dans le soin des nouveau-né.es, allant jusqu’à l’adoption chez certaines espèces comme la chauve-souris ou la renarde. L’exposition convoque ainsi la puissance matricielle d’une communauté syncrétique, la potentialité d’une généalogie collective. Naviguant du poème à la céramique, du papier sculpté au bronze, du verre au néon, Mai-Thu Perret déploie une pratique à la fois critique et onirique, convoquant de nouvelles cosmogonies dissidentes et la possibilité d’un regard émancipé sur le monde.

[Plus d’informations sur notre site web](https://ccsparis.com/evenements/mai-thu-perret-othermothers/)"
Akosua Viktoria Adu-Sanyah - no flowers,"[...] , sa première exposition monographique en France.

*no flowers* est un nouveau volet de la recherche *DELIRIUM* initiée par l’artiste en 2021. Ce riche corpus photographique prend racine dans un dialogue entre photographies, transformations générées par l’intelligence artificielle, expérimentations en chambre noire et cheminement du deuil.

En 2016, durant ce qui devait être une opération de routine, le père de l’artiste perd près des trois quarts de son sang et ne reçoit ni transfusion ni soins nécessaires. Une négligence médicale aux conséquences dramatiques, enracinée au coeur du racisme institutionnel et médical. *DELIRIUM* accompagne et saisit le processus de perte, la maladie, la cécité, l’isolation sensorielle, puis le décès du père de l’artiste en 2021. Les images photographiques qui le composent dévoilent un rapport halluciné au monde et une lente disparition dans l’obscur : une inéluctable sortie de ce que l’on appelle collectivement le réel. En 2022, Akosua Viktoria Adu-Sanyah transmet à une IA génératrice d’images d’ancienne génération des photographies de la vie quotidienne de son père saisies à partir de 2020, sans aucun prompt. La machine lui en restitue sa propre vision, à la lisière de la réalité, du rêve et du cauchemar. Transférées sur films négatifs, ces images chimériques sont ensuite développées à la main par l’artiste, en chambre noire, au cours d’un travail complexe d’où jaillissent d’extraordinaires lumières et couleurs.

*no flowers* poursuit cette exploration et convoque de manière directe l’impact de l’absence. Car lorsque son père décède au Ghana, son pays natal, durant la pandémie, Akosua Viktoria Adu-Sanyah est en Europe. « I couldn’t say goodbye ». Pas d’adieux, pas de cérémonie, pas de tombe, pas de fleurs. Alors, de photographies de bouquets séchés et digérées par l’IA, l’artiste fait naître de nouvelles formes hantées, un jardin impossible. Une étendue de fleurs à la fois irréelles et tangibles, impalpables et infiniment présentes. Révélant la nature inexprimable de la douleur, l’exposition dévoile également des fragments de textes - images, tirés du rapport médical du père de l’artiste. En collaboration avec une IA conversationnelle, Akosua Viktoria Adu-Sanyah redéfinit les termes déshumanisants qui composent la longue liste de symptômes. Grâce à un procédé d’impression par contact, un nouveau lexique apparaît sur le papier photosensible, portant la trace de morceaux de ruban adhésif, rayures et imperfections présents sur la plaque de verre. Témoins de la violence du langage scientifique, ces oeuvres suggèrent également les potentialités résistantes de la matière et du geste et la tendresse d’une réappropriation poétique du trouble.

*no flowers* se saisit alors comme une tentative de s’emparer de l’indicible, de le transfigurer. La répétition fertile, infatigable et indisciplinée d’un geste de réparation, de dignité, de mémoire.

[Plus d’informations sur notre site web](https://ccsparis.com/evenements/akosua-viktoria-adu-sanyah/)",Paris,"32 rue des Francs-Bourgeois, Paris",75003,2026-06-25 12:00:00+00:00,"Evenement : Akosua Viktoria Adu-Sanyah - no flowers. Lieu : 32 rue des Francs-Bourgeois, Paris, Paris. Date : 25/06/2026. Description : [...] , sa première exposition monographique en France.

*no flowers* est un nouveau volet de la recherche *DELIRIUM* initiée par l’artiste en 2021. Ce riche corpus photographique prend racine dans un dialogue entre photographies, transformations générées par l’intelligence artificielle, expérimentations en chambre noire et cheminement du deuil.

En 2016, durant ce qui devait être une opération de routine, le père de l’artiste perd près des trois quarts de son sang et ne reçoit ni transfusion ni soins nécessaires. Une négligence médicale aux conséquences dramatiques, enracinée au coeur du racisme institutionnel et médical. *DELIRIUM* accompagne et saisit le processus de perte, la maladie, la cécité, l’isolation sensorielle, puis le décès du père de l’artiste en 2021. Les images photographiques qui le composent dévoilent un rapport halluciné au monde et une lente disparition dans l’obscur : une inéluctable sortie de ce que l’on appelle collectivement le réel. En 2022, Akosua Viktoria Adu-Sanyah transmet à une IA génératrice d’images d’ancienne génération des photographies de la vie quotidienne de son père saisies à partir de 2020, sans aucun prompt. La machine lui en restitue sa propre vision, à la lisière de la réalité, du rêve et du cauchemar. Transférées sur films négatifs, ces images chimériques sont ensuite développées à la main par l’artiste, en chambre noire, au cours d’un travail complexe d’où jaillissent d’extraordinaires lumières et couleurs.

*no flowers* poursuit cette exploration et convoque de manière directe l’impact de l’absence. Car lorsque son père décède au Ghana, son pays natal, durant la pandémie, Akosua Viktoria Adu-Sanyah est en Europe. « I couldn’t say goodbye ». Pas d’adieux, pas de cérémonie, pas de tombe, pas de fleurs. Alors, de photographies de bouquets séchés et digérées par l’IA, l’artiste fait naître de nouvelles formes hantées, un jardin impossible. Une étendue de fleurs à la fois irréelles et tangibles, impalpables et infiniment présentes. Révélant la nature inexprimable de la douleur, l’exposition dévoile également des fragments de textes - images, tirés du rapport médical du père de l’artiste. En collaboration avec une IA conversationnelle, Akosua Viktoria Adu-Sanyah redéfinit les termes déshumanisants qui composent la longue liste de symptômes. Grâce à un procédé d’impression par contact, un nouveau lexique apparaît sur le papier photosensible, portant la trace de morceaux de ruban adhésif, rayures et imperfections présents sur la plaque de verre. Témoins de la violence du langage scientifique, ces oeuvres suggèrent également les potentialités résistantes de la matière et du geste et la tendresse d’une réappropriation poétique du trouble.

*no flowers* se saisit alors comme une tentative de s’emparer de l’indicible, de le transfigurer. La répétition fertile, infatigable et indisciplinée d’un geste de réparation, de dignité, de mémoire.

[Plus d’informations sur notre site web](https://ccsparis.com/evenements/akosua-viktoria-adu-sanyah/)"
Ingeborg Lüscher - Flammes,"C’est à partir de 1967 qu’Ingeborg Lüscher s’installe au Tessin, en Suisse, et entame sa riche carrière artistique. Jusqu’alors comédienne au théâtre et au cinéma, Lüscher rencontre en Tchécoslovaquie un groupe de dissident.e.s du futur Printemps de Prague et décide de changer de destin. Autodidacte, elle débute une recherche plastique et performative qui ne la quittera plus : le maniement de la force créatrice et indocile du feu. En parallèle, elle développe dès 1969 une pratique photographique unique, documentant notamment la forêt encyclopédique de l’ermite Armand Schulthess qui l’amènera à exposer à la documenta 5 de Kassel (1972) et à rencontrer son compagnon de vie, Harald Szeemann (1933-2005). Dès les années 1975, Lüscher compose également des oeuvres conceptuelles et autobiographiques autour du hasard, de l’amour ou des rêves.

L’exposition *Flammes* propose au public de découvrir une généalogie d’oeuvres témoins du rapport à l’embrasement que déploie Ingeborg Lüscher depuis ses premiers travaux jusqu’à nos jours. Explorant l’impact du feu sur les matières et les corps, le parcours d’exposition débute par les images d’archive de la performance *Feueraktion* (Duisburg, 1971). Vêtue d’une tenue de protection ignifugée, Ingeborg Lüscher enflamma une sculpture monumentale de polystyrène, dévoilant la puissance transformatrice des flammes et la condition éphémère et métamorphique de ce qui nous entoure. Les *Inboxes*, l’une des premières séries d’œuvres de l’artiste, sont constitués de plaques de polystyrène peintes. Les compositions, issues des processus de combustion et d’extinction du feu, font apparaître de nouvelles profondeurs et ouvertures dans les strates. Alors que la potentialité d’une incandescence volcanique à venir ou les traces laissées par les flammes se rencontrent dans les sculptures de souffre et les peintures de cendres (dès les années 1980), la vidéo *La Pupa Proibita* (2006) rappelle la puissance infinie du corps féminin dans une chorégraphie de feux d’artifices inspirée de la tradition italienne du Ballo della pupa. Dans les sculptures faites de mégots : souvenirs de souffles fugaces, charnels et intimes, Ingeborg Lüscher rassemble avec minutie les biographies des fumeurs et fumeuses pour tisser un nouveau récit collectif.

Des braises aux volutes de fumée, de l’étincelle à la cendre, *Flammes* explore la vitalité d’une pratique artistique du feu, de son pouvoir sur les matières et les sens, du rapport agissant de la flamme sur le corps, son absence et sa renaissance.

[Plus d’informations sur notre site web](https://ccsparis.com/evenements/ingeborg-luscher/)",Paris,"32 rue des Francs-Bourgeois, Paris",75003,2026-06-25 12:00:00+00:00,"Evenement : Ingeborg Lüscher - Flammes. Lieu : 32 rue des Francs-Bourgeois, Paris, Paris. Date : 25/06/2026. Description : C’est à partir de 1967 qu’Ingeborg Lüscher s’installe au Tessin, en Suisse, et entame sa riche carrière artistique. Jusqu’alors comédienne au théâtre et au cinéma, Lüscher rencontre en Tchécoslovaquie un groupe de dissident.e.s du futur Printemps de Prague et décide de changer de destin. Autodidacte, elle débute une recherche plastique et performative qui ne la quittera plus : le maniement de la force créatrice et indocile du feu. En parallèle, elle développe dès 1969 une pratique photographique unique, documentant notamment la forêt encyclopédique de l’ermite Armand Schulthess qui l’amènera à exposer à la documenta 5 de Kassel (1972) et à rencontrer son compagnon de vie, Harald Szeemann (1933-2005). Dès les années 1975, Lüscher compose également des oeuvres conceptuelles et autobiographiques autour du hasard, de l’amour ou des rêves.

L’exposition *Flammes* propose au public de découvrir une généalogie d’oeuvres témoins du rapport à l’embrasement que déploie Ingeborg Lüscher depuis ses premiers travaux jusqu’à nos jours. Explorant l’impact du feu sur les matières et les corps, le parcours d’exposition débute par les images d’archive de la performance *Feueraktion* (Duisburg, 1971). Vêtue d’une tenue de protection ignifugée, Ingeborg Lüscher enflamma une sculpture monumentale de polystyrène, dévoilant la puissance transformatrice des flammes et la condition éphémère et métamorphique de ce qui nous entoure. Les *Inboxes*, l’une des premières séries d’œuvres de l’artiste, sont constitués de plaques de polystyrène peintes. Les compositions, issues des processus de combustion et d’extinction du feu, font apparaître de nouvelles profondeurs et ouvertures dans les strates. Alors que la potentialité d’une incandescence volcanique à venir ou les traces laissées par les flammes se rencontrent dans les sculptures de souffre et les peintures de cendres (dès les années 1980), la vidéo *La Pupa Proibita* (2006) rappelle la puissance infinie du corps féminin dans une chorégraphie de feux d’artifices inspirée de la tradition italienne du Ballo della pupa. Dans les sculptures faites de mégots : souvenirs de souffles fugaces, charnels et intimes, Ingeborg Lüscher rassemble avec minutie les biographies des fumeurs et fumeuses pour tisser un nouveau récit collectif.

Des braises aux volutes de fumée, de l’étincelle à la cendre, *Flammes* explore la vitalité d’une pratique artistique du feu, de son pouvoir sur les matières et les sens, du rapport agissant de la flamme sur le corps, son absence et sa renaissance.

[Plus d’informations sur notre site web](https://ccsparis.com/evenements/ingeborg-luscher/)"
Les Voix se lèvent,"Mots et sons, souvent détournés, deviennent des outils de manipulation et de domination. Les artistes présentées ici partagent une ambition commune : restituer la parole à celles et ceux à qui elle a été confisquée. Leur démarche vise un affranchissement à la fois intime et collectif.  
Dans un monde où il devient urgent de trouver de nouvelles formes d’expression et de repenser notre rapport à l’autre, la Cité internationale des arts se pose en refuge. Depuis 1965, ce lieu de résidence dédié à la création contemporaine accueille des artistes de tous horizons et de toutes pratiques. Ici, chaque voix trouve l’espace et la sécurité nécessaires pour s’épanouir librement.  
Les artistes réunis dans cette exposition ancrent leurs pratiques dans des contextes sociaux et géographiques uniques. Issus de générations et de continents différents, la moitié d’entre eux ont été accueillis en résidence à la Cité internationale des arts. À travers des installations sonores, des peintures, des projections et des performances, ils et elles nous invitent à explorer la voix dans toutes ses possibilités : respirer, crier, murmurer, chanter, poétiser. Chacun et chacune crée un langage surprenant, qui transcende les savoirs codifiés et les normes établies pour s’aventurer dans des traditions locales et des rituels vernaculaires. La voix s’y révèle comme un outil de transformation : elle répare, elle résiste, elle esquisse la possibilité d’autres mondes. Par elle, nous nous apaisons, soignons, (re)inventons, tout en entrant en résonance avec les autres et avec la nature qui nous entoure.  
Le commissariat est assuré par Nataša Petrešin-Bachelez, commissaire interdépendante, ancienne responsable de la programmation artistique et culturelle à la Cité internationale des arts, et Zdenka Badovinac, ancienne directrice du Musée d’art moderne de Ljubljana et du Musée d’art moderne de Zagreb, commissaire de Freeing the Voices, présentée au Kunsthaus Graz en 2025, point de départ de la présente exposition.

**Exposition du 16 avril au 11 juillet 2026**  
**Vernissage –  mercredi 15 avril 2026, de 17h30 à 21h**  
**Les mercredis de 14h à 21h (nocturne)**  
**Du jeudi au samedi de 14h à 19h**  
**➜ Galerie**  
**Site du Marais | Cité internationale des arts**",Paris,"18, rue de l'Hôtel de ville, 75004",75004,2026-06-25 12:00:00+00:00,"Evenement : Les Voix se lèvent. Lieu : 18, rue de l'Hôtel de ville, 75004, Paris. Date : 25/06/2026. Description : Mots et sons, souvent détournés, deviennent des outils de manipulation et de domination. Les artistes présentées ici partagent une ambition commune : restituer la parole à celles et ceux à qui elle a été confisquée. Leur démarche vise un affranchissement à la fois intime et collectif.  
Dans un monde où il devient urgent de trouver de nouvelles formes d’expression et de repenser notre rapport à l’autre, la Cité internationale des arts se pose en refuge. Depuis 1965, ce lieu de résidence dédié à la création contemporaine accueille des artistes de tous horizons et de toutes pratiques. Ici, chaque voix trouve l’espace et la sécurité nécessaires pour s’épanouir librement.  
Les artistes réunis dans cette exposition ancrent leurs pratiques dans des contextes sociaux et géographiques uniques. Issus de générations et de continents différents, la moitié d’entre eux ont été accueillis en résidence à la Cité internationale des arts. À travers des installations sonores, des peintures, des projections et des performances, ils et elles nous invitent à explorer la voix dans toutes ses possibilités : respirer, crier, murmurer, chanter, poétiser. Chacun et chacune crée un langage surprenant, qui transcende les savoirs codifiés et les normes établies pour s’aventurer dans des traditions locales et des rituels vernaculaires. La voix s’y révèle comme un outil de transformation : elle répare, elle résiste, elle esquisse la possibilité d’autres mondes. Par elle, nous nous apaisons, soignons, (re)inventons, tout en entrant en résonance avec les autres et avec la nature qui nous entoure.  
Le commissariat est assuré par Nataša Petrešin-Bachelez, commissaire interdépendante, ancienne responsable de la programmation artistique et culturelle à la Cité internationale des arts, et Zdenka Badovinac, ancienne directrice du Musée d’art moderne de Ljubljana et du Musée d’art moderne de Zagreb, commissaire de Freeing the Voices, présentée au Kunsthaus Graz en 2025, point de départ de la présente exposition.

**Exposition du 16 avril au 11 juillet 2026**  
**Vernissage –  mercredi 15 avril 2026, de 17h30 à 21h**  
**Les mercredis de 14h à 21h (nocturne)**  
**Du jeudi au samedi de 14h à 19h**  
**➜ Galerie**  
**Site du Marais | Cité internationale des arts**"
Montmartre Enchanté,"Et si Montmartre se découvrait autrement ?  
Créé depuis 2013 par la soprano Veronica Antonelli, Montmartre Enchanté est une visite chantée a cappella où les rues deviennent une scène et le patrimoine reprend vie grâce à la voix.  
Au fil d'un parcours intimiste, les participants explorent les lieux emblématiques de la Butte tout en écoutant des airs d'opéra, des chansons françaises et des mélodies inspirées par l'histoire de Montmartre. Sans micro, sans haut-parleur, la voix se mêle naturellement à l'architecture et crée une expérience immersive et authentique.  
Chaque visite invite le public à chanter, à ouvrir son imagination et à vivre un moment de partage hors du temps. En souvenir de cette aventure, chaque participant reçoit un Certificat d'Enchantement, une œuvre originale numérotée, datée et signée, conçue comme une invitation à « déployer ses ailes » au quotidien.  
Montmartre Enchanté, c'est une rencontre entre patrimoine, émotion et art lyrique, une façon unique de découvrir Paris en laissant la musique guider les pas.  
Unique femme autorisée de chanter à Montmartre (Le Parisien aout 2025 et la Dépéche du midi aout 2025)  
[https://www.ladepeche.fr/2025/08/31/je-revele-les-secrets-du-lieu-la-cantatrice-toulousaine-veronica-antonelli-unique-voix-feminine-autorisee-a-montmartre-12895839.php](https://www.ladepeche.fr/2025/08/31/je-revele-les-secrets-du-lieu-la-cantatrice-toulousaine-veronica-antonelli-unique-voix-feminine-autorisee-a-montmartre-12895839.php)",Paris,place des abbesses Paris 18,75018,2026-06-25 13:30:00+00:00,"Evenement : Montmartre Enchanté. Lieu : place des abbesses Paris 18, Paris. Date : 25/06/2026. Description : Et si Montmartre se découvrait autrement ?  
Créé depuis 2013 par la soprano Veronica Antonelli, Montmartre Enchanté est une visite chantée a cappella où les rues deviennent une scène et le patrimoine reprend vie grâce à la voix.  
Au fil d'un parcours intimiste, les participants explorent les lieux emblématiques de la Butte tout en écoutant des airs d'opéra, des chansons françaises et des mélodies inspirées par l'histoire de Montmartre. Sans micro, sans haut-parleur, la voix se mêle naturellement à l'architecture et crée une expérience immersive et authentique.  
Chaque visite invite le public à chanter, à ouvrir son imagination et à vivre un moment de partage hors du temps. En souvenir de cette aventure, chaque participant reçoit un Certificat d'Enchantement, une œuvre originale numérotée, datée et signée, conçue comme une invitation à « déployer ses ailes » au quotidien.  
Montmartre Enchanté, c'est une rencontre entre patrimoine, émotion et art lyrique, une façon unique de découvrir Paris en laissant la musique guider les pas.  
Unique femme autorisée de chanter à Montmartre (Le Parisien aout 2025 et la Dépéche du midi aout 2025)  
[https://www.ladepeche.fr/2025/08/31/je-revele-les-secrets-du-lieu-la-cantatrice-toulousaine-veronica-antonelli-unique-voix-feminine-autorisee-a-montmartre-12895839.php](https://www.ladepeche.fr/2025/08/31/je-revele-les-secrets-du-lieu-la-cantatrice-toulousaine-veronica-antonelli-unique-voix-feminine-autorisee-a-montmartre-12895839.php)"
La Guinguette de La Ressourcerie Créative [4 juin au 25 juillet du jeudi au dimanche],"Nous vous donnons rendez-vous du 04 juin au 25 juillet pour un été festif dans le square verdoyant du Serment de Koufra.  
Créée à l’initiative de La Ressourcerie Créative et avec le soutien de la mairie du 14e, La Guinguette Créative est un lieu collaboratif où les associations de la Porte d’Orléans et de Vanves travaillent ensemble autour d’un projet commun : vous offrir un espace de détente convivial et festif durant l’été.  
Porté par des valeurs écologiques et sociales, nous vous proposons un lieu pensé pour imaginer ensemble des modes de consommation plus durables et solidaires, avec sur place chaque soir d’ouverture : une buvette, une petite restauration, des ateliers créatifs, des concerts et une programmation musicale variée.  
Les associations partenaires se relaieront à tour de rôle pour vous accueillir.  
Les bénéfices seront ainsi partagés, en fonction du nombre de jours de présence de chacune.  
\---

### **📅 AU PROGRAMME**

BBQ, programmation musicale, ateliers créatifs de sensibilisation à la transition écologique, pour la joie des grands et des petits.  
[\> Programmation ici](https://www.laressourceriecreative.com/la-guinguette)  
\---

### **📍INFO PRATIQUES**

**LIEU**  
Square du serment de Koufra, 75014 Paris  
**HORAIRES D'OUVERTURE**  
jeudi, vendredi, samedi de 17h00 à 23h00 & dimanche de 11h00 à 16h00",Paris,Square du Serment de Koufra,75014,2026-06-25 15:00:00+00:00,"Evenement : La Guinguette de La Ressourcerie Créative [4 juin au 25 juillet du jeudi au dimanche]. Lieu : Square du Serment de Koufra, Paris. Date : 25/06/2026. Description : Nous vous donnons rendez-vous du 04 juin au 25 juillet pour un été festif dans le square verdoyant du Serment de Koufra.  
Créée à l’initiative de La Ressourcerie Créative et avec le soutien de la mairie du 14e, La Guinguette Créative est un lieu collaboratif où les associations de la Porte d’Orléans et de Vanves travaillent ensemble autour d’un projet commun : vous offrir un espace de détente convivial et festif durant l’été.  
Porté par des valeurs écologiques et sociales, nous vous proposons un lieu pensé pour imaginer ensemble des modes de consommation plus durables et solidaires, avec sur place chaque soir d’ouverture : une buvette, une petite restauration, des ateliers créatifs, des concerts et une programmation musicale variée.  
Les associations partenaires se relaieront à tour de rôle pour vous accueillir.  
Les bénéfices seront ainsi partagés, en fonction du nombre de jours de présence de chacune.  
\---

### **📅 AU PROGRAMME**

BBQ, programmation musicale, ateliers créatifs de sensibilisation à la transition écologique, pour la joie des grands et des petits.  
[\> Programmation ici](https://www.laressourceriecreative.com/la-guinguette)  
\---

### **📍INFO PRATIQUES**

**LIEU**  
Square du serment de Koufra, 75014 Paris  
**HORAIRES D'OUVERTURE**  
jeudi, vendredi, samedi de 17h00 à 23h00 & dimanche de 11h00 à 16h00"
Festival 13Rumeurs,"Habitant·e·s de Bédier-Boutroux, du 13e arrondissement et d'ailleurs,  
Du 22 au 27 juin 2026, le FESTIVAL 13RUMEURS arrive pour sa deuxième édition imaginée avec l'Équipe de Développement Local, le Centre Social CAF Toussarégo et la Mairie du 13e arrondissement.  
Pendant une semaine, les spectacles et la fête font vivre les rues, les parcs et les places du quartier. Danse, théâtre, arts urbains, musique, au TNR, au jardin Clara Zetkin, à l'école Franc-Nohain...  
Samedi 27 juin, clôture du festival en beauté avec BÉDIER EN FÊTE, place du Docteur Yersin. Animations dès 14h, spectacles et concerts en soirée.  
Ce festival est avant tout l'occasion de se rencontrer et de se retrouver à travers les histoires drôles, émouvantes et improbables préparées par les artistes.  
Curieux·ses, venez nombreux·ses !",Paris,"3-5 rue Péan, 75013 Paris",75013,2026-06-25 17:00:00+00:00,"Evenement : Festival 13Rumeurs. Lieu : 3-5 rue Péan, 75013 Paris, Paris. Date : 25/06/2026. Description : Habitant·e·s de Bédier-Boutroux, du 13e arrondissement et d'ailleurs,  
Du 22 au 27 juin 2026, le FESTIVAL 13RUMEURS arrive pour sa deuxième édition imaginée avec l'Équipe de Développement Local, le Centre Social CAF Toussarégo et la Mairie du 13e arrondissement.  
Pendant une semaine, les spectacles et la fête font vivre les rues, les parcs et les places du quartier. Danse, théâtre, arts urbains, musique, au TNR, au jardin Clara Zetkin, à l'école Franc-Nohain...  
Samedi 27 juin, clôture du festival en beauté avec BÉDIER EN FÊTE, place du Docteur Yersin. Animations dès 14h, spectacles et concerts en soirée.  
Ce festival est avant tout l'occasion de se rencontrer et de se retrouver à travers les histoires drôles, émouvantes et improbables préparées par les artistes.  
Curieux·ses, venez nombreux·ses !"
Nocturnes insolites : les vendredis à l'Hôtel à la Marine,Visitez le monument en nocturne et profitez d'une programmation insolite !,Paris,"2, Place de la Concorde 75008 Paris",75008,2026-06-19 17:30:00+00:00,"Evenement : Nocturnes insolites : les vendredis à l'Hôtel à la Marine. Lieu : 2, Place de la Concorde 75008 Paris, Paris. Date : 19/06/2026. Description : Visitez le monument en nocturne et profitez d'une programmation insolite !"
Bals d'époque : voyagez dans le temps en dansant,Revivez les plus belles soirées dansantes de l'histoire du monument !,Paris,"2, Place de la Concorde 75008 Paris",75008,2026-05-29 17:30:00+00:00,"Evenement : Bals d'époque : voyagez dans le temps en dansant. Lieu : 2, Place de la Concorde 75008 Paris, Paris. Date : 29/05/2026. Description : Revivez les plus belles soirées dansantes de l'histoire du monument !"
Visite-atelier « Un panorama de carte postale »,"Explorez, créez, partagez ! Plongez dans l'histoire de l'Arc de triomphe lors d'une visite-atelier en famille. Admirez la vue imprenable sur la ville et découvrez l'histoire des monuments parisiens. 
En atelier, laissez parler votre créativité en réalisant des cartes postales uniques avec la technique du collage et en écrivant des textes inspirés. Une expérience inoubliable pour toute la famille, alliant découverte, art et partage !",Paris,Place Charles de Gaulle 75008 Paris,75008,2026-03-14 10:00:00+00:00,"Evenement : Visite-atelier « Un panorama de carte postale ». Lieu : Place Charles de Gaulle 75008 Paris, Paris. Date : 14/03/2026. Description : Explorez, créez, partagez ! Plongez dans l'histoire de l'Arc de triomphe lors d'une visite-atelier en famille. Admirez la vue imprenable sur la ville et découvrez l'histoire des monuments parisiens. 
En atelier, laissez parler votre créativité en réalisant des cartes postales uniques avec la technique du collage et en écrivant des textes inspirés. Une expérience inoubliable pour toute la famille, alliant découverte, art et partage !"
Baptême cueillette sauvages - Vincennes,"Le temps d'une balade ludique, drôle et riche, initions-nous à la reconnaissance des plantes sauvages.   
  
Nous apprendrons à reconnaître les plantes comestibles sauvages ; les plantes herbacées, les fleurs et les arbres. Lors de cette promenade, il est garanti que nos sens seront en éveil !   
  
Peut-être même serons-nous surpris par le potentiel gustatif, culinaire, ou médicinal d'une herbe qui a toujours été présentée comme mauvaise.  
  
De manière pédagogique et active, Adeline nous initie à la botanique de terrain, nous apprend ""à lire une plante"". Pour qu’après la balade, nous puissions bénéficier de notre patrimoine végétal en autonomie. Et pour couronner le tout, Adeline agrémentera la journée d’idées recettes ou remèdes.  
  
La balade commencera par un jeu grandeur nature, permettant de nous familiariser avec les critères botaniques. Adeline nous emmène ensuite dans ses meilleurs endroits de cueillette pour garnir nos paniers de délices. Critères d'identification, confusions possibles, éthique du cueilleur, risques liés... Tout cela nous sera expliqué clairement.  
  
En plus de notre panier de récoltes, Adeline nous fera goûter une délicieuse boisson aux plantes sauvages !  
  
Un moment hors du temps, suspendu, inattendu !

Durée : 2h30

Activité organisée par Adeline - Animatrice plantes sauvages

Infos et réservation sur [EcoNature : [https://www.eco-nature.org/experience/bapteme-plantes-sauvages-vincennes-271](https://www.eco-nature.org/experience/bapteme-plantes-sauvages-vincennes-271)](https://www.eco-nature.org/experience/bapteme-plantes-sauvages-vincennes-271)",Paris,"51 Av. des Minimes, 75012 Paris, France",75012,2026-06-18 19:00:00+00:00,"Evenement : Baptême cueillette sauvages - Vincennes. Lieu : 51 Av. des Minimes, 75012 Paris, France, Paris. Date : 18/06/2026. Description : Le temps d'une balade ludique, drôle et riche, initions-nous à la reconnaissance des plantes sauvages.   
  
Nous apprendrons à reconnaître les plantes comestibles sauvages ; les plantes herbacées, les fleurs et les arbres. Lors de cette promenade, il est garanti que nos sens seront en éveil !   
  
Peut-être même serons-nous surpris par le potentiel gustatif, culinaire, ou médicinal d'une herbe qui a toujours été présentée comme mauvaise.  
  
De manière pédagogique et active, Adeline nous initie à la botanique de terrain, nous apprend ""à lire une plante"". Pour qu’après la balade, nous puissions bénéficier de notre patrimoine végétal en autonomie. Et pour couronner le tout, Adeline agrémentera la journée d’idées recettes ou remèdes.  
  
La balade commencera par un jeu grandeur nature, permettant de nous familiariser avec les critères botaniques. Adeline nous emmène ensuite dans ses meilleurs endroits de cueillette pour garnir nos paniers de délices. Critères d'identification, confusions possibles, éthique du cueilleur, risques liés... Tout cela nous sera expliqué clairement.  
  
En plus de notre panier de récoltes, Adeline nous fera goûter une délicieuse boisson aux plantes sauvages !  
  
Un moment hors du temps, suspendu, inattendu !

Durée : 2h30

Activité organisée par Adeline - Animatrice plantes sauvages

Infos et réservation sur [EcoNature : [https://www.eco-nature.org/experience/bapteme-plantes-sauvages-vincennes-271](https://www.eco-nature.org/experience/bapteme-plantes-sauvages-vincennes-271)](https://www.eco-nature.org/experience/bapteme-plantes-sauvages-vincennes-271)"
Cours + soirée konpa tous les mardis,"Tu es débutant.e;  
Tu recherches une danse de couple;  
Ou tu veux apprendre le konpa;  
Ce cours est fait pour toi",Paris,291 rue saint denis 75002 Paris,75002,2026-06-23 18:00:00+00:00,"Evenement : Cours + soirée konpa tous les mardis. Lieu : 291 rue saint denis 75002 Paris, Paris. Date : 23/06/2026. Description : Tu es débutant.e;  
Tu recherches une danse de couple;  
Ou tu veux apprendre le konpa;  
Ce cours est fait pour toi"
Offre couplée Le Cordon Bleu : Appartements des intendants + Pâtisserie,"Découvrez l'art de la pâtisserie, et l'histoire fascinante de notre patrimoine avec une offre couplée unique !",Paris,"2, Place de la Concorde 75008 Paris",75008,2026-06-24 16:00:00+00:00,"Evenement : Offre couplée Le Cordon Bleu : Appartements des intendants + Pâtisserie. Lieu : 2, Place de la Concorde 75008 Paris, Paris. Date : 24/06/2026. Description : Découvrez l'art de la pâtisserie, et l'histoire fascinante de notre patrimoine avec une offre couplée unique !"
"Visite thématique : L'Hôtel de la Marine, souvenirs d'une renaissance",Apprenez-en plus sur la restauration et le remeublement du monument.,Paris,"2, Place de la Concorde 75008 Paris",75008,2026-06-18 15:30:00+00:00,"Evenement : Visite thématique : L'Hôtel de la Marine, souvenirs d'une renaissance. Lieu : 2, Place de la Concorde 75008 Paris, Paris. Date : 18/06/2026. Description : Apprenez-en plus sur la restauration et le remeublement du monument."
Offre couplée Le Cordon Bleu : Appartements des intendants + Cuisine,"Découvrez l'art de la cuisine, et l'histoire fascinante de notre patrimoine avec une offre couplée unique !",Paris,"2, Place de la Concorde 75008 Paris",75008,2026-06-20 12:00:00+00:00,"Evenement : Offre couplée Le Cordon Bleu : Appartements des intendants + Cuisine. Lieu : 2, Place de la Concorde 75008 Paris, Paris. Date : 20/06/2026. Description : Découvrez l'art de la cuisine, et l'histoire fascinante de notre patrimoine avec une offre couplée unique !"
Clairières,"Cassures et dislocation rythment l’espace,
la construction s’opère
au fil de l’eau
les algues dispersées
forment un corps
sonore comme le vent ou la pluie
Ciel bleu, vague jaune
Le limon de la rivière vient nourrir la terre.

Roseman Robinot,
15 avril 2024

Depuis son inauguration en 1965, la Cité internationale des arts a ouvert ses portes à plus de 30 000 artistes issus de toutes les disciplines, de toutes les générations et de toutes les origines. Lieu d’hospitalité, la Cité offre un espace propice à la vie et au travail artistique. Ces récits variés sont désormais réunis et donnés à voir dans le cadre des « Émersions : Archive vivante », lancées en 2022. Le troisième volet de ce projet mettra en lumière les parcours des artistes femmes qui ont bénéficié d’un accueil à la Cité internationale des arts.

Dans le prolongement de cette initiative, Roseman Robinot et Ilona Németh, deux anciennes résidentes de la Cité, ont conçu deux installations in situ, situées respectivement dans la cour du site du Marais et dans les jardins du site de Montmartre. Ces installations font partie du programme « la Clairière », qui donnera aussi lieu à un cycle de rencontres et de performances. Par ailleurs, l'exposition « Ces voix qui m’assiègent… », dédiée aux échos de la décolonisation du territoire algérien, inexorablement mêlé aux luttes féministes, y sera également présentée.

Roseman Robinot est une artiste autodidacte, persuadée que chaque individu doit tout simplement trouver sa place, devenir ce qu’il est dans le concert du monde, contre toute forme d’exclusion et de censure. Elle a été enseignante à la Martinique, d’où elle est originaire, en Métropole et en Guyane où elle vit depuis 1978.

S’inscrivant dans le « Womanisme » - parce que la vie l’a faite femme - elle a exploré de nombreuses pistes, expérimenté plusieurs techniques mais surtout cherché un ancrage dans le paysage amazonien dans lequel elle vit et d’où elle reçoit les « Marques ». Sa pratique plastique relève ainsi des « traces-mémoire » imprimées sur les paysages vivants et les corps, réels ou incréés, empreints de l’odeur coloniale. « Comment contribuer à la construction d’un monde où les minorités ont du mal à émerger, à se faire entendre, où les manques sont multiples ? », demande-t-elle.

Les quatre œuvres proposées par l’artiste ont été réalisées entre 1985 et 2023 et ont été recontextualisées pour le projet. Elles explorent à travers différentes techniques picturales des thèmes qui traversent son travail artistique tels que l’affirmation identitaire, la géographie des corps, la nature, les relations humaines ou le sacré.

Ce projet, labellisé Olympiade Culturelle, prend place dans le cadre de La Métropolitaine, Rendez-vous international d’art contemporain de la Métropole du Grand Paris, organisé en collaboration avec TRAM réseau art contemporain Paris / Île-de-France du 4 mai au 15 septembre 2024.

Inauguration : Samedi 04 mai 2024 à partir de 17h
Avec une lecture de Roseman Robinot, accompagnée du saxophoniste Thomas Mouzard et la dégustation des infusions olympiques proposées par Maxime Rossi.

Roseman Robinot (France) est une ancienne résidente de la Cité internationale des arts, lauréate du programme ""ONDES""",Paris,"18, rue de l'Hôtel de ville, 75004",75004,2026-06-06 15:00:00+00:00,"Evenement : Clairières. Lieu : 18, rue de l'Hôtel de ville, 75004, Paris. Date : 06/06/2026. Description : Cassures et dislocation rythment l’espace,
la construction s’opère
au fil de l’eau
les algues dispersées
forment un corps
sonore comme le vent ou la pluie
Ciel bleu, vague jaune
Le limon de la rivière vient nourrir la terre.

Roseman Robinot,
15 avril 2024

Depuis son inauguration en 1965, la Cité internationale des arts a ouvert ses portes à plus de 30 000 artistes issus de toutes les disciplines, de toutes les générations et de toutes les origines. Lieu d’hospitalité, la Cité offre un espace propice à la vie et au travail artistique. Ces récits variés sont désormais réunis et donnés à voir dans le cadre des « Émersions : Archive vivante », lancées en 2022. Le troisième volet de ce projet mettra en lumière les parcours des artistes femmes qui ont bénéficié d’un accueil à la Cité internationale des arts.

Dans le prolongement de cette initiative, Roseman Robinot et Ilona Németh, deux anciennes résidentes de la Cité, ont conçu deux installations in situ, situées respectivement dans la cour du site du Marais et dans les jardins du site de Montmartre. Ces installations font partie du programme « la Clairière », qui donnera aussi lieu à un cycle de rencontres et de performances. Par ailleurs, l'exposition « Ces voix qui m’assiègent… », dédiée aux échos de la décolonisation du territoire algérien, inexorablement mêlé aux luttes féministes, y sera également présentée.

Roseman Robinot est une artiste autodidacte, persuadée que chaque individu doit tout simplement trouver sa place, devenir ce qu’il est dans le concert du monde, contre toute forme d’exclusion et de censure. Elle a été enseignante à la Martinique, d’où elle est originaire, en Métropole et en Guyane où elle vit depuis 1978.

S’inscrivant dans le « Womanisme » - parce que la vie l’a faite femme - elle a exploré de nombreuses pistes, expérimenté plusieurs techniques mais surtout cherché un ancrage dans le paysage amazonien dans lequel elle vit et d’où elle reçoit les « Marques ». Sa pratique plastique relève ainsi des « traces-mémoire » imprimées sur les paysages vivants et les corps, réels ou incréés, empreints de l’odeur coloniale. « Comment contribuer à la construction d’un monde où les minorités ont du mal à émerger, à se faire entendre, où les manques sont multiples ? », demande-t-elle.

Les quatre œuvres proposées par l’artiste ont été réalisées entre 1985 et 2023 et ont été recontextualisées pour le projet. Elles explorent à travers différentes techniques picturales des thèmes qui traversent son travail artistique tels que l’affirmation identitaire, la géographie des corps, la nature, les relations humaines ou le sacré.

Ce projet, labellisé Olympiade Culturelle, prend place dans le cadre de La Métropolitaine, Rendez-vous international d’art contemporain de la Métropole du Grand Paris, organisé en collaboration avec TRAM réseau art contemporain Paris / Île-de-France du 4 mai au 15 septembre 2024.

Inauguration : Samedi 04 mai 2024 à partir de 17h
Avec une lecture de Roseman Robinot, accompagnée du saxophoniste Thomas Mouzard et la dégustation des infusions olympiques proposées par Maxime Rossi.

Roseman Robinot (France) est une ancienne résidente de la Cité internationale des arts, lauréate du programme ""ONDES"""
Visite conférence - Parcours découverte,"L'Arc de triomphe, une ascension vers la gloire… Participez à une visite conférence du monument ! De « La Marseillaise » de Rude à la terrasse panoramique : la place de l’Étoile et Haussmann, le Soldat inconnu sous la voûte de l’Arc napoléonien et ses vastes espaces intérieurs. Un point de vue unique.",Paris,Place Charles de Gaulle 75008 Paris,75008,2026-06-24 15:00:00+00:00,"Evenement : Visite conférence - Parcours découverte. Lieu : Place Charles de Gaulle 75008 Paris, Paris. Date : 24/06/2026. Description : L'Arc de triomphe, une ascension vers la gloire… Participez à une visite conférence du monument ! De « La Marseillaise » de Rude à la terrasse panoramique : la place de l’Étoile et Haussmann, le Soldat inconnu sous la voûte de l’Arc napoléonien et ses vastes espaces intérieurs. Un point de vue unique."
Visite thématique : Boire et manger au XVIIIème siècle,Venez vous mettre en appétit au siècle des Lumières !,Paris,"2, Place de la Concorde 75008 Paris",75008,2026-06-11 15:30:00+00:00,"Evenement : Visite thématique : Boire et manger au XVIIIème siècle. Lieu : 2, Place de la Concorde 75008 Paris, Paris. Date : 11/06/2026. Description : Venez vous mettre en appétit au siècle des Lumières !"
Visite thématique : Les Beautés cachées du Garde-Meuble,Partez à la découverte des trésors artistiques des Intendants du Garde-Meuble de la Couronne !,Paris,"2, Place de la Concorde 75008 Paris",75008,2026-06-04 15:30:00+00:00,"Evenement : Visite thématique : Les Beautés cachées du Garde-Meuble. Lieu : 2, Place de la Concorde 75008 Paris, Paris. Date : 04/06/2026. Description : Partez à la découverte des trésors artistiques des Intendants du Garde-Meuble de la Couronne !"
Les jeudis au musée,"De septembre à juin, le Musée des minéraux de Sorbonne Université vous propose de découvrir, sur le temps du midi, un fond remarquable, chargé de grandes et de petites histoires. Vous plongerez un instant au cœur des sciences et d'un patrimoine géologique exceptionnel.",Paris,4 place Jussieu 75005,75005,2026-06-11 11:00:00+00:00,"Evenement : Les jeudis au musée. Lieu : 4 place Jussieu 75005, Paris. Date : 11/06/2026. Description : De septembre à juin, le Musée des minéraux de Sorbonne Université vous propose de découvrir, sur le temps du midi, un fond remarquable, chargé de grandes et de petites histoires. Vous plongerez un instant au cœur des sciences et d'un patrimoine géologique exceptionnel."
NOUVELLES DATES - Atelier : Arts et vins,Quand la dégustation rencontre la contemplation : explorez les accords entre art et vin.,Paris,"2, Place de la Concorde 75008 Paris",75008,2026-06-05 19:00:00+00:00,"Evenement : NOUVELLES DATES - Atelier : Arts et vins. Lieu : 2, Place de la Concorde 75008 Paris, Paris. Date : 05/06/2026. Description : Quand la dégustation rencontre la contemplation : explorez les accords entre art et vin."
Visite-atelier « Pop-up ! Vue sur la ville »,"Couronnant la place de l’Étoile, l’Arc de triomphe s’élève sur la colline de Chaillot au croisement des boulevards haussmanniens. Depuis sa terrasse, deux cents ans d’histoire se révèlent sous votre regard ! 
Après une visite découverte du monument, parents et enfants sont invités à fabriquer une maquette pop-up de l’Arc de triomphe et de Paris.
Cet évènement s'inscrit dans l'opération « Monument Jeu d'Enfants 2023 ».",Paris,Place Charles de Gaulle 75008 Paris,75008,2026-05-23 10:00:00+00:00,"Evenement : Visite-atelier « Pop-up ! Vue sur la ville ». Lieu : Place Charles de Gaulle 75008 Paris, Paris. Date : 23/05/2026. Description : Couronnant la place de l’Étoile, l’Arc de triomphe s’élève sur la colline de Chaillot au croisement des boulevards haussmanniens. Depuis sa terrasse, deux cents ans d’histoire se révèlent sous votre regard ! 
Après une visite découverte du monument, parents et enfants sont invités à fabriquer une maquette pop-up de l’Arc de triomphe et de Paris.
Cet évènement s'inscrit dans l'opération « Monument Jeu d'Enfants 2023 »."
Visite-atelier « Décors en origami »,"Initiez-vous à l'art du pliage en famille ! Feuilles et fleurs d'acanthe, palmes, couronnes de laurier et d'olivier... découvrez les décors floraux de l'Arc de triomphe à l'occasion d'un atelier origami et créez des pièces uniques.",Paris,Place Charles de Gaulle 75008 Paris,75008,2026-04-11 10:00:00+00:00,"Evenement : Visite-atelier « Décors en origami ». Lieu : Place Charles de Gaulle 75008 Paris, Paris. Date : 11/04/2026. Description : Initiez-vous à l'art du pliage en famille ! Feuilles et fleurs d'acanthe, palmes, couronnes de laurier et d'olivier... découvrez les décors floraux de l'Arc de triomphe à l'occasion d'un atelier origami et créez des pièces uniques."
JEUDI CHANSON,"Tous les jeudis d’octobre à juin (en dehors des vacances scolaires), une scène ouverte est organisée en entrée libre, pour découvrir de nouveaux artistes et pour présenter le travail des stagiaires de la Manufacture Chanson. Ce sont les Jeudis-Chanson.

Jeudi 25 juin 2026 : Concert de la formation « Interpréter sur scène une œuvre chantée dans les musiques actuelles »

**POUR RETROUVER LE PROGRAMME COMPLET, CLIQUEZ : [ICI](https://www.manufacturechanson.org/autres-activites/scenes-ouvertes-jeudis-chanson/)**",Paris,124 avenue de la république 75011 paris,75011,2026-06-25 18:30:00+00:00,"Evenement : JEUDI CHANSON. Lieu : 124 avenue de la république 75011 paris, Paris. Date : 25/06/2026. Description : Tous les jeudis d’octobre à juin (en dehors des vacances scolaires), une scène ouverte est organisée en entrée libre, pour découvrir de nouveaux artistes et pour présenter le travail des stagiaires de la Manufacture Chanson. Ce sont les Jeudis-Chanson.

Jeudi 25 juin 2026 : Concert de la formation « Interpréter sur scène une œuvre chantée dans les musiques actuelles »

**POUR RETROUVER LE PROGRAMME COMPLET, CLIQUEZ : [ICI](https://www.manufacturechanson.org/autres-activites/scenes-ouvertes-jeudis-chanson/)**"
"Soirée Proleptique avec Caroline Roche & Neptune, Lou Viallon, Vincent Glowinski, Erika Zueneli","Au **Centre Wallonie-Bruxelles**, ces soirées déplacent les cadres habituels de présentation pour faire place à l’essai, à l’inachevé, à l’expérimentation. Elles activent un rapport direct au public, non comme point d’arrivée mais comme instance de lecture et de résonance, dans un temps partagé de découverte et d’incertitude.  
Chaque édition réunit plusieurs propositions artistiques qui dialoguent avec les espaces du lieu — du théâtre au bunker au cinéma — activant ainsi différentes conditions de perception et d’écoute. L’enjeu n’est pas la démonstration d’une forme aboutie, mais l’exposition d’un processus, d’une pensée en mouvement, d’un travail encore poreux.  
Les **Soirées Proleptiques** s’inscrivent dans une volonté d’accompagner des écritures contemporaines en devenir, en ouvrant un cadre attentif, exigeant et non hiérarchisé, où la scène devient un espace de lecture du présent en train de se fabriquer.

**Les artistes retenus pour cette première édition sont :**  
\- Caroline Roche & Neptune : _À travers chant_  
Durée : 25 min - Entropie Production  
À travers chant est un duo, la rencontre d’une danseuse de bal, Neptune, et d’une danseuse de bourrée, Caroline, toutes les deux danseuses contemporaines.  
Entraînées par le bourdon, le rythme et les mélodies d’une vielle à roue, d’un banjo et d’un violon, les deux danseuses s’engagent dans une traversée malicieuse qui naît de la bourrée à trois temps, s’en échappe et y revient.  
La musique qui les accompagne, brute et cadencée est celle du trio Phonème dans laquelle cordes et voix s’entremêlent pour faire résonner des mélodies de violoneux et chanteur·euses du Massif Central.

\- Lou Viallon : _I FEEL YOU_  
AMA Brussels  
En transitionnant, en vivant la matérialité d’une vie queer, je savais que mon corps changerait. Ce que je n’attendais pas, c’est ce grand bouleversement de mon imaginaire.  
Voilà deux ans qu’un personnage me hante. C’est un·e chevalier·e sans quête, mais aussi un·e popstar à la voix qui mue et se rompt, un·e pornstar au coeur brisé. Et plus je regarde læ regarde, plus son visage me ressemble. L’alter égo à l’héroïsme glissant me confronte. Que faire de notre attrait pour la puissance ? Dans ce monde, empire cishétéropatriarkkkapitaliste, que faire de notre désir si on le sait pétri de domination, conquérant ? Peut-on prendre plaisir sans montées en puissance ? Et si on monte, jouit et se répand, on met ça où ?  
Avec le projet _I FEEL YOU_, j’invite læ créateur·ice sonore Chloé George Barthod à réfléchir aux dramaturgies éjaculatoires qui peuplent plus ou moins secrètement nos imaginaires et travaux. On formule alors des narrations alternatives du plaisir. S’ouvre un espace de fiction queer peuplé de danses, textes, chansons ultra texturé·es et émotionnel·les. Les matériaux, traversés par une poétique de l’invitation, engagent sensoriellement les spectateur·ices et chatouillent leur désir et frustration.  
_I FEEL YOU_ est un entraînement collectif à regarder, sentir, désirer, imaginer autrement et davantage.

\- Vincent Glowinski : _Resonant Trees_  
Entropie Production  
Vincent Glowinski accompagne en dessin les compositions Resonant Trees de Léo Dupleix.Cette série de compositions pour clavecin, dans une version pour épinette - petit clavecin triangulaire -, se compose de mélodies entêtantes mises en corps dans un univers harmonique riche et envoûtant, à la fois aride et lumineux.Vincent se muni d’un pot de poudre noir, d’une feuille blanche et d’un bâton pour tracer. Il se laisse alors pénétrer des résonances musicales pour dessiner.  
Projeté sur un écran en temps réel de son exécution, le dessin agit pour les spectateurs comme un prolongement visuel, rugueux, organique des volutes sonores du clavecin.  
Une exploration immersive et pluri-sensorielle, avec des moyens rudimentaux et « low tech »: métal, bois, papier et corps résonants.

\- Erika Zueneli : _KITSCHEN_  
Cette présentation prendra la forme d’une performance imaginée avec Elisa Wery et Louise de Bastier, conçue pour cet événement, autour de la notion de KITCH (mais pas que !).  
Dans cet espace d’expérimentation, l’ironie et l’humour seront de la partie. Au-delà de cette collaboration habitée par un écart générationnel fécond, plusieurs questions émergent : comment se situer dans le présent, entre héritage et renouvellement ? Quelle forme de révolte engager ?  
Le kitsch s’impose alors comme piste de réflexion. Il contient l’idée de répétition, de reproduction, voire de pastiche. Étymologiquement, il vient de l’allemand kitschen, qui signifie récupérer des rebuts pour en faire du neuf avec du vieux.  
Que se crée-t-il dans le partage d’un plateau entre interprètes d’âges différents ? Et quel humour peut-on déceler dans ce trio improbable, qui semble nous prendre à partie, nous demander, non sans une certaine insolence : “peut-on vraiment faire du neuf avec du vieux” ?  
Dans cet ensemble se glisse aussi une forme d’espoir, une espérance politique ouvrant la voie à des réinventions possibles.",Paris,"46 rue Quincampoix, 75004 Paris",75004,2026-06-24 18:00:00+00:00,"Evenement : Soirée Proleptique avec Caroline Roche & Neptune, Lou Viallon, Vincent Glowinski, Erika Zueneli. Lieu : 46 rue Quincampoix, 75004 Paris, Paris. Date : 24/06/2026. Description : Au **Centre Wallonie-Bruxelles**, ces soirées déplacent les cadres habituels de présentation pour faire place à l’essai, à l’inachevé, à l’expérimentation. Elles activent un rapport direct au public, non comme point d’arrivée mais comme instance de lecture et de résonance, dans un temps partagé de découverte et d’incertitude.  
Chaque édition réunit plusieurs propositions artistiques qui dialoguent avec les espaces du lieu — du théâtre au bunker au cinéma — activant ainsi différentes conditions de perception et d’écoute. L’enjeu n’est pas la démonstration d’une forme aboutie, mais l’exposition d’un processus, d’une pensée en mouvement, d’un travail encore poreux.  
Les **Soirées Proleptiques** s’inscrivent dans une volonté d’accompagner des écritures contemporaines en devenir, en ouvrant un cadre attentif, exigeant et non hiérarchisé, où la scène devient un espace de lecture du présent en train de se fabriquer.

**Les artistes retenus pour cette première édition sont :**  
\- Caroline Roche & Neptune : _À travers chant_  
Durée : 25 min - Entropie Production  
À travers chant est un duo, la rencontre d’une danseuse de bal, Neptune, et d’une danseuse de bourrée, Caroline, toutes les deux danseuses contemporaines.  
Entraînées par le bourdon, le rythme et les mélodies d’une vielle à roue, d’un banjo et d’un violon, les deux danseuses s’engagent dans une traversée malicieuse qui naît de la bourrée à trois temps, s’en échappe et y revient.  
La musique qui les accompagne, brute et cadencée est celle du trio Phonème dans laquelle cordes et voix s’entremêlent pour faire résonner des mélodies de violoneux et chanteur·euses du Massif Central.

\- Lou Viallon : _I FEEL YOU_  
AMA Brussels  
En transitionnant, en vivant la matérialité d’une vie queer, je savais que mon corps changerait. Ce que je n’attendais pas, c’est ce grand bouleversement de mon imaginaire.  
Voilà deux ans qu’un personnage me hante. C’est un·e chevalier·e sans quête, mais aussi un·e popstar à la voix qui mue et se rompt, un·e pornstar au coeur brisé. Et plus je regarde læ regarde, plus son visage me ressemble. L’alter égo à l’héroïsme glissant me confronte. Que faire de notre attrait pour la puissance ? Dans ce monde, empire cishétéropatriarkkkapitaliste, que faire de notre désir si on le sait pétri de domination, conquérant ? Peut-on prendre plaisir sans montées en puissance ? Et si on monte, jouit et se répand, on met ça où ?  
Avec le projet _I FEEL YOU_, j’invite læ créateur·ice sonore Chloé George Barthod à réfléchir aux dramaturgies éjaculatoires qui peuplent plus ou moins secrètement nos imaginaires et travaux. On formule alors des narrations alternatives du plaisir. S’ouvre un espace de fiction queer peuplé de danses, textes, chansons ultra texturé·es et émotionnel·les. Les matériaux, traversés par une poétique de l’invitation, engagent sensoriellement les spectateur·ices et chatouillent leur désir et frustration.  
_I FEEL YOU_ est un entraînement collectif à regarder, sentir, désirer, imaginer autrement et davantage.

\- Vincent Glowinski : _Resonant Trees_  
Entropie Production  
Vincent Glowinski accompagne en dessin les compositions Resonant Trees de Léo Dupleix.Cette série de compositions pour clavecin, dans une version pour épinette - petit clavecin triangulaire -, se compose de mélodies entêtantes mises en corps dans un univers harmonique riche et envoûtant, à la fois aride et lumineux.Vincent se muni d’un pot de poudre noir, d’une feuille blanche et d’un bâton pour tracer. Il se laisse alors pénétrer des résonances musicales pour dessiner.  
Projeté sur un écran en temps réel de son exécution, le dessin agit pour les spectateurs comme un prolongement visuel, rugueux, organique des volutes sonores du clavecin.  
Une exploration immersive et pluri-sensorielle, avec des moyens rudimentaux et « low tech »: métal, bois, papier et corps résonants.

\- Erika Zueneli : _KITSCHEN_  
Cette présentation prendra la forme d’une performance imaginée avec Elisa Wery et Louise de Bastier, conçue pour cet événement, autour de la notion de KITCH (mais pas que !).  
Dans cet espace d’expérimentation, l’ironie et l’humour seront de la partie. Au-delà de cette collaboration habitée par un écart générationnel fécond, plusieurs questions émergent : comment se situer dans le présent, entre héritage et renouvellement ? Quelle forme de révolte engager ?  
Le kitsch s’impose alors comme piste de réflexion. Il contient l’idée de répétition, de reproduction, voire de pastiche. Étymologiquement, il vient de l’allemand kitschen, qui signifie récupérer des rebuts pour en faire du neuf avec du vieux.  
Que se crée-t-il dans le partage d’un plateau entre interprètes d’âges différents ? Et quel humour peut-on déceler dans ce trio improbable, qui semble nous prendre à partie, nous demander, non sans une certaine insolence : “peut-on vraiment faire du neuf avec du vieux” ?  
Dans cet ensemble se glisse aussi une forme d’espoir, une espérance politique ouvrant la voie à des réinventions possibles."
Lied Play : Là Callas,"Les mardi 23 et mercredi 24 juin 2026 à 19h  
Portée par la Klang Art Company et Orpheum, cette série met en lumière deux figures emblématiques du chant et du voyage intérieur : Là Callas, hommage à la diva Maria Callas, et Winterreise, relecture contemporaine du cycle bouleversant de Schubert.

Les deux premiers soirs, Là Callas met à l’honneur la soprano Hee-kyung Jung, qui endosse un double rôle : le sien, en tant qu’admiratrice passionnée, et celui de la légendaire Maria Callas. Conçu comme un Lied Play, le spectacle rend hommage à cette figure mythique de l’art lyrique en mêlant théâtre et musique dans une forme sensible et contemporaine.",Paris,"20 Rue La Boétie, 75008 Paris",75008,2026-06-24 17:00:00+00:00,"Evenement : Lied Play : Là Callas. Lieu : 20 Rue La Boétie, 75008 Paris, Paris. Date : 24/06/2026. Description : Les mardi 23 et mercredi 24 juin 2026 à 19h  
Portée par la Klang Art Company et Orpheum, cette série met en lumière deux figures emblématiques du chant et du voyage intérieur : Là Callas, hommage à la diva Maria Callas, et Winterreise, relecture contemporaine du cycle bouleversant de Schubert.

Les deux premiers soirs, Là Callas met à l’honneur la soprano Hee-kyung Jung, qui endosse un double rôle : le sien, en tant qu’admiratrice passionnée, et celui de la légendaire Maria Callas. Conçu comme un Lied Play, le spectacle rend hommage à cette figure mythique de l’art lyrique en mêlant théâtre et musique dans une forme sensible et contemporaine."
Lied Play : Winterreise,"Les jeudi 25 et vendredi 26 juin 2026 à 19h  
Portée par la Klang Art Company et Orpheum, cette série met en lumière deux figures emblématiques du chant et du voyage intérieur : Là Callas, hommage à la diva Maria Callas, et Winterreise, relecture contemporaine du cycle bouleversant de Schubert.  
Le Centre propose Winterreise (Le Voyage d’hiver), une relecture musicale et théâtrale du mythique cycle de lieder composé en 1828 par Franz Schubert. Cette création en renouvelle la portée dramatique, en faisant dialoguer fidélité à l’œuvre originale et parti pris scénique contemporain.",Paris,"20 Rue La Boétie, 75008 Paris",75008,2026-06-24 17:00:00+00:00,"Evenement : Lied Play : Winterreise. Lieu : 20 Rue La Boétie, 75008 Paris, Paris. Date : 24/06/2026. Description : Les jeudi 25 et vendredi 26 juin 2026 à 19h  
Portée par la Klang Art Company et Orpheum, cette série met en lumière deux figures emblématiques du chant et du voyage intérieur : Là Callas, hommage à la diva Maria Callas, et Winterreise, relecture contemporaine du cycle bouleversant de Schubert.  
Le Centre propose Winterreise (Le Voyage d’hiver), une relecture musicale et théâtrale du mythique cycle de lieder composé en 1828 par Franz Schubert. Cette création en renouvelle la portée dramatique, en faisant dialoguer fidélité à l’œuvre originale et parti pris scénique contemporain."
Écrire une chanson à l’ère de l’IA,"**Écrire une chanson à l’ère de l’IA**  
Développer l’autonomie créative et méthodologique de l’auteur avec un usage maîtrisé de l’IA en intégrant cet outil d’assistance à l’écriture dans chaque étape du processus de création.",Paris,124 avenue de la république 75011 paris,75011,2026-06-24 12:00:00+00:00,"Evenement : Écrire une chanson à l’ère de l’IA. Lieu : 124 avenue de la république 75011 paris, Paris. Date : 24/06/2026. Description : **Écrire une chanson à l’ère de l’IA**  
Développer l’autonomie créative et méthodologique de l’auteur avec un usage maîtrisé de l’IA en intégrant cet outil d’assistance à l’écriture dans chaque étape du processus de création."
"Escales, rencontres pro de la création musicale pour le jeune public","Une journée professionnelle de réflexions et de découvertes portée par Escales dispositif inter-festivals de repérage et d’accompagnement au service de la création musicale jeune public francilienne, dans le cadre du Festival Pestacles/Festivals du Parc Floral de Paris : table ronde, spectacles, auditions… C’est aussi l’occasion de découvrir les quatre projets Escales #3 présélectionnés, mais aussi un des projets lauréats Escales#2, Bülbül.  
\+ d'infos : [https://collectifmdm-idf.org/jeune-public/](https://collectifmdm-idf.org/jeune-public/)  
LE PROGRAMME :  
\- 9h30 : accueil café  
\- 9h45 - 12h : auditions  
\- 12h -13h : temps de rencontres entre professionnels en marge de la délibération du jury  
\- 13h : déjeuner offert entre professionnels et équipes artistiques  
\- 14h30 : spectacle Bülbül (lauréat 2025), scène Delta  
\- 15h30 - 16h30 : table ronde, quels outils, quels moyens pour la création et la diffusion musicale jeune public à Paris ?  
\- 16h30 - 17h30 : pot de fin

INFOS PRATIQUES :  
📅 Le 24 juin 2026, de 9h30 à 17h30  
📍 Parc Floral de Paris, Accès ICI  
📧 [collectifmdm@gmail.com](mailto:collectifmdm@gmail.com)

Escales-Tipis est porté par :

le Collectif Musiques et Danses du Monde en Île-de-France,  
en partenariat avec Villes des Musiques du Monde et Traffix Music,  
avec le soutien du Conseil départemental de Seine-Saint-Denis (93), de la Ville de Paris & de la Sacem,  
avec le concours du réseau RamDam et du réseau RIF.",Paris,route de la pyramide 75012 Paris,75012,2026-06-24 07:30:00+00:00,"Evenement : Escales, rencontres pro de la création musicale pour le jeune public. Lieu : route de la pyramide 75012 Paris, Paris. Date : 24/06/2026. Description : Une journée professionnelle de réflexions et de découvertes portée par Escales dispositif inter-festivals de repérage et d’accompagnement au service de la création musicale jeune public francilienne, dans le cadre du Festival Pestacles/Festivals du Parc Floral de Paris : table ronde, spectacles, auditions… C’est aussi l’occasion de découvrir les quatre projets Escales #3 présélectionnés, mais aussi un des projets lauréats Escales#2, Bülbül.  
\+ d'infos : [https://collectifmdm-idf.org/jeune-public/](https://collectifmdm-idf.org/jeune-public/)  
LE PROGRAMME :  
\- 9h30 : accueil café  
\- 9h45 - 12h : auditions  
\- 12h -13h : temps de rencontres entre professionnels en marge de la délibération du jury  
\- 13h : déjeuner offert entre professionnels et équipes artistiques  
\- 14h30 : spectacle Bülbül (lauréat 2025), scène Delta  
\- 15h30 - 16h30 : table ronde, quels outils, quels moyens pour la création et la diffusion musicale jeune public à Paris ?  
\- 16h30 - 17h30 : pot de fin

INFOS PRATIQUES :  
📅 Le 24 juin 2026, de 9h30 à 17h30  
📍 Parc Floral de Paris, Accès ICI  
📧 [collectifmdm@gmail.com](mailto:collectifmdm@gmail.com)

Escales-Tipis est porté par :

le Collectif Musiques et Danses du Monde en Île-de-France,  
en partenariat avec Villes des Musiques du Monde et Traffix Music,  
avec le soutien du Conseil départemental de Seine-Saint-Denis (93), de la Ville de Paris & de la Sacem,  
avec le concours du réseau RamDam et du réseau RIF."
Visite guidée - Exposition Grands Lacs,"Enjambant la frontière entre le Canada et les Etats-Unis, la faisant disparaitre dans sa colossale masse fluide, le bassin des Grands Lacs réunit sur son pourtour des millions d’habitants, parmi lesquels des Autochtones de nombreuses Premières Nations du Canada et tribus américaines. Ressource extraordinaire d’eau potable de surface (parmi les plus importantes au monde) ; lieu de circulation et d’échange, de commerce, de travail, de loisirs, de voyage, de méditation, mais aussi d’exploitation, de danger, de vulnérabilité ; cet immense bassin a été observé depuis la diversité de ses rives par Robert Burley, l’un des plus importants photographes canadiens de notre époque.

L’artiste réalise ici un corpus aussi inédit qu’exceptionnel, où la beauté grandiose de cet insaisissable ensemble, tantôt apaisante tantôt inquiétante, se transforme en une réflexion sur la puissance de l’image contemporaine. Dépouillées de toute diversion, renvoyant les Grands Lacs à leur grandeur première, les photographies de Robert Burley appellent le spectateur telles d’envoûtantes sirènes.

Commissaire : Catherine Bédard

En partenariat avec Biinaagami, Swim Drink Fish et Canadian Geographic

Ce projet est labellisé Bicentenaire de la Photographie par le ministère de la Culture et s’inscrit dans la programmation officielle du Bicentenaire du 1er septembre 2026 au 30 septembre 2027.

Inauguré à l’occasion de Nuit Blanche, cette exposition s’inscrit également dans la programmation officielle du festival Photodays, en novembre 2026.",Paris,"130, rue du Faubourg Saint-Honoré 75008 Paris",75008,2026-06-23 17:00:00+00:00,"Evenement : Visite guidée - Exposition Grands Lacs. Lieu : 130, rue du Faubourg Saint-Honoré 75008 Paris, Paris. Date : 23/06/2026. Description : Enjambant la frontière entre le Canada et les Etats-Unis, la faisant disparaitre dans sa colossale masse fluide, le bassin des Grands Lacs réunit sur son pourtour des millions d’habitants, parmi lesquels des Autochtones de nombreuses Premières Nations du Canada et tribus américaines. Ressource extraordinaire d’eau potable de surface (parmi les plus importantes au monde) ; lieu de circulation et d’échange, de commerce, de travail, de loisirs, de voyage, de méditation, mais aussi d’exploitation, de danger, de vulnérabilité ; cet immense bassin a été observé depuis la diversité de ses rives par Robert Burley, l’un des plus importants photographes canadiens de notre époque.

L’artiste réalise ici un corpus aussi inédit qu’exceptionnel, où la beauté grandiose de cet insaisissable ensemble, tantôt apaisante tantôt inquiétante, se transforme en une réflexion sur la puissance de l’image contemporaine. Dépouillées de toute diversion, renvoyant les Grands Lacs à leur grandeur première, les photographies de Robert Burley appellent le spectateur telles d’envoûtantes sirènes.

Commissaire : Catherine Bédard

En partenariat avec Biinaagami, Swim Drink Fish et Canadian Geographic

Ce projet est labellisé Bicentenaire de la Photographie par le ministère de la Culture et s’inscrit dans la programmation officielle du Bicentenaire du 1er septembre 2026 au 30 septembre 2027.

Inauguré à l’occasion de Nuit Blanche, cette exposition s’inscrit également dans la programmation officielle du festival Photodays, en novembre 2026."
AI in Oncology Paris,"Following the success of the first edition, which brought together over 400 participants in Paris in June 2025, we are delighted to announce the return of the AI in Oncology Conference by IHU PRISM, taking place on June 22–23, 2026, at the Novotel Paris Tour Eiffel: An international conference dedicated to advancing the application of artificial intelligence in cancer care and research.  
The 2025 edition enabled participants to delve into key aspects of AI in Oncology including radiology, digital pathology, generative models, multiomics and precision oncology trials.  
In 2026, we will build on this momentum by broadening our scope to include the latest developments and real-world applications of AI that are transforming oncology today.  
Beyond the scientific content, AI in Oncology Conference by IHU PRISM will once again serve as a unique platform to exchange ideas, share experiences, and foster collaborations among clinicians, researchers, data scientists, and industry experts shaping the future of personalized cancer care.  
We look forward to welcoming you again in Paris for this second edition of AI in Oncology Conference by IHU PRISM, and to continuing together the exciting journey at the intersection of AI and oncology.",Paris,"61 Quai de Grenelle, 75015 Paris",75015,2026-06-23 07:00:00+00:00,"Evenement : AI in Oncology Paris. Lieu : 61 Quai de Grenelle, 75015 Paris, Paris. Date : 23/06/2026. Description : Following the success of the first edition, which brought together over 400 participants in Paris in June 2025, we are delighted to announce the return of the AI in Oncology Conference by IHU PRISM, taking place on June 22–23, 2026, at the Novotel Paris Tour Eiffel: An international conference dedicated to advancing the application of artificial intelligence in cancer care and research.  
The 2025 edition enabled participants to delve into key aspects of AI in Oncology including radiology, digital pathology, generative models, multiomics and precision oncology trials.  
In 2026, we will build on this momentum by broadening our scope to include the latest developments and real-world applications of AI that are transforming oncology today.  
Beyond the scientific content, AI in Oncology Conference by IHU PRISM will once again serve as a unique platform to exchange ideas, share experiences, and foster collaborations among clinicians, researchers, data scientists, and industry experts shaping the future of personalized cancer care.  
We look forward to welcoming you again in Paris for this second edition of AI in Oncology Conference by IHU PRISM, and to continuing together the exciting journey at the intersection of AI and oncology."
Concert du Prix Joséphine,Concert de Sophye Soliveau et Blasé à l'occasion du 5e anniversaire du Prix Joséphine.,Paris,"2, Place de la Concorde 75008 Paris",75008,2026-06-22 21:00:00+00:00,"Evenement : Concert du Prix Joséphine. Lieu : 2, Place de la Concorde 75008 Paris, Paris. Date : 22/06/2026. Description : Concert de Sophye Soliveau et Blasé à l'occasion du 5e anniversaire du Prix Joséphine."
Lost in Frenchlation • 22 juin,120 BATTEMENTS PAR MINUTE - Screening with English subtitles,Paris,"13, rue Victor-Cousin, Paris",75005,2026-06-22 18:00:00+00:00,"Evenement : Lost in Frenchlation • 22 juin. Lieu : 13, rue Victor-Cousin, Paris, Paris. Date : 22/06/2026. Description : 120 BATTEMENTS PAR MINUTE - Screening with English subtitles"
Fête de la Musique — Le grand solstice,"Pour célébrer la Fête de la Musique, Grégoire Letouvet investit L'Anomalie le temps d'une grande journée de rencontres musicales et imagine un parcours libre et festif autour du jazz, de l'improvisation et du partage. Au programme : concerts, performance et orchestre participatif, ainsi qu'un temps dédié au jeune public. Découvrez une carte blanche unique à l'occasion du solstice d'été !",Paris,14 rue de la Grande Chaumière,75006,2026-06-21 13:30:00+00:00,"Evenement : Fête de la Musique — Le grand solstice. Lieu : 14 rue de la Grande Chaumière, Paris. Date : 21/06/2026. Description : Pour célébrer la Fête de la Musique, Grégoire Letouvet investit L'Anomalie le temps d'une grande journée de rencontres musicales et imagine un parcours libre et festif autour du jazz, de l'improvisation et du partage. Au programme : concerts, performance et orchestre participatif, ainsi qu'un temps dédié au jeune public. Découvrez une carte blanche unique à l'occasion du solstice d'été !"
Concert : Sara Parkman,"Depuis quinze ans, Sara Parkman interroge et embrasse les traditions avec franchise et finesse. Elle a ainsi créé son propre univers musical, devenant l’une des figures incontournables de la musique folk suédoise contemporaine.  
La musique de Sara Parkman circule avec aisance entre le sacré et le brut, entre l’intime et la brume de la forêt lors des raves nocturnes. Violoniste, chanteuse et compositrice depuis plus de quinze ans, elle continue de bousculer et redessiner les frontières de la musique folk. Aujourd’hui, elle revient avec Eros, agape, philia – un album autour de l’amour et du corps.  
Son premier album solo, _Sara Parkmans Skog_ (« La forêt de Sara Parkman », 2016), lui avait valu le titre d’« Artiste de l’année » lors de la Folk & Världsmusikgalan, une cérémonie suédoise consacrée aux musiques folk et du monde. L’année suivante, elle avait publié son deuxième album, _Matriarkerna_ (« Les matriarches »), un disque hommage réalisé en collaboration avec son amie, la musicienne folk Samantha Ohlanders. Mais la sortie la plus acclamée de Sara Parkman à ce jour reste _Vesper_ (« Vêpres », 2019). Nommé d’après la prière chrétienne du soir, c’est un album dédié au sacré. Il a été accueilli avec enthousiasme par la critique et été auréolé de plusieurs prix, dont le Prix culturel du quotidien _Dagens Nyheter_.  
Avec Eros, agape, philia, Sara Parkman joue avec trois mots grecs antiques désignant différentes formes d’amour : Eros, l’amour romantique ou érotique ; Agapè, l’amour divin ; et Philia, l’amour amical ou familial. Le résultat en est un disque qui murmure, dans toutes les langues de l’amour, la tendresse humaine. Il parle du désir, de l’espoir, des vœux silencieux. De l’étourdissement né de l’angoisse autant que de la douceur du contact de la mousse. De l’amour éphémère et de l’oubli de soi-même. De l’abandon, du languissement, du doute.  
Tradition ou innovation, chambre ou club nocturne ; la musique de Parkman n’est jamais une chose ou son contraire, mais un mélange de multiples éléments, parfois perçus comme opposés mais qui créent une étrange et parfaite harmonie.",Paris,"11 Rue Payenne, 75003 Paris, France",75003,2026-06-21 18:45:00+00:00,"Evenement : Concert : Sara Parkman. Lieu : 11 Rue Payenne, 75003 Paris, France, Paris. Date : 21/06/2026. Description : Depuis quinze ans, Sara Parkman interroge et embrasse les traditions avec franchise et finesse. Elle a ainsi créé son propre univers musical, devenant l’une des figures incontournables de la musique folk suédoise contemporaine.  
La musique de Sara Parkman circule avec aisance entre le sacré et le brut, entre l’intime et la brume de la forêt lors des raves nocturnes. Violoniste, chanteuse et compositrice depuis plus de quinze ans, elle continue de bousculer et redessiner les frontières de la musique folk. Aujourd’hui, elle revient avec Eros, agape, philia – un album autour de l’amour et du corps.  
Son premier album solo, _Sara Parkmans Skog_ (« La forêt de Sara Parkman », 2016), lui avait valu le titre d’« Artiste de l’année » lors de la Folk & Världsmusikgalan, une cérémonie suédoise consacrée aux musiques folk et du monde. L’année suivante, elle avait publié son deuxième album, _Matriarkerna_ (« Les matriarches »), un disque hommage réalisé en collaboration avec son amie, la musicienne folk Samantha Ohlanders. Mais la sortie la plus acclamée de Sara Parkman à ce jour reste _Vesper_ (« Vêpres », 2019). Nommé d’après la prière chrétienne du soir, c’est un album dédié au sacré. Il a été accueilli avec enthousiasme par la critique et été auréolé de plusieurs prix, dont le Prix culturel du quotidien _Dagens Nyheter_.  
Avec Eros, agape, philia, Sara Parkman joue avec trois mots grecs antiques désignant différentes formes d’amour : Eros, l’amour romantique ou érotique ; Agapè, l’amour divin ; et Philia, l’amour amical ou familial. Le résultat en est un disque qui murmure, dans toutes les langues de l’amour, la tendresse humaine. Il parle du désir, de l’espoir, des vœux silencieux. De l’étourdissement né de l’angoisse autant que de la douceur du contact de la mousse. De l’amour éphémère et de l’oubli de soi-même. De l’abandon, du languissement, du doute.  
Tradition ou innovation, chambre ou club nocturne ; la musique de Parkman n’est jamais une chose ou son contraire, mais un mélange de multiples éléments, parfois perçus comme opposés mais qui créent une étrange et parfaite harmonie."
Du Lied au Rock - Festival OuVERTures,"Schubert a écrit plus de 600 Lieder, chansons évoquant toutes la quête amoureuse, la solitude, les souvenirs, le bonheur, le voyage ...  
Leur style oscille sans cesse entre inspiration populaire et héritage romantique.

Le compositeur Bernard Cavanna s'est emparé de quelques Lieder de Franz Schubert et les livrent dans une transcription originale et nouvelle de l'accompagnement en convoquant l'accordéon !

Ce choix renvoie à l'origine populaire lointaine et imaginaire du Volkslied schubertien et son association avec les deux instruments à cordes offre à Cavanna les possibles d'une palette sonore originale extrêmement raffinée, savamment combinée aux registres si variés du piano à bretelles qu'est l'accordéon.  
Curieuse coïncidence, l’accordéon fait au début du XIXe siècle ses premières entrées, le brevet de l’Akkordion- qui fait des accords - fut déposé à Vienne quelques mois après la mort de Schubert.

Au centre de ce programme, nous retrouvons la célèbre pièce pour clavecin Hungarian Rock d'une figure majeure de la musique du XXe siècle, György Ligeti, dans l’ébouriffante transcription pour accordéon de Rémi Briffault. Cette oeuvre est entourée d'extraits du premier trio de Bernard Cavanna pour violon, violoncelle et accordéon.",Paris,"Avenue de Versailles, 75016 Paris",75016,2026-06-21 17:30:00+00:00,"Evenement : Du Lied au Rock - Festival OuVERTures. Lieu : Avenue de Versailles, 75016 Paris, Paris. Date : 21/06/2026. Description : Schubert a écrit plus de 600 Lieder, chansons évoquant toutes la quête amoureuse, la solitude, les souvenirs, le bonheur, le voyage ...  
Leur style oscille sans cesse entre inspiration populaire et héritage romantique.

Le compositeur Bernard Cavanna s'est emparé de quelques Lieder de Franz Schubert et les livrent dans une transcription originale et nouvelle de l'accompagnement en convoquant l'accordéon !

Ce choix renvoie à l'origine populaire lointaine et imaginaire du Volkslied schubertien et son association avec les deux instruments à cordes offre à Cavanna les possibles d'une palette sonore originale extrêmement raffinée, savamment combinée aux registres si variés du piano à bretelles qu'est l'accordéon.  
Curieuse coïncidence, l’accordéon fait au début du XIXe siècle ses premières entrées, le brevet de l’Akkordion- qui fait des accords - fut déposé à Vienne quelques mois après la mort de Schubert.

Au centre de ce programme, nous retrouvons la célèbre pièce pour clavecin Hungarian Rock d'une figure majeure de la musique du XXe siècle, György Ligeti, dans l’ébouriffante transcription pour accordéon de Rémi Briffault. Cette oeuvre est entourée d'extraits du premier trio de Bernard Cavanna pour violon, violoncelle et accordéon."
Concert : Fågelle,"Issue de la scène expérimentale nordique, Fågelle incarne une collision brute entre lyrisme et déchaînement sonore. Sa musique mêle passages folkloriques, murs de son orchestraux, perturbations électroniques et voix primales.  
Après deux albums salués par la critique — _Helvetesdagar_ (« Jours d’enfer », 2019) et _Den svenska vreden_ (« La fureur suédoise », 2023) — Fågelle revient aujourd’hui avec un nouveau projet ambitieux, profondément enraciné dans sa région natale du Halland, dans le sud-ouest de la Suède. L’album _Bränn min jord_ (« Brûle ma terre ») marque un déplacement à la fois géographique et artistique : une écoute attentive des forêts et des villages qui l’ont façonnée. Loin de toute nostalgie, il s’agit d’une réappropriation de l’espace et de la mémoire, transformant des lieux délaissés en territoires de création.  
Sur le plan sonore, l’album se distingue par une atmosphère sombre, texturée et immersive – guitares saturées, cuivres, prises de sons in situ et voix à vif. À la fois atmosphérique et organique, il oscille entre lumière et obscurité, désolation et tendresse. En intégrant musicien·nes, danseur·euses et vie ambiante locale au cœur des enregistrements, Fågelle réinvente la manière dont la musique peut dépeindre et transformer un paysage, en créant un pont entre tradition populaire et art sonore contemporain. Mais l’album dépasse son territoire pour poser des questions universelles : comment les lieux nous façonnent-ils ? Comment la mémoire s’inscrit-elle dans la terre ? Et comment le retour – même douloureux – peut devenir une façon d’habiter pleinement le monde.  
Fågelle a donné de nombreux concerts à travers l’Europe, dans des festivals et lieux emblématiques tels que Roadburn, Way Out West, la Kantine du Berghain, Petit Bain, entre autres.",Paris,"11 Rue Payenne, 75003 Paris, France",75003,2026-06-21 17:30:00+00:00,"Evenement : Concert : Fågelle. Lieu : 11 Rue Payenne, 75003 Paris, France, Paris. Date : 21/06/2026. Description : Issue de la scène expérimentale nordique, Fågelle incarne une collision brute entre lyrisme et déchaînement sonore. Sa musique mêle passages folkloriques, murs de son orchestraux, perturbations électroniques et voix primales.  
Après deux albums salués par la critique — _Helvetesdagar_ (« Jours d’enfer », 2019) et _Den svenska vreden_ (« La fureur suédoise », 2023) — Fågelle revient aujourd’hui avec un nouveau projet ambitieux, profondément enraciné dans sa région natale du Halland, dans le sud-ouest de la Suède. L’album _Bränn min jord_ (« Brûle ma terre ») marque un déplacement à la fois géographique et artistique : une écoute attentive des forêts et des villages qui l’ont façonnée. Loin de toute nostalgie, il s’agit d’une réappropriation de l’espace et de la mémoire, transformant des lieux délaissés en territoires de création.  
Sur le plan sonore, l’album se distingue par une atmosphère sombre, texturée et immersive – guitares saturées, cuivres, prises de sons in situ et voix à vif. À la fois atmosphérique et organique, il oscille entre lumière et obscurité, désolation et tendresse. En intégrant musicien·nes, danseur·euses et vie ambiante locale au cœur des enregistrements, Fågelle réinvente la manière dont la musique peut dépeindre et transformer un paysage, en créant un pont entre tradition populaire et art sonore contemporain. Mais l’album dépasse son territoire pour poser des questions universelles : comment les lieux nous façonnent-ils ? Comment la mémoire s’inscrit-elle dans la terre ? Et comment le retour – même douloureux – peut devenir une façon d’habiter pleinement le monde.  
Fågelle a donné de nombreux concerts à travers l’Europe, dans des festivals et lieux emblématiques tels que Roadburn, Way Out West, la Kantine du Berghain, Petit Bain, entre autres."
Ateliers ouverts | Les Rencontres de Montmartre,"Pour cette nouvelle édition des journées portes ouvertes de son site de Montmartre, la Cité internationale des arts vous invite à rencontrer les artistes en résidence et à découvrir leur travail.

Pendant trois jours, le public est invité à venir découvrir la pratique d’une trentaine d’artistes aux origines et pratiques variées, accueillis pour des résidences de 2 mois à un an, grâce à des visites d’ateliers, des lectures, des projections, des performances et des concerts.

Ces journées sont organisées en partenariat avec la Fondation Art Explora et l’Académie des beaux-arts.

**Avec les artistes** : Kamal Aljafari, Ido Asséo Tsarfati, Maria Paris Borda, Dora Budor, Orso Caël, Rebeca Carapiá, Yolanda Ceballos, Louis Braddock Clarke, Caroline Déodat, Elyla, Jean-Marie Fahy, Anaïs Gauthier, Margaret Haines, Jammie Holmes, Nikita Kadan, Mahmoud Khaled, Oyjon Khayrullaeva, Harold Lechien, Young Joo Lee, Line Lyhne, Florian Mermin, Clémence de Montgolfier, Lou Motin, Marcel Mrejen, Léonce Noah, Shelly Ohene-Nyako, Osprey V, Ventura Profana, Arlette Quỳnh-Anh Trần, Kathleen Ritter, Gilles Roudière, Nina Wakeford, Yu-Wen Wang",Paris,"15 rue de l'Abreuvoir, 75018 Paris",75018,2026-06-21 13:00:00+00:00,"Evenement : Ateliers ouverts | Les Rencontres de Montmartre. Lieu : 15 rue de l'Abreuvoir, 75018 Paris, Paris. Date : 21/06/2026. Description : Pour cette nouvelle édition des journées portes ouvertes de son site de Montmartre, la Cité internationale des arts vous invite à rencontrer les artistes en résidence et à découvrir leur travail.

Pendant trois jours, le public est invité à venir découvrir la pratique d’une trentaine d’artistes aux origines et pratiques variées, accueillis pour des résidences de 2 mois à un an, grâce à des visites d’ateliers, des lectures, des projections, des performances et des concerts.

Ces journées sont organisées en partenariat avec la Fondation Art Explora et l’Académie des beaux-arts.

**Avec les artistes** : Kamal Aljafari, Ido Asséo Tsarfati, Maria Paris Borda, Dora Budor, Orso Caël, Rebeca Carapiá, Yolanda Ceballos, Louis Braddock Clarke, Caroline Déodat, Elyla, Jean-Marie Fahy, Anaïs Gauthier, Margaret Haines, Jammie Holmes, Nikita Kadan, Mahmoud Khaled, Oyjon Khayrullaeva, Harold Lechien, Young Joo Lee, Line Lyhne, Florian Mermin, Clémence de Montgolfier, Lou Motin, Marcel Mrejen, Léonce Noah, Shelly Ohene-Nyako, Osprey V, Ventura Profana, Arlette Quỳnh-Anh Trần, Kathleen Ritter, Gilles Roudière, Nina Wakeford, Yu-Wen Wang"
Fête de la musique : chorale,Ne manquez pas l'occasion de chanter avec une chorale participative à l'Hôtel de la Marine lors de la fête de la musique !,Paris,"2, Place de la Concorde 75008 Paris",75008,2026-06-21 16:00:00+00:00,"Evenement : Fête de la musique : chorale. Lieu : 2, Place de la Concorde 75008 Paris, Paris. Date : 21/06/2026. Description : Ne manquez pas l'occasion de chanter avec une chorale participative à l'Hôtel de la Marine lors de la fête de la musique !"
Louis Bonard - L’Apocalypse,"[...] S’inspirant de l’Apocalypse de St-Jean, cette série théâtrale conçue et jouée par Louis Bonard se déploie en quatre épisodes proposant chacun de sonder notre rapport au monde et à sa disparition, à notre disparition individuelle et collective, mais surtout de fuir à toutes jambes le fatalisme.

Comment rêver un avenir meilleur à l’heure où l’on pourrait être en train d’assister au déclin consternant de l’Humanité et aux derniers instants de la Vie sur terre ? On pratique le genre apocalyptique depuis plus de 2000 ans ; et encore plus régulièrement dans les moments de « crise ». Mais plutôt que de voir la crise comme une série de catastrophes à subir, les apocalypses la saisissent comme un prétexte à l’optimisme, une injonction à prendre du recul, à faire table rase de ce qu’on connaît ; fabuler la fin du monde pour créer un espace favorable à l’exercice de penser le futur.

Maniant l’humour, la musique, les changements de registres, et proposant une forte dimension plastique, Louis Bonard traverse son *Apocalypse* seul en scène et appelle le public à se responsabiliser et à (re)devenir acteurs et actrices de sa vie.

[Plus d’informations sur notre site web](https://ccsparis.com/evenements/louis-bonard-lapocalypse/)",Paris,"32 rue des Francs-Bourgeois, Paris",75003,2026-06-21 13:00:00+00:00,"Evenement : Louis Bonard - L’Apocalypse. Lieu : 32 rue des Francs-Bourgeois, Paris, Paris. Date : 21/06/2026. Description : [...] S’inspirant de l’Apocalypse de St-Jean, cette série théâtrale conçue et jouée par Louis Bonard se déploie en quatre épisodes proposant chacun de sonder notre rapport au monde et à sa disparition, à notre disparition individuelle et collective, mais surtout de fuir à toutes jambes le fatalisme.

Comment rêver un avenir meilleur à l’heure où l’on pourrait être en train d’assister au déclin consternant de l’Humanité et aux derniers instants de la Vie sur terre ? On pratique le genre apocalyptique depuis plus de 2000 ans ; et encore plus régulièrement dans les moments de « crise ». Mais plutôt que de voir la crise comme une série de catastrophes à subir, les apocalypses la saisissent comme un prétexte à l’optimisme, une injonction à prendre du recul, à faire table rase de ce qu’on connaît ; fabuler la fin du monde pour créer un espace favorable à l’exercice de penser le futur.

Maniant l’humour, la musique, les changements de registres, et proposant une forte dimension plastique, Louis Bonard traverse son *Apocalypse* seul en scène et appelle le public à se responsabiliser et à (re)devenir acteurs et actrices de sa vie.

[Plus d’informations sur notre site web](https://ccsparis.com/evenements/louis-bonard-lapocalypse/)"
Midsommar,"En Suède, Midsommar est une tradition ancestrale que l’on célèbre dans les prés, les parcs et les jardins, avec famille, ami.es et voisin.es. On se pare de fleurs, on danse et chante autour d’un grand mât et on déguste harengs marinés, salades de pommes de terre, snaps et autres douceurs typiques. À l’Institut suédois on fait de même, accompagné·es par la chanteuse Eskelina, qui nous fait l’honneur de guider nos pas et nos voix.  
Dès l’ouverture des grilles et tout au long de la soirée, le café FIKA vendra boissons et spécialités suédoises de mise.",Paris,"11 Rue Payenne, 75003 Paris, France",75003,2026-06-21 15:00:00+00:00,"Evenement : Midsommar. Lieu : 11 Rue Payenne, 75003 Paris, France, Paris. Date : 21/06/2026. Description : En Suède, Midsommar est une tradition ancestrale que l’on célèbre dans les prés, les parcs et les jardins, avec famille, ami.es et voisin.es. On se pare de fleurs, on danse et chante autour d’un grand mât et on déguste harengs marinés, salades de pommes de terre, snaps et autres douceurs typiques. À l’Institut suédois on fait de même, accompagné·es par la chanteuse Eskelina, qui nous fait l’honneur de guider nos pas et nos voix.  
Dès l’ouverture des grilles et tout au long de la soirée, le café FIKA vendra boissons et spécialités suédoises de mise."
Voix de femmes d'Italie à Paris,"L'Italie se chante à Paris pour la Fête de la Musique! Laissez-vous emporter par la chaleur des voix féminines de la Chorale Sono Solo Canzonette, sous la direction de Paola Niggi. Une heure de chants populaires qui racontent l'Italie dans une ambiance conviviale et festive.  
Un rendez-vous pour chanter, sourire et célébrer la musique... à l'italienne.",Paris,128 Avenue de Choisy - 75013 Paris,75013,2026-06-21 15:00:00+00:00,"Evenement : Voix de femmes d'Italie à Paris. Lieu : 128 Avenue de Choisy - 75013 Paris, Paris. Date : 21/06/2026. Description : L'Italie se chante à Paris pour la Fête de la Musique! Laissez-vous emporter par la chaleur des voix féminines de la Chorale Sono Solo Canzonette, sous la direction de Paola Niggi. Une heure de chants populaires qui racontent l'Italie dans une ambiance conviviale et festive.  
Un rendez-vous pour chanter, sourire et célébrer la musique... à l'italienne."
Les Filles du Calvaire - 30 ANS ET PLUS,"Pour autant, il ne s’agit pas ici de revenir sur un parcours accompli, mais d’affirmer une continuité vivante. 30 ans et plus n’est pas une rétrospective. C’est une déclaration d’intention, celle d’une galerie qui cultive sa raison d’être : accompagner les artistes et valoriser les pratiques artistiques actuelles.

À travers une œuvre par artiste, l’exposition réunit celles et ceux qui incarnent aujourd'hui l’histoire et l’identité de la galerie. 30 ans et plus rend compte d’un dialogue au long cours entre la galerie et les artistes, émergents ou confirmés, qu’elle accompagne. Ce dialogue fidèle, nourri d’expérimentations et de prises de risque, reflète son engagement constant pour l’art contemporain sous toutes ses formes, et tout particulièrement envers la scène française, qu’elle contribue à faire rayonner sur le territoire et à l’étranger.

Cette exposition affirme une permanence qui ne se mesure pas seulement en années, mais en rencontres, en projets et en complicités artistiques. Elle est aussi une projection vers ce qui reste à inventer. Ici, trente ans n’est pas un seuil symbolique, mais un élan : celui d’une galerie toujours en mouvement, attentive à son époque et résolument tournée vers l’avenir.

**EDITO DE STEPHANE MAGNAN**  
_Fondateur de la galerie Les filles du calvaire_

30 ans d’expositions, et tous les médiums sont concernés.

Peut-être faut-il pour comprendre la galerie dans cette diversité, que je dise d’où je viens : Mes goûts d’enfant, d’adolescent sont toujours les mêmes aujourd’hui, ce qui m’émeut c’est la pulsion scopique et la pulsion auditive- image et musique, harmonie et dissonance-, ce qui me fascine c’est l’intelligence et le raisonnement. Mes premières amours sont le grec, la mythologie, la peinture italienne et la peinture flamande de la Renaissance, Mozart, Schubert, Verdi et les mathématiques. Grande curiosité et formidable appétit.

Ma façon d’agir commence toujours par l’écoute et l’exploration, l’accueil des idées, des images, et à un moment, ça y est, je comprends, je peux décider. C’est peut-être cela, associé à la grande fidélité de l’équipe qui m’accompagne, qui donne une impression de cohérence à la galerie, qui ne se voit qu’avec le recul. J’ai eu le même fonctionnement dans mon métier d’ingénieur –festina lente-

Ce que montre la galerie est donc loin d’être figé ; cela témoigne de son engagement politique dans un monde qui évolue vite et où la démocratie est sans cesse attaquée. C’est un métier très exigeant qu’on peut décrire de plusieurs façons : le côté du découvreur, du « passeur associé » et celui du marchand. Ils sont présents en permanence, pas toujours faciles à combiner mais très excitants.

Il me semble que le coup de tonnerre inaugural pour l’art contemporain d’aujourd’hui a été en 1974 le prix de la biennale de Venise attribué à Rauschenberg : c’est ce qui a été à l’origine de ce foisonnement de création que nous voyons aujourd’hui ; tout était possible ! Son galeriste, Leo Castelli a inventé à cette époque le modèle de la galerie d’art contemporain qui prévaut encore aujourd’hui. La première foire a lieu à Cologne en 1967, rapidement suivie par celle de Bâle en 1970.  
Et on en est toujours là.

Ce qui a changé c’est la prolifération- d’artistes, de galeries, de foires, de biennales, d’initiatives de monstration de toutes sortes- pour le meilleur et pour le pire. C’est ce qui rend le métier que nous faisons extrêmement complexe en termes de discernement pour rester fidèle à ses valeurs et ne pas se laisser submerger par un capitalisme multiforme et récupérateur.

Plus récemment internet et ses avatars ont donné un élan supplémentaire au « tout est bon » ; le réseau en ligne est un outil remarquable mais qui ne fait voir que des «fantômes » d’œuvres et qui a donc absolument besoin de la galerie pour voir « en vrai ». La nécessité de l’artiste est de montrer et d’être montré, sinon pas d’existence dans le monde contemporain.

Le galeriste est donc celui qui prend le risque, après l’artiste qui prend celui de la création, de montrer des œuvres qui ne sont des valeurs sûres que pour lui, sans aucune certitude de vendre, contrairement à ce qu’exposent les musées ou institutions : des artistes déjà largement reconnus. Il est un acteur modeste de l’art contemporain qui le dépasse complètement mais dont le champ ne risque pas de se tarir.

30 ans donc, comme preuve d’espoir et de ténacité pour cette galerie qui est née de la rencontre improbable d’un groupe d’amis avec un lieu remarquable. Fino a quando ? Le pari demeure.

**HISTOIRE DE LA GALERIE**  
_texte écrit par Marie Magnier, directrice de la galerie_

Fondée à Paris en 1996 au 17 rue des Filles-du-Calvaire, la galerie Les filles du calvaire s’est imposée dès son ouverture comme un acteur influent de la scène artistique contemporaine. Très tôt, elle s’est distinguée en accompagnant les photographes, à une époque où ce médium n’occupait pas encore la place centrale qu’il tient aujourd’hui sur le marché de l’art et dans les institutions. La galerie a eu un rôle majeur pour la reconnaissance de la photographie contemporaine, dans ces pratiques exigeantes et singulières.

Fidèle à son rôle de découvreur, la galerie accorde une place essentielle aux artistes émergents. Aujourd’hui plus que jamais, elle affirme son soutien aux artistes contemporains, avec une attention particulière portée à la scène française qu'elle contribue à promouvoir sur le plan national et international. Pour renforcer cette dynamique, la galerie a depuis ses débuts ouvert sa programmation à des personnalités extérieures afin d’assurer des commissariats d’expositions (critiques d’art, artistes, curators).

La figuration a aujourd’hui une place majeure dans la programmation de la galerie. Qu’il s’agisse de photographie, de peinture, de sculpture ou de dessin, la galerie privilégie des œuvres incarnées, explorant les corps, les paysages et les récits intimes ou collectifs, tout en laissant une large place à l’interprétation et à la subjectivité. Cette cohérence artistique, construite au fil des années, fait de la galerie un espace reconnu pour la qualité de ses engagements et la singularité de son regard. La figuration n’y est jamais illustrative : elle est un outil de narration, un espace de projection, une manière de penser le monde.

Depuis ses débuts, Les filles du calvaire a montré et soutenu le travail de nombreuses artistes femmes. Ce choix, instinctif et engagé, s’est inscrit naturellement dans la ligne artistique de la galerie, indépendamment des tendances ou des injonctions du moment.

Après une expérience à Bruxelles de 2000 à 2010, la galerie a ouvert un deuxième espace en 2023, au 21 rue Chapon, ce qui lui permet d’élargir sa programmation.

Une galerie fidèle, depuis l’origine, à ce qui la fonde : défendre des artistes, se confronter au réel et accompagner les formes vivantes de la création contemporaine.

**VERNISSAGE SAMEDI 23 MAI 2026**

Les artistes présentés seront : Laia Abril, Helena Almeida, Bianca Argimón, Art Orienté Objet, Abdelhak Benallou, Katrien De Blauwer, Paz Corona, Jérémie Cosimi, Thibaut Cuisset, Gilbert Fastenaekens, Léo Fourdrinier, Charles Fréger, Makiko Fuirichi, Frances Goodman, Julia Haumont, Todd Hido, James Hyde, Michel Jocaille, Karen Knorr, Juul Kraijer, Katinka Lampe, Diana Markosian, Kate McCgwire, Olivier Mosset, Ethan Murrow, Nelli Palomäki, Clara Rivault, Karine Rougier, Kourtney Roy, Emmanuel Saulnier, Yusuf Sevinçli, Lore Stessel, Christer Strömholm, Maya Inès Touam, Qi Zhuo....",Paris,"21 Rue Chapon, 75003 Paris",75003,2026-06-20 09:00:00+00:00,"Evenement : Les Filles du Calvaire - 30 ANS ET PLUS. Lieu : 21 Rue Chapon, 75003 Paris, Paris. Date : 20/06/2026. Description : Pour autant, il ne s’agit pas ici de revenir sur un parcours accompli, mais d’affirmer une continuité vivante. 30 ans et plus n’est pas une rétrospective. C’est une déclaration d’intention, celle d’une galerie qui cultive sa raison d’être : accompagner les artistes et valoriser les pratiques artistiques actuelles.

À travers une œuvre par artiste, l’exposition réunit celles et ceux qui incarnent aujourd'hui l’histoire et l’identité de la galerie. 30 ans et plus rend compte d’un dialogue au long cours entre la galerie et les artistes, émergents ou confirmés, qu’elle accompagne. Ce dialogue fidèle, nourri d’expérimentations et de prises de risque, reflète son engagement constant pour l’art contemporain sous toutes ses formes, et tout particulièrement envers la scène française, qu’elle contribue à faire rayonner sur le territoire et à l’étranger.

Cette exposition affirme une permanence qui ne se mesure pas seulement en années, mais en rencontres, en projets et en complicités artistiques. Elle est aussi une projection vers ce qui reste à inventer. Ici, trente ans n’est pas un seuil symbolique, mais un élan : celui d’une galerie toujours en mouvement, attentive à son époque et résolument tournée vers l’avenir.

**EDITO DE STEPHANE MAGNAN**  
_Fondateur de la galerie Les filles du calvaire_

30 ans d’expositions, et tous les médiums sont concernés.

Peut-être faut-il pour comprendre la galerie dans cette diversité, que je dise d’où je viens : Mes goûts d’enfant, d’adolescent sont toujours les mêmes aujourd’hui, ce qui m’émeut c’est la pulsion scopique et la pulsion auditive- image et musique, harmonie et dissonance-, ce qui me fascine c’est l’intelligence et le raisonnement. Mes premières amours sont le grec, la mythologie, la peinture italienne et la peinture flamande de la Renaissance, Mozart, Schubert, Verdi et les mathématiques. Grande curiosité et formidable appétit.

Ma façon d’agir commence toujours par l’écoute et l’exploration, l’accueil des idées, des images, et à un moment, ça y est, je comprends, je peux décider. C’est peut-être cela, associé à la grande fidélité de l’équipe qui m’accompagne, qui donne une impression de cohérence à la galerie, qui ne se voit qu’avec le recul. J’ai eu le même fonctionnement dans mon métier d’ingénieur –festina lente-

Ce que montre la galerie est donc loin d’être figé ; cela témoigne de son engagement politique dans un monde qui évolue vite et où la démocratie est sans cesse attaquée. C’est un métier très exigeant qu’on peut décrire de plusieurs façons : le côté du découvreur, du « passeur associé » et celui du marchand. Ils sont présents en permanence, pas toujours faciles à combiner mais très excitants.

Il me semble que le coup de tonnerre inaugural pour l’art contemporain d’aujourd’hui a été en 1974 le prix de la biennale de Venise attribué à Rauschenberg : c’est ce qui a été à l’origine de ce foisonnement de création que nous voyons aujourd’hui ; tout était possible ! Son galeriste, Leo Castelli a inventé à cette époque le modèle de la galerie d’art contemporain qui prévaut encore aujourd’hui. La première foire a lieu à Cologne en 1967, rapidement suivie par celle de Bâle en 1970.  
Et on en est toujours là.

Ce qui a changé c’est la prolifération- d’artistes, de galeries, de foires, de biennales, d’initiatives de monstration de toutes sortes- pour le meilleur et pour le pire. C’est ce qui rend le métier que nous faisons extrêmement complexe en termes de discernement pour rester fidèle à ses valeurs et ne pas se laisser submerger par un capitalisme multiforme et récupérateur.

Plus récemment internet et ses avatars ont donné un élan supplémentaire au « tout est bon » ; le réseau en ligne est un outil remarquable mais qui ne fait voir que des «fantômes » d’œuvres et qui a donc absolument besoin de la galerie pour voir « en vrai ». La nécessité de l’artiste est de montrer et d’être montré, sinon pas d’existence dans le monde contemporain.

Le galeriste est donc celui qui prend le risque, après l’artiste qui prend celui de la création, de montrer des œuvres qui ne sont des valeurs sûres que pour lui, sans aucune certitude de vendre, contrairement à ce qu’exposent les musées ou institutions : des artistes déjà largement reconnus. Il est un acteur modeste de l’art contemporain qui le dépasse complètement mais dont le champ ne risque pas de se tarir.

30 ans donc, comme preuve d’espoir et de ténacité pour cette galerie qui est née de la rencontre improbable d’un groupe d’amis avec un lieu remarquable. Fino a quando ? Le pari demeure.

**HISTOIRE DE LA GALERIE**  
_texte écrit par Marie Magnier, directrice de la galerie_

Fondée à Paris en 1996 au 17 rue des Filles-du-Calvaire, la galerie Les filles du calvaire s’est imposée dès son ouverture comme un acteur influent de la scène artistique contemporaine. Très tôt, elle s’est distinguée en accompagnant les photographes, à une époque où ce médium n’occupait pas encore la place centrale qu’il tient aujourd’hui sur le marché de l’art et dans les institutions. La galerie a eu un rôle majeur pour la reconnaissance de la photographie contemporaine, dans ces pratiques exigeantes et singulières.

Fidèle à son rôle de découvreur, la galerie accorde une place essentielle aux artistes émergents. Aujourd’hui plus que jamais, elle affirme son soutien aux artistes contemporains, avec une attention particulière portée à la scène française qu'elle contribue à promouvoir sur le plan national et international. Pour renforcer cette dynamique, la galerie a depuis ses débuts ouvert sa programmation à des personnalités extérieures afin d’assurer des commissariats d’expositions (critiques d’art, artistes, curators).

La figuration a aujourd’hui une place majeure dans la programmation de la galerie. Qu’il s’agisse de photographie, de peinture, de sculpture ou de dessin, la galerie privilégie des œuvres incarnées, explorant les corps, les paysages et les récits intimes ou collectifs, tout en laissant une large place à l’interprétation et à la subjectivité. Cette cohérence artistique, construite au fil des années, fait de la galerie un espace reconnu pour la qualité de ses engagements et la singularité de son regard. La figuration n’y est jamais illustrative : elle est un outil de narration, un espace de projection, une manière de penser le monde.

Depuis ses débuts, Les filles du calvaire a montré et soutenu le travail de nombreuses artistes femmes. Ce choix, instinctif et engagé, s’est inscrit naturellement dans la ligne artistique de la galerie, indépendamment des tendances ou des injonctions du moment.

Après une expérience à Bruxelles de 2000 à 2010, la galerie a ouvert un deuxième espace en 2023, au 21 rue Chapon, ce qui lui permet d’élargir sa programmation.

Une galerie fidèle, depuis l’origine, à ce qui la fonde : défendre des artistes, se confronter au réel et accompagner les formes vivantes de la création contemporaine.

**VERNISSAGE SAMEDI 23 MAI 2026**

Les artistes présentés seront : Laia Abril, Helena Almeida, Bianca Argimón, Art Orienté Objet, Abdelhak Benallou, Katrien De Blauwer, Paz Corona, Jérémie Cosimi, Thibaut Cuisset, Gilbert Fastenaekens, Léo Fourdrinier, Charles Fréger, Makiko Fuirichi, Frances Goodman, Julia Haumont, Todd Hido, James Hyde, Michel Jocaille, Karen Knorr, Juul Kraijer, Katinka Lampe, Diana Markosian, Kate McCgwire, Olivier Mosset, Ethan Murrow, Nelli Palomäki, Clara Rivault, Karine Rougier, Kourtney Roy, Emmanuel Saulnier, Yusuf Sevinçli, Lore Stessel, Christer Strömholm, Maya Inès Touam, Qi Zhuo...."
L'Université Paris-Saclay et ses partenaires à Viva Technology 2026,"Événement d'envergure internationale, Viva Technology est le rassemblement des innovations et des transformations répondant aux grands enjeux sociétaux, environnementaux, économiques et humains d'aujourd'hui et de demain.

Sur son stand, 3H19, l'Université Paris-Saclay sera cette année accompagnée de l’Université d'Évry et de l’UVSQ, universités membres-associés, des quatre grandes écoles AgroParisTech, CentraleSupélec, l'École normale supérieure Paris-Saclay et l'Institut d'Optique Graduate School, de deux organismes nationaux de recherche partenaires, INRAE et Inria, ainsi que de l'incubateur IncubAlliance Paris-Saclay, de la SATT Paris-Saclay et de l’institut de recherche en intelligence artificielle DATAIA. Plusieurs start-up issues de la communauté universitaire et du territoire Paris-Saclay seront également présentes sur le stand.

Au cœur d’un cluster technologique qui représente 13 % de la R&D française, l’Université Paris-Saclay, première université en France et dans le Top 20 mondial, a fait le choix de placer l’innovation au cœur de sa stratégie, sur le même plan que la recherche et la formation, et l’intègre pleinement à ses missions.

L’université est porteuse du pôle universitaire d’innovation (PUI) Innovation Alliance Université Paris-Saclay, labellisé en juillet 2023 et regroupant l’Université Paris-Saclay, l’Université d'Évry, l’Université de Versailles - Saint-Quentin-en-Yvelines (UVSQ), AgroParisTech, CentraleSupélec, l’ENS Paris-Saclay, l’Institut d’Optique Graduate School, le CNRS, INRAE, Inria, l’Inserm, IncubAlliance Paris-Saclay et la SATT Paris-Saclay, et financé par l’État dans le cadre de France 2030. Pour la troisième année consécutive depuis la labellisation de ce PUI, Viva Technology sera une nouvelle occasion pour l'université de renforcer la renommée du PUI et d'accroître sa visibilité internationale.

Retrouvez sur le [site web de l'Université Paris-Saclay](https://www.universite-paris-saclay.fr/actualites/luniversite-paris-saclay-et-ses-partenaires-viva-technology-2026), prochainement, les start-up qui exposeront sur le stand durant les quatre jours de l'événement.",Paris,1 Place de la Porte de Versailles F-75015 Paris France,75015,2026-06-20 07:00:00+00:00,"Evenement : L'Université Paris-Saclay et ses partenaires à Viva Technology 2026. Lieu : 1 Place de la Porte de Versailles F-75015 Paris France, Paris. Date : 20/06/2026. Description : Événement d'envergure internationale, Viva Technology est le rassemblement des innovations et des transformations répondant aux grands enjeux sociétaux, environnementaux, économiques et humains d'aujourd'hui et de demain.

Sur son stand, 3H19, l'Université Paris-Saclay sera cette année accompagnée de l’Université d'Évry et de l’UVSQ, universités membres-associés, des quatre grandes écoles AgroParisTech, CentraleSupélec, l'École normale supérieure Paris-Saclay et l'Institut d'Optique Graduate School, de deux organismes nationaux de recherche partenaires, INRAE et Inria, ainsi que de l'incubateur IncubAlliance Paris-Saclay, de la SATT Paris-Saclay et de l’institut de recherche en intelligence artificielle DATAIA. Plusieurs start-up issues de la communauté universitaire et du territoire Paris-Saclay seront également présentes sur le stand.

Au cœur d’un cluster technologique qui représente 13 % de la R&D française, l’Université Paris-Saclay, première université en France et dans le Top 20 mondial, a fait le choix de placer l’innovation au cœur de sa stratégie, sur le même plan que la recherche et la formation, et l’intègre pleinement à ses missions.

L’université est porteuse du pôle universitaire d’innovation (PUI) Innovation Alliance Université Paris-Saclay, labellisé en juillet 2023 et regroupant l’Université Paris-Saclay, l’Université d'Évry, l’Université de Versailles - Saint-Quentin-en-Yvelines (UVSQ), AgroParisTech, CentraleSupélec, l’ENS Paris-Saclay, l’Institut d’Optique Graduate School, le CNRS, INRAE, Inria, l’Inserm, IncubAlliance Paris-Saclay et la SATT Paris-Saclay, et financé par l’État dans le cadre de France 2030. Pour la troisième année consécutive depuis la labellisation de ce PUI, Viva Technology sera une nouvelle occasion pour l'université de renforcer la renommée du PUI et d'accroître sa visibilité internationale.

Retrouvez sur le [site web de l'Université Paris-Saclay](https://www.universite-paris-saclay.fr/actualites/luniversite-paris-saclay-et-ses-partenaires-viva-technology-2026), prochainement, les start-up qui exposeront sur le stand durant les quatre jours de l'événement."
"Conférence et dédicace, Hervé Benoist","Hervé Benoist vient présenter son premier roman noir aux éditions Black-out : Mauvaise pente.

Karim Gerbault est un officier de police venu s’installer dans le Limousin, loin de la vie parisienne à laquelle il était destiné. Une vie tranquille lui permettant de s’adonner à la poésie, une passion lui venant de son père, spécialiste de Rimbaud. Nostalgique de sa jeunesse à Addis Abeba, il fréquente la communauté éthiopienne sans être l’un d’entre eux, y cherchant amour et reconnaissance. Mais une affaire de meurtre, dont le suspect principal est un poète porté disparu, l’intrigue intimement. En essayant de démêler le vrai du faux, en interrogeant les bonnes personnes, Karim se retrouve confronté à ses propres ambitions poétiques face aux mémoires de son père et de son oncle, deux grands hommes qui lui font de l’ombre. Parviendra-t-il à élucider le mystère et à faire publier son recueil, malgré son illustre ascendance ? Pourra-t-il assumer sa double identité de policier et de poète en devenir ?",Paris,6 rue Gustave Goublier,75010,2026-06-20 12:00:00+00:00,"Evenement : Conférence et dédicace, Hervé Benoist. Lieu : 6 rue Gustave Goublier, Paris. Date : 20/06/2026. Description : Hervé Benoist vient présenter son premier roman noir aux éditions Black-out : Mauvaise pente.

Karim Gerbault est un officier de police venu s’installer dans le Limousin, loin de la vie parisienne à laquelle il était destiné. Une vie tranquille lui permettant de s’adonner à la poésie, une passion lui venant de son père, spécialiste de Rimbaud. Nostalgique de sa jeunesse à Addis Abeba, il fréquente la communauté éthiopienne sans être l’un d’entre eux, y cherchant amour et reconnaissance. Mais une affaire de meurtre, dont le suspect principal est un poète porté disparu, l’intrigue intimement. En essayant de démêler le vrai du faux, en interrogeant les bonnes personnes, Karim se retrouve confronté à ses propres ambitions poétiques face aux mémoires de son père et de son oncle, deux grands hommes qui lui font de l’ombre. Parviendra-t-il à élucider le mystère et à faire publier son recueil, malgré son illustre ascendance ? Pourra-t-il assumer sa double identité de policier et de poète en devenir ?"
Semaine découverte des ateliers - Du 15 au 19 juin 2026,"Du 15 au 19 juin 2026, il est possible de « tester » sans engagement un ou plusieurs ateliers proposés, à l’exception des ateliers individuels. Le tarif est de 30€ pour le piano et la guitare, et de 45€ pour tous les autres ateliers.  
Pour vous inscrire : [**INSCRIPTION**](https://pay.brevo.com/4b7f611a-4e08-4b36-97d8-bd74751d8957)  
**Programme et tarifs :**  
**Lundi 15 juin 2026**  
20h – DE LA VOIX À LA SCÈNE – Séance : 45 €  
**Mardi 16 juin 2026**  
19h — S’ACCOMPAGNER À LA GUITARE – Séance : 30 €  
20h — AUTEUR-COMPOSITEUR-INTERPRÈTE – Séance : 45€  
**Mercredi 17 juin 2026**  
19h — S’ACCOMPAGNER AU PIANO – Séance : 30 €  
20h — VOIX ET SCÈNE – Séance : 45 €  
**Jeudi 18 juin 2026**  
19h — ÉCRITURE – Séance : 45 €  
19h — PERFECTIONNEMENT VOIX ET SCÈNE – Séance : 45 €  
**Vendredi 19 juin 2026**  
19h — VOIX AU TRIMESTRE – Séance : 45 €",Paris,124 avenue de la république 75011 paris,75011,2026-06-19 17:00:00+00:00,"Evenement : Semaine découverte des ateliers - Du 15 au 19 juin 2026. Lieu : 124 avenue de la république 75011 paris, Paris. Date : 19/06/2026. Description : Du 15 au 19 juin 2026, il est possible de « tester » sans engagement un ou plusieurs ateliers proposés, à l’exception des ateliers individuels. Le tarif est de 30€ pour le piano et la guitare, et de 45€ pour tous les autres ateliers.  
Pour vous inscrire : [**INSCRIPTION**](https://pay.brevo.com/4b7f611a-4e08-4b36-97d8-bd74751d8957)  
**Programme et tarifs :**  
**Lundi 15 juin 2026**  
20h – DE LA VOIX À LA SCÈNE – Séance : 45 €  
**Mardi 16 juin 2026**  
19h — S’ACCOMPAGNER À LA GUITARE – Séance : 30 €  
20h — AUTEUR-COMPOSITEUR-INTERPRÈTE – Séance : 45€  
**Mercredi 17 juin 2026**  
19h — S’ACCOMPAGNER AU PIANO – Séance : 30 €  
20h — VOIX ET SCÈNE – Séance : 45 €  
**Jeudi 18 juin 2026**  
19h — ÉCRITURE – Séance : 45 €  
19h — PERFECTIONNEMENT VOIX ET SCÈNE – Séance : 45 €  
**Vendredi 19 juin 2026**  
19h — VOIX AU TRIMESTRE – Séance : 45 €"
La voix chantée dans les Musiques Actuelles – Parcours Intensif,"**La voix chantée dans les Musiques Actuelles – Parcours Intensif**  
Explorez le potentiel de votre voix !  
De l’échauffement à la scène, en passant par l’enregistrement, cette formation certifiante vous permettra de développer vos compétences et votre identité vocale.",Paris,124 avenue de la république 75011 paris,75011,2026-06-19 06:00:00+00:00,"Evenement : La voix chantée dans les Musiques Actuelles – Parcours Intensif. Lieu : 124 avenue de la république 75011 paris, Paris. Date : 19/06/2026. Description : **La voix chantée dans les Musiques Actuelles – Parcours Intensif**  
Explorez le potentiel de votre voix !  
De l’échauffement à la scène, en passant par l’enregistrement, cette formation certifiante vous permettra de développer vos compétences et votre identité vocale."
Histoire des sacres : le sacre de Charles X,Histoires et mémoires de la Révolution et de la Restauration,Paris,"Square Louis XVI 29, rue Pasquier 75008 Paris",75008,2026-06-18 18:30:00+00:00,"Evenement : Histoire des sacres : le sacre de Charles X. Lieu : Square Louis XVI 29, rue Pasquier 75008 Paris, Paris. Date : 18/06/2026. Description : Histoires et mémoires de la Révolution et de la Restauration"
Hit the road de Panah Panahi (2021-1h33),"Une famille est en route vers une destination secrète.  
A l'arrière de la voiture, le père arbore un plâtre, mais s'est-il vraiment cassé la jambe ?  
La mère rit de tout mais ne se retient-elle pas de pleurer ?  
Leur petit garçon ne cesse de blaguer, de chanter et danser.",Paris,"24 Place Denfert-Rochereau, 75014 Paris",75014,2026-06-18 16:00:00+00:00,"Evenement : Hit the road de Panah Panahi (2021-1h33). Lieu : 24 Place Denfert-Rochereau, 75014 Paris, Paris. Date : 18/06/2026. Description : Une famille est en route vers une destination secrète.  
A l'arrière de la voiture, le père arbore un plâtre, mais s'est-il vraiment cassé la jambe ?  
La mère rit de tout mais ne se retient-elle pas de pleurer ?  
Leur petit garçon ne cesse de blaguer, de chanter et danser."
MIRADAS CRUZADAS,"À l’occasion du bicentenaire des relations entre le Mexique et la France, l’Ambassade du Mexique en France, en partenariat avec l’Association Alumni México Francia A.C., présente l’exposition Miradas cruzadas : 200 ans de presse Mexique–France. Celle-ci sera accueillie à l’Institut culturel du Mexique à Paris en mai 2026, avant d’être présentée à Mexico en octobre 2026. Elle propose une lecture inédite de ces échanges à travers le prisme de la presse.  
Conçue comme un miroir des sociétés mexicaine et française, l’exposition met en lumière les événements marquants qui ont façonné l’évolution des deux nations. Si leurs trajectoires historiques se sont inscrites dans des temporalités distinctes, elles témoignent néanmoins d’une convergence autour de principes et de valeurs partagés, notamment en matière de droits de l’homme, d'émancipation des femmes, de reconnaissance des diversités culturelles et linguistiques, ainsi que d’attachement aux principes démocratiques.  
Au cœur du parcours, un ensemble de 200 titres de presse emblématiques, issus des deux rives de l’Atlantique, illustre deux siècles d’histoire croisée. Cette sélection réunit des unes historiques et des éditions spéciales provenant de la collection d’Alain Schott, ainsi que de fonds mexicains de référence, notamment la Hemeroteca Nacional de México (UNAM) et El Heraldo Media Group. Elle met en perspective les modalités de traitement et de diffusion d’événements majeurs par les organes de presse des deux pays.  
En croisant les regards journalistiques, l’exposition propose une approche historique, culturelle et médiatique, soulignant le rôle structurant de la presse dans la formation de l’opinion publique, des imaginaires collectifs et des relations internationales. Elle met en évidence les dynamiques de circulation des idées entre le Mexique et la France et invite le public à porter un regard éclairé et critique sur les sources d’information, ainsi que sur leur rôle dans la transmission et l’interprétation de l’histoire.",Paris,119 rue Vieille du Temple 75003 Paris,75003,2026-06-18 12:00:00+00:00,"Evenement : MIRADAS CRUZADAS. Lieu : 119 rue Vieille du Temple 75003 Paris, Paris. Date : 18/06/2026. Description : À l’occasion du bicentenaire des relations entre le Mexique et la France, l’Ambassade du Mexique en France, en partenariat avec l’Association Alumni México Francia A.C., présente l’exposition Miradas cruzadas : 200 ans de presse Mexique–France. Celle-ci sera accueillie à l’Institut culturel du Mexique à Paris en mai 2026, avant d’être présentée à Mexico en octobre 2026. Elle propose une lecture inédite de ces échanges à travers le prisme de la presse.  
Conçue comme un miroir des sociétés mexicaine et française, l’exposition met en lumière les événements marquants qui ont façonné l’évolution des deux nations. Si leurs trajectoires historiques se sont inscrites dans des temporalités distinctes, elles témoignent néanmoins d’une convergence autour de principes et de valeurs partagés, notamment en matière de droits de l’homme, d'émancipation des femmes, de reconnaissance des diversités culturelles et linguistiques, ainsi que d’attachement aux principes démocratiques.  
Au cœur du parcours, un ensemble de 200 titres de presse emblématiques, issus des deux rives de l’Atlantique, illustre deux siècles d’histoire croisée. Cette sélection réunit des unes historiques et des éditions spéciales provenant de la collection d’Alain Schott, ainsi que de fonds mexicains de référence, notamment la Hemeroteca Nacional de México (UNAM) et El Heraldo Media Group. Elle met en perspective les modalités de traitement et de diffusion d’événements majeurs par les organes de presse des deux pays.  
En croisant les regards journalistiques, l’exposition propose une approche historique, culturelle et médiatique, soulignant le rôle structurant de la presse dans la formation de l’opinion publique, des imaginaires collectifs et des relations internationales. Elle met en évidence les dynamiques de circulation des idées entre le Mexique et la France et invite le public à porter un regard éclairé et critique sur les sources d’information, ainsi que sur leur rôle dans la transmission et l’interprétation de l’histoire."
Écriture de textes de chanson dans les Musiques Actuelles,"**Écriture de textes de chanson dans les Musiques Actuelles**  
Plongez dans l’écriture et la création de chansons ! 1 formation certifiante d’une semaine pour développer son imaginaire, aborder les bases de la propriété intellectuelle et produire des chansons qui vous ressemblent.",Paris,124 avenue de la république 75011 paris,75011,2026-06-18 08:00:00+00:00,"Evenement : Écriture de textes de chanson dans les Musiques Actuelles. Lieu : 124 avenue de la république 75011 paris, Paris. Date : 18/06/2026. Description : **Écriture de textes de chanson dans les Musiques Actuelles**  
Plongez dans l’écriture et la création de chansons ! 1 formation certifiante d’une semaine pour développer son imaginaire, aborder les bases de la propriété intellectuelle et produire des chansons qui vous ressemblent."
Récital de piano de Dana Ciocarlie au Centre tchèque de Paris,"Lors de ce nouveau concert en collaboration avec l'Association Piano Paris Prague A3P, vous découvrirez un véritable ""feu d'artifice"" de musique populaire, moderne et contemporaine sous les doigts d'une grande pianiste actuelle, Dana Ciocarlie. Ce récital s’inscrit dans le contexte de la sortie en janvier 2026 chez ""La Dolce Volta"" de l'album-portrait ""Ciocârlia"".

Le cycle Piano Pulse présente au cours de la saison 2025—2026 des artistes évoluant entre la France et la République tchèque, aussi bien confirmés qu'émergents, sous la direction artistique du compositeur et pianiste Kryštof Mařatka, qui présente chaque concert.

Ce programme invite à un voyage musical entre France, Roumanie et Europe centrale. Aux côtés de Jean-Philippe Rameau, on retrouve la poésie de Georges Enesco et de Leoš Janáček, ainsi que les univers modernes de Henri Dutilleux, Benoît Menut et Edith Canat de Chizy. Les danses roumaines de Paul Constantinesco, la célèbre Ciocârlia et Béla Bartók apportent une touche unique et festive à ce concert riche en couleurs et en contrastes.

Retrouvez le programme complet sur notre site.  
Réservations sur EventBrite :  
[https://www.eventbrite.fr/e/piano-pulse-4-ciocarlia-lalouette-tickets-1988308722914](https://www.eventbrite.fr/e/piano-pulse-4-ciocarlia-lalouette-tickets-1988308722914)",Paris,"18 Rue Bonaparte, 75006 Paris",75006,2026-06-17 17:30:00+00:00,"Evenement : Récital de piano de Dana Ciocarlie au Centre tchèque de Paris. Lieu : 18 Rue Bonaparte, 75006 Paris, Paris. Date : 17/06/2026. Description : Lors de ce nouveau concert en collaboration avec l'Association Piano Paris Prague A3P, vous découvrirez un véritable ""feu d'artifice"" de musique populaire, moderne et contemporaine sous les doigts d'une grande pianiste actuelle, Dana Ciocarlie. Ce récital s’inscrit dans le contexte de la sortie en janvier 2026 chez ""La Dolce Volta"" de l'album-portrait ""Ciocârlia"".

Le cycle Piano Pulse présente au cours de la saison 2025—2026 des artistes évoluant entre la France et la République tchèque, aussi bien confirmés qu'émergents, sous la direction artistique du compositeur et pianiste Kryštof Mařatka, qui présente chaque concert.

Ce programme invite à un voyage musical entre France, Roumanie et Europe centrale. Aux côtés de Jean-Philippe Rameau, on retrouve la poésie de Georges Enesco et de Leoš Janáček, ainsi que les univers modernes de Henri Dutilleux, Benoît Menut et Edith Canat de Chizy. Les danses roumaines de Paul Constantinesco, la célèbre Ciocârlia et Béla Bartók apportent une touche unique et festive à ce concert riche en couleurs et en contrastes.

Retrouvez le programme complet sur notre site.  
Réservations sur EventBrite :  
[https://www.eventbrite.fr/e/piano-pulse-4-ciocarlia-lalouette-tickets-1988308722914](https://www.eventbrite.fr/e/piano-pulse-4-ciocarlia-lalouette-tickets-1988308722914)"
EX SILENTIO – Concert “In exilium”,"À travers le programme de ce concert, l’ensemble grec de musique ancienne Ex Silentio met en lumière les **influences de la musique française** en **Grèce** et à **Chypre** à la fin du Moyen Âge.

Des musiques rares issues du **Codex de Chypre** et de la Cour des Lusignan à **Nicosie**, aux **hymnes byzantins** de l’époque, en passant par les oeuvres de **Guillaume de Machaut** et de **Guillaume Dufay**, Ex Silentio explore une période méconnue mais fascinante, située entre le début et la fin du monde médiéval, **entre l’Orient et l’Occident**.

L’ensemble se produit fréquemment dans des festivals en Europe et en Amérique, et a publié six albums.

_**EX SILENTIO**_  
**Fanie Antonelou** Chant  
**Irini Bilini-Moraiti** Chant, vielle & percussion  
**Athanasia Teliou** Vielle  
**Antonios Aetopoulos** Chantre  
**Dimitris Kountouras** Flûtes & direction  
[www.exsilentio.org](www.exsilentio.org)",Paris,7 rue Georges Bizet 75016,75116,2026-06-16 18:00:00+00:00,"Evenement : EX SILENTIO – Concert “In exilium”. Lieu : 7 rue Georges Bizet 75016, Paris. Date : 16/06/2026. Description : À travers le programme de ce concert, l’ensemble grec de musique ancienne Ex Silentio met en lumière les **influences de la musique française** en **Grèce** et à **Chypre** à la fin du Moyen Âge.

Des musiques rares issues du **Codex de Chypre** et de la Cour des Lusignan à **Nicosie**, aux **hymnes byzantins** de l’époque, en passant par les oeuvres de **Guillaume de Machaut** et de **Guillaume Dufay**, Ex Silentio explore une période méconnue mais fascinante, située entre le début et la fin du monde médiéval, **entre l’Orient et l’Occident**.

L’ensemble se produit fréquemment dans des festivals en Europe et en Amérique, et a publié six albums.

_**EX SILENTIO**_  
**Fanie Antonelou** Chant  
**Irini Bilini-Moraiti** Chant, vielle & percussion  
**Athanasia Teliou** Vielle  
**Antonios Aetopoulos** Chantre  
**Dimitris Kountouras** Flûtes & direction  
[www.exsilentio.org](www.exsilentio.org)"
Making of La Caverne du Pont Neuf,"Le [Studio JR](https://www.jr-art.net/fr), en partenariat avec le [CAUE de Paris](https://www.caue75.fr/), présente au grand public les coulisses de l'installation « [La Caverne du Pont Neuf](https://www.jr-art.net/fr/projects/la-caverne-du-pont-neuf) », une œuvre ambitieuse et éphémère conçue par JR présentée du 6 au 28 juin 2026.  
Hommage à l'œuvre « [The Pont Neuf Wrapped](https://christojeanneclaude.net/la-caverne-du-pont-neuf/) » de Christo et Jeann-Claude, qui a marqué les esprits en 1985, la vision de JR s'inspire des carrières d'où proviennent les pierres du pont et met en valeur les origines de l'architecture historique de Paris. La Caverne du Pont Neuf juxtapose le brut et le sauvage à l'élégance raffinée de Paris, créant ainsi un dialogue entre le passé et le présent.  
Cette rencontre unique à [Césure](https://cesure.paris/) avec les équipes du projet révèlera le processus créatif et les nombreux défis techniques autour de l'œuvre monumentale.  
**Inscription individuelle gratuite, dans la limite des places disponibles.**",Paris,13 rue Santeuil 75005 Paris,75005,2026-06-16 17:00:00+00:00,"Evenement : Making of La Caverne du Pont Neuf. Lieu : 13 rue Santeuil 75005 Paris, Paris. Date : 16/06/2026. Description : Le [Studio JR](https://www.jr-art.net/fr), en partenariat avec le [CAUE de Paris](https://www.caue75.fr/), présente au grand public les coulisses de l'installation « [La Caverne du Pont Neuf](https://www.jr-art.net/fr/projects/la-caverne-du-pont-neuf) », une œuvre ambitieuse et éphémère conçue par JR présentée du 6 au 28 juin 2026.  
Hommage à l'œuvre « [The Pont Neuf Wrapped](https://christojeanneclaude.net/la-caverne-du-pont-neuf/) » de Christo et Jeann-Claude, qui a marqué les esprits en 1985, la vision de JR s'inspire des carrières d'où proviennent les pierres du pont et met en valeur les origines de l'architecture historique de Paris. La Caverne du Pont Neuf juxtapose le brut et le sauvage à l'élégance raffinée de Paris, créant ainsi un dialogue entre le passé et le présent.  
Cette rencontre unique à [Césure](https://cesure.paris/) avec les équipes du projet révèlera le processus créatif et les nombreux défis techniques autour de l'œuvre monumentale.  
**Inscription individuelle gratuite, dans la limite des places disponibles.**"
La voix chantée dans les Musiques Actuelles – Parcours long,"**La voix chantée dans les Musiques Actuelles – Parcours long**  
Explorez le potentiel de votre voix ! De l'échauffement à la scène, en passant par l'enregistrement, cette formation certifiante vous permettra de développer vos compétences et votre identité vocale.",Paris,124 avenue de la république 75011 paris,75011,2026-06-16 08:00:00+00:00,"Evenement : La voix chantée dans les Musiques Actuelles – Parcours long. Lieu : 124 avenue de la république 75011 paris, Paris. Date : 16/06/2026. Description : **La voix chantée dans les Musiques Actuelles – Parcours long**  
Explorez le potentiel de votre voix ! De l'échauffement à la scène, en passant par l'enregistrement, cette formation certifiante vous permettra de développer vos compétences et votre identité vocale."
Atelier adulte et famille : Les ors de l'Hôtel de la Marine,Initiez-vous à la dorure à la feuille sous les auspices d'Apollon !,Paris,"2, Place de la Concorde 75008 Paris",75008,2026-06-14 14:00:00+00:00,"Evenement : Atelier adulte et famille : Les ors de l'Hôtel de la Marine. Lieu : 2, Place de la Concorde 75008 Paris, Paris. Date : 14/06/2026. Description : Initiez-vous à la dorure à la feuille sous les auspices d'Apollon !"
LUCIENNE EDEN,"Entre humour, poésie et tragédie douce, Lucienne Eden raconte une rencontre, une transformation. Celle de deux âmes qui grandissent, s'ouvrent au monde, à l'autre et à eux-mêmes. Et qui, peut-être, apprennent à aimer dans un monde abimé, mais encore fertile de lumière.  
Lucienne Eden, une enfant à l'énergie insolente et a l'univers loufoque, vit presque seule sur une ile préservée.  
Depuis que sa mère est partie, elle a pour unique voisin un mystérieux vieil homme. Un matin, elle découvre sur la plage un garçon de son age rejeté par la mer au milieu de déchets plastiques. Peu à peu, ils s'apprivoisent. Lucienne lui fait découvrir son ile fantastique où la nature a repris ses droits : forêt de brocolis géants, pandas mangeurs de grizzlis. Mais cet endroit  
Idyllique aux parfums d'enfance est menacé : il va falloir se résoudre à le quitter pour le monde réel.  
3 personnages perdus sur une île déserte, qui survivent entourés de déchets plastiques, et d’animaux génétiquement mutés par la pollution et les essais nucléaires dans les régions voisines.  
Spectacle tout public (âge conseillé à partir de 8 ans) à venir découvrir en famille (et pas que!).  
Spectacle est -70% pour les moins de 26 ans.  
Pour les + 26 ans, avec le code promo : EDEN à saisir sur le site du funambule vous pouvez bénéficier d’une promotion à -50%. Il suffit de sélectionner le billet et tarif plein, et au moment de la facturation une case de code promotionnel s’affiche (juste avant le paiement)  
Billet réduc fait aussi une offre à une place achetée, une place offerte.  
Si le prix était un problème, n’hésitez pas à nous contacter pour trouver une solution qui vous conviendrait: Il est possible de faire des tarifs de groupe.    
Vous pouvez voir des images sur l'instagram de la Compagnie du 109

Merci pour votre temps, et bonne journée à vous,  
Benjamin Bonnet.",Paris,"53 Rue des Saules, 75018 Paris",75018,2026-06-14 14:00:00+00:00,"Evenement : LUCIENNE EDEN. Lieu : 53 Rue des Saules, 75018 Paris, Paris. Date : 14/06/2026. Description : Entre humour, poésie et tragédie douce, Lucienne Eden raconte une rencontre, une transformation. Celle de deux âmes qui grandissent, s'ouvrent au monde, à l'autre et à eux-mêmes. Et qui, peut-être, apprennent à aimer dans un monde abimé, mais encore fertile de lumière.  
Lucienne Eden, une enfant à l'énergie insolente et a l'univers loufoque, vit presque seule sur une ile préservée.  
Depuis que sa mère est partie, elle a pour unique voisin un mystérieux vieil homme. Un matin, elle découvre sur la plage un garçon de son age rejeté par la mer au milieu de déchets plastiques. Peu à peu, ils s'apprivoisent. Lucienne lui fait découvrir son ile fantastique où la nature a repris ses droits : forêt de brocolis géants, pandas mangeurs de grizzlis. Mais cet endroit  
Idyllique aux parfums d'enfance est menacé : il va falloir se résoudre à le quitter pour le monde réel.  
3 personnages perdus sur une île déserte, qui survivent entourés de déchets plastiques, et d’animaux génétiquement mutés par la pollution et les essais nucléaires dans les régions voisines.  
Spectacle tout public (âge conseillé à partir de 8 ans) à venir découvrir en famille (et pas que!).  
Spectacle est -70% pour les moins de 26 ans.  
Pour les + 26 ans, avec le code promo : EDEN à saisir sur le site du funambule vous pouvez bénéficier d’une promotion à -50%. Il suffit de sélectionner le billet et tarif plein, et au moment de la facturation une case de code promotionnel s’affiche (juste avant le paiement)  
Billet réduc fait aussi une offre à une place achetée, une place offerte.  
Si le prix était un problème, n’hésitez pas à nous contacter pour trouver une solution qui vous conviendrait: Il est possible de faire des tarifs de groupe.    
Vous pouvez voir des images sur l'instagram de la Compagnie du 109

Merci pour votre temps, et bonne journée à vous,  
Benjamin Bonnet."
Visites guidées + goûter,"[...] Pour prolonger ce moment d’échange, un goûter est offert à la buvette dans la cour du Centre culturel suisse.

MAI-THU PERRET – OTHERMOTHERS
Première exposition institutionnelle de Mai-Thu Perret (née en 1976, vit et travaille à Genève) à Paris, Othermothers nous transporte dans un espace-temps cosmique. Univers matriciel peuplé de divinités puissantes et de créatures espiègles, l’exposition convoque une histoire chimérique de la représentation, introduisant une nouvelle généalogie de déesses. En passant du son à la céramique, du bronze au néon, de la tapisserie au verre soufflé, l’artiste hybride les matières et les mythologies. Déployant un regard à la fois critique et spirituel, Othermothers convoque de nouvelles cosmogonies dissidentes et la possibilité d’une narration contemporaine mutante et sororale.

INGEBORG LÜSCHER – FLAMMES
Retraçant la pratique d’Ingeborg Lüscher (née 1936 en Allemagne ; vit et travaille au Tessin) l’exposition Flammes dévoile le rapport à l’embrasement qu’a développé l’artiste depuis ses premières expérimentations jusqu’à nos jours. Du souffre à la cendre, des braises aux volutes de fumée, les œuvres présentées explorent la vitalité du feu et sa puissance créatrice et indocile. Après un premier parcours de comédienne, Ingeborg Lüscher débute à la fin des années 1960 une recherche plastique, picturale et performative qui ne la quittera plus. Elle déploie également une pratique photographique unique, documentant ses proches, les rencontres faites et les paysages parcourus lors de ses voyages et dans son quotidien. Dès 1975, l’artiste compose également des œuvres conceptuelles et autobiographiques autour du hasard, de l’amour ou des rêves. Flammes explore la vitalité d’une riche carrière artistique nourrie par une quête continue de la transformation, un intérêt profond pour les processus cycliques de la destruction au renouveau, de la matière et des corps, de l’absence à la renaissance.

AKOSUA VIKTORIA ADU-SANYAH – NO FLOWERS
Première exposition monographique en France d’Akosua Viktoria Adu-Sanyah (née en 1990, vit et travaille à Zurich), no flowers engage une réflexion sur l’absence, le deuil et la violence inhérente aux systèmes médicaux et technologiques. L’exposition présente une pièce centrale du corpus DELIRIUM, initié en 2022, et no flowers, le chapitre développé autour du livre éponyme de l’artiste, co-édité avec le Centre culturel suisse. Tandis que DELIRIUM marquait un moment de déstabilisation où le portrait du père de l’artiste entamait un processus génératif de distorsion, no flowers s’oriente vers un acte de préservation. Des photographies analogiques de bouquets de fleurs séchées constituent la base matérielle du projet. En 2022, certaines ont été traitées par un système génératif d’images sans prompt, produisant des mutations visuelles retranscrites ensuite sur négatifs et imprimées en chambre noire. Elles côtoient les fragments du parcours médical du père de l’artiste et des observations cliniques rédigées par son dernier médecin à Accra. Sous la forme de tirages par contact, ce langage clinique — précis et procédural — réapparaît comme une matière physique. La répétition de fleurs, parfois intactes, parfois altérées, entoure la figure du père comme un geste posthume : non pas une conclusion, mais une présence. Entre désorientation, persévérance et attention, no flowers compose un espace de résistance à la disparition par la présence matérielle de l’image.

[Plus d’informations sur notre site web](https://ccsparis.com/evenements/visites-guidees-gouter-1/)",Paris,"32 rue des Francs-Bourgeois, Paris",75003,2026-06-14 14:00:00+00:00,"Evenement : Visites guidées + goûter. Lieu : 32 rue des Francs-Bourgeois, Paris, Paris. Date : 14/06/2026. Description : [...] Pour prolonger ce moment d’échange, un goûter est offert à la buvette dans la cour du Centre culturel suisse.

MAI-THU PERRET – OTHERMOTHERS
Première exposition institutionnelle de Mai-Thu Perret (née en 1976, vit et travaille à Genève) à Paris, Othermothers nous transporte dans un espace-temps cosmique. Univers matriciel peuplé de divinités puissantes et de créatures espiègles, l’exposition convoque une histoire chimérique de la représentation, introduisant une nouvelle généalogie de déesses. En passant du son à la céramique, du bronze au néon, de la tapisserie au verre soufflé, l’artiste hybride les matières et les mythologies. Déployant un regard à la fois critique et spirituel, Othermothers convoque de nouvelles cosmogonies dissidentes et la possibilité d’une narration contemporaine mutante et sororale.

INGEBORG LÜSCHER – FLAMMES
Retraçant la pratique d’Ingeborg Lüscher (née 1936 en Allemagne ; vit et travaille au Tessin) l’exposition Flammes dévoile le rapport à l’embrasement qu’a développé l’artiste depuis ses premières expérimentations jusqu’à nos jours. Du souffre à la cendre, des braises aux volutes de fumée, les œuvres présentées explorent la vitalité du feu et sa puissance créatrice et indocile. Après un premier parcours de comédienne, Ingeborg Lüscher débute à la fin des années 1960 une recherche plastique, picturale et performative qui ne la quittera plus. Elle déploie également une pratique photographique unique, documentant ses proches, les rencontres faites et les paysages parcourus lors de ses voyages et dans son quotidien. Dès 1975, l’artiste compose également des œuvres conceptuelles et autobiographiques autour du hasard, de l’amour ou des rêves. Flammes explore la vitalité d’une riche carrière artistique nourrie par une quête continue de la transformation, un intérêt profond pour les processus cycliques de la destruction au renouveau, de la matière et des corps, de l’absence à la renaissance.

AKOSUA VIKTORIA ADU-SANYAH – NO FLOWERS
Première exposition monographique en France d’Akosua Viktoria Adu-Sanyah (née en 1990, vit et travaille à Zurich), no flowers engage une réflexion sur l’absence, le deuil et la violence inhérente aux systèmes médicaux et technologiques. L’exposition présente une pièce centrale du corpus DELIRIUM, initié en 2022, et no flowers, le chapitre développé autour du livre éponyme de l’artiste, co-édité avec le Centre culturel suisse. Tandis que DELIRIUM marquait un moment de déstabilisation où le portrait du père de l’artiste entamait un processus génératif de distorsion, no flowers s’oriente vers un acte de préservation. Des photographies analogiques de bouquets de fleurs séchées constituent la base matérielle du projet. En 2022, certaines ont été traitées par un système génératif d’images sans prompt, produisant des mutations visuelles retranscrites ensuite sur négatifs et imprimées en chambre noire. Elles côtoient les fragments du parcours médical du père de l’artiste et des observations cliniques rédigées par son dernier médecin à Accra. Sous la forme de tirages par contact, ce langage clinique — précis et procédural — réapparaît comme une matière physique. La répétition de fleurs, parfois intactes, parfois altérées, entoure la figure du père comme un geste posthume : non pas une conclusion, mais une présence. Entre désorientation, persévérance et attention, no flowers compose un espace de résistance à la disparition par la présence matérielle de l’image.

[Plus d’informations sur notre site web](https://ccsparis.com/evenements/visites-guidees-gouter-1/)"
Festival Double•Science les 12 & 13 juin 2026 au Ground Control à Paris,"Cette année encore, l'Université Paris-Saclay participe au festival Double•Science les 12 & 13 juin 2026 au Ground Control (Paris) pour une 4ᵉ édition toujours plus ambitieuse !

La science sort des labos et s’invite là où on ne l’attend pas ! Alors, prêt·e à bousculer vos certitudes ?

Gratuit, ouvert à tous les âges, Double•Science est un festival transdisciplinaire dédié à la vulgarisation scientifique sous des formats culturels et immersifs inédits.

Pensé avec des institutions de référence (Universités, Institut Pasteur, Inserm, etc.), il valorise la recherche scientifique en la rendant accessible, participative et ludique, autour de thématiques clés comme le changement climatique, la santé, l’intelligence artificielle ou encore la désinformation.

Ici, pas de conférence formelle : le festival explore de nouveaux formats pour reconnecter le public avec la science : concerts infusés aux sciences, théâtre interactif, escape game géant, ateliers participatifs, jeux immersifs, débats créatifs…

Porté par une programmation paritaire, validée par les partenaires scientifiques, Double•Science se tient dans un tiers-lieu culturel et engagé, le Ground Control, pour casser les codes traditionnels et réinventer le dialogue entre sciences et société.  
  
**La programmation** **de l'Université Paris-Saclay**

*   **Les animations sur le stand :**
    
*   Vendredi 12 juin : de 13h à 15h, Sortez les blouses ! avec Brusicor02
    
*   Samedi 13 juin : de 13h à 15h, La Physique Autrement avec Julien Bobroff et Lou-Andreas Etienne / 16h à 19h, Sortez les blouses ! avec Brusicor02
    
*   **Sur la Scène Charolais :**  
    Des humoristes montent sur scène avec des scientifiques pour un show inédit où science et rire ne font qu’un ! Pour cette édition, Emmanuelle Bourneuf (Université Paris Saclay) partagera la scène avec Elise Bordet.
    

Un événement reconnu par le Ministère de la Culture, la Ville de Paris et la Région Île-de-France.

Une ambiance inclusive, festive, exigeante et décalée.

Un festival où l’on pense, débat, crée… et surtout, où on s’amuse à apprendre.

À vous de jouer : la science vous attend !",Paris,"81 rue du Charolais, 75012 Paris",75012,2026-06-13 11:00:00+00:00,"Evenement : Festival Double•Science les 12 & 13 juin 2026 au Ground Control à Paris. Lieu : 81 rue du Charolais, 75012 Paris, Paris. Date : 13/06/2026. Description : Cette année encore, l'Université Paris-Saclay participe au festival Double•Science les 12 & 13 juin 2026 au Ground Control (Paris) pour une 4ᵉ édition toujours plus ambitieuse !

La science sort des labos et s’invite là où on ne l’attend pas ! Alors, prêt·e à bousculer vos certitudes ?

Gratuit, ouvert à tous les âges, Double•Science est un festival transdisciplinaire dédié à la vulgarisation scientifique sous des formats culturels et immersifs inédits.

Pensé avec des institutions de référence (Universités, Institut Pasteur, Inserm, etc.), il valorise la recherche scientifique en la rendant accessible, participative et ludique, autour de thématiques clés comme le changement climatique, la santé, l’intelligence artificielle ou encore la désinformation.

Ici, pas de conférence formelle : le festival explore de nouveaux formats pour reconnecter le public avec la science : concerts infusés aux sciences, théâtre interactif, escape game géant, ateliers participatifs, jeux immersifs, débats créatifs…

Porté par une programmation paritaire, validée par les partenaires scientifiques, Double•Science se tient dans un tiers-lieu culturel et engagé, le Ground Control, pour casser les codes traditionnels et réinventer le dialogue entre sciences et société.  
  
**La programmation** **de l'Université Paris-Saclay**

*   **Les animations sur le stand :**
    
*   Vendredi 12 juin : de 13h à 15h, Sortez les blouses ! avec Brusicor02
    
*   Samedi 13 juin : de 13h à 15h, La Physique Autrement avec Julien Bobroff et Lou-Andreas Etienne / 16h à 19h, Sortez les blouses ! avec Brusicor02
    
*   **Sur la Scène Charolais :**  
    Des humoristes montent sur scène avec des scientifiques pour un show inédit où science et rire ne font qu’un ! Pour cette édition, Emmanuelle Bourneuf (Université Paris Saclay) partagera la scène avec Elise Bordet.
    

Un événement reconnu par le Ministère de la Culture, la Ville de Paris et la Région Île-de-France.

Une ambiance inclusive, festive, exigeante et décalée.

Un festival où l’on pense, débat, crée… et surtout, où on s’amuse à apprendre.

À vous de jouer : la science vous attend !"
Only French Show,"Only French Show présente une soirée exceptionnelle en 2 parties :

**1\. Spectacle Transmission** : avec Sel on the moon & Dom Prévost (sortie d’un nouvel EP), Kantala et leurs musiciens. C’est un melting-pot de chansons franco-burkinabées. On y mélange chants, styles, rythmes, langues, instruments (kora, percussions, guitare, basse & batterie) dans des créations originales autour de l’écologie et l’amitié des peuples. Une section de cuivre sera présente pour l’occasion.  
**2\. Lëk Sèn** et ses musiciens : Originaire de Ngor au Sénégal, il trace une route singulière où le reggae roots rencontre les rythmes d’Afrique et les pulsations urbaines. Derrière chaque mot et chaque note, il tisse une écriture brute et sincère, empreinte de mémoire et d’avenir.  
Horaires & tarifs : 20h00 - 22h40",Paris,"4 impasse lamier, 75011 Paris",75011,2026-06-13 17:30:00+00:00,"Evenement : Only French Show. Lieu : 4 impasse lamier, 75011 Paris, Paris. Date : 13/06/2026. Description : Only French Show présente une soirée exceptionnelle en 2 parties :

**1\. Spectacle Transmission** : avec Sel on the moon & Dom Prévost (sortie d’un nouvel EP), Kantala et leurs musiciens. C’est un melting-pot de chansons franco-burkinabées. On y mélange chants, styles, rythmes, langues, instruments (kora, percussions, guitare, basse & batterie) dans des créations originales autour de l’écologie et l’amitié des peuples. Une section de cuivre sera présente pour l’occasion.  
**2\. Lëk Sèn** et ses musiciens : Originaire de Ngor au Sénégal, il trace une route singulière où le reggae roots rencontre les rythmes d’Afrique et les pulsations urbaines. Derrière chaque mot et chaque note, il tisse une écriture brute et sincère, empreinte de mémoire et d’avenir.  
Horaires & tarifs : 20h00 - 22h40"
Sami Galbi + J.Nunn,"[...] J.Nunn et sa pop alternative aux textures électroniques suivi de Sami Galbi et ses tonalités singulières où se croisent raï et chaâbi nord-africains, musiques électroniques et cultures club contemporaines.

# J.Nunn

J.NUNN déploie une pop alternative aux textures électroniques, entre clair-obscur et paysages oniriques. Porté par la voix singulière de Justine Tornay — chanteuse, compositrice et trompettiste — le projet mêle fragilité, intensité et sonorités organiques autour d’un univers à la fois sensible et immersif.

Après l’EP Shadow Of Nunn (2023) et plusieurs distinctions, dont la Demotape Clinic du M4Music 2026 (catégorie pop), J.NUNN poursuit son exploration des zones de tension entre lumière et obscurité avec Are We In Between?, un premier album attendu au printemps 2026.

Entourée de musicien·nes aux horizons variés, l’artiste façonne une électronica exigeante et accessible, où les contrastes deviennent matière à émotion et à mouvement.

[Ecouter +](https://lnk.site/j-nunn-are-we-in-between)

# Sami Galbi

Sami Galbi est un multi-instrumentiste et producteur suisse-marocain issu des scènes alternatives suisses. Nourri par plusieurs univers musicaux, il développe un son singulier où se croisent raï et chaâbi nord-africains, musiques électroniques et cultures club contemporaines.

Ses compositions mêlent influences hip-hop américaines, bass music britannique, house et rythmes afro-caribéens dans une approche à la fois brute et hybride. À l’aide de machines analogiques, de synthétiseurs rugueux et de guitare électrique, Sami Galbi construit sur scène des performances intenses et immersives, puisant dans les codes des musiques urbaines postmodernes.

Aux côtés de sa formule solo originale, Sami Galbi s’entoure désormais d’un groupe live composé de la musicienne et chanteuse Inès Mouzoune (anciennement active au sein d’AMAMI et Baby Volcano, aujourd’hui sous le nom de Rôshani) ainsi que du batteur et percussionniste Yann Hünziker (collaborateur notamment de Duo Sonor, Laure Betris et Zahnfleisch).

[Ecouter +](https://soundcloud.com/bongojoerecordshop/sets/sami-galbi-ylh-bye-bye/s-8KVPJfqTxlO?si=8f38345f6e024a599d3d95f73bfedc46&utm_source=clipboard&utm_medium=text&utm_campaign=social_sharing)

[Plus d’informations sur notre site web](https://ccsparis.com/evenements/allover-festival/sami-galbi-j.nunn/)",Paris,"32 rue des Francs-Bourgeois, Paris",75003,2026-06-13 18:00:00+00:00,"Evenement : Sami Galbi + J.Nunn. Lieu : 32 rue des Francs-Bourgeois, Paris, Paris. Date : 13/06/2026. Description : [...] J.Nunn et sa pop alternative aux textures électroniques suivi de Sami Galbi et ses tonalités singulières où se croisent raï et chaâbi nord-africains, musiques électroniques et cultures club contemporaines.

# J.Nunn

J.NUNN déploie une pop alternative aux textures électroniques, entre clair-obscur et paysages oniriques. Porté par la voix singulière de Justine Tornay — chanteuse, compositrice et trompettiste — le projet mêle fragilité, intensité et sonorités organiques autour d’un univers à la fois sensible et immersif.

Après l’EP Shadow Of Nunn (2023) et plusieurs distinctions, dont la Demotape Clinic du M4Music 2026 (catégorie pop), J.NUNN poursuit son exploration des zones de tension entre lumière et obscurité avec Are We In Between?, un premier album attendu au printemps 2026.

Entourée de musicien·nes aux horizons variés, l’artiste façonne une électronica exigeante et accessible, où les contrastes deviennent matière à émotion et à mouvement.

[Ecouter +](https://lnk.site/j-nunn-are-we-in-between)

# Sami Galbi

Sami Galbi est un multi-instrumentiste et producteur suisse-marocain issu des scènes alternatives suisses. Nourri par plusieurs univers musicaux, il développe un son singulier où se croisent raï et chaâbi nord-africains, musiques électroniques et cultures club contemporaines.

Ses compositions mêlent influences hip-hop américaines, bass music britannique, house et rythmes afro-caribéens dans une approche à la fois brute et hybride. À l’aide de machines analogiques, de synthétiseurs rugueux et de guitare électrique, Sami Galbi construit sur scène des performances intenses et immersives, puisant dans les codes des musiques urbaines postmodernes.

Aux côtés de sa formule solo originale, Sami Galbi s’entoure désormais d’un groupe live composé de la musicienne et chanteuse Inès Mouzoune (anciennement active au sein d’AMAMI et Baby Volcano, aujourd’hui sous le nom de Rôshani) ainsi que du batteur et percussionniste Yann Hünziker (collaborateur notamment de Duo Sonor, Laure Betris et Zahnfleisch).

[Ecouter +](https://soundcloud.com/bongojoerecordshop/sets/sami-galbi-ylh-bye-bye/s-8KVPJfqTxlO?si=8f38345f6e024a599d3d95f73bfedc46&utm_source=clipboard&utm_medium=text&utm_campaign=social_sharing)

[Plus d’informations sur notre site web](https://ccsparis.com/evenements/allover-festival/sami-galbi-j.nunn/)"
Le printemps du dessin à la Chapelle expiatoire,"Initiez-vous au dessin à la Chapelle expiatoire. En présence de Klod Amar, artiste plasticienne",Paris,"Square Louis XVI 29, rue Pasquier 75008 Paris",75008,2026-06-13 17:00:00+00:00,"Evenement : Le printemps du dessin à la Chapelle expiatoire. Lieu : Square Louis XVI 29, rue Pasquier 75008 Paris, Paris. Date : 13/06/2026. Description : Initiez-vous au dessin à la Chapelle expiatoire. En présence de Klod Amar, artiste plasticienne"
Ciné famille : Les Moomins,"**Les samedis 6 et 13 juin 2026, l’Institut finlandais propose deux projections gratuites, ouvertes à tous les esprits curieux, et plus particulièrement aux familles et aux enfants à partir de 4 ans. Diverses aventures viennent perturber les liens solides qui unissent les Moomins… Parviendront-ils à se retrouver ?**

**Samedi 6 juin à 15h**  
_**Les Moomins sur la Riviera**_ **(2014)**  
Muumit Rivieralla  
Film réalisé par Xavier Picard  
76 min, VF

L’idyllique vallée des Moomins vit des jours paisibles. Mais il ne faut pas se fier aux apparences. L’intrusion d’une bande de pirates dont le navire s’est abîmé va bouleverser la vie tranquille des Moomins et leur donner soif d’aventure. Accompagnés de Snorkmaiden et Petite Myy, ils embarquent sur un petit voilier avant qu’une tempête n’emporte leur bateau jusqu’à la Côte d’Azur, où ils se retrouvent par erreur logés dans la suite royale du Grand Hôtel. Papa Moomin commence à se faire appeler « de Moomin » et s’intègre dans les cercles mondains, tandis que Maman Moomin, qui déteste ce mode de vie superficiel, et son fils Moomin, en proie à la jalousie, s’enfuient pour vivre sous le vieux bateau de la famille. Pour la première fois, l’unité de la famille Moomin est en jeu…  
Ce film franco-finlandais est adapté du livre _Familjen lever högt_, qui s’inspire des expériences vécues par Tove Jansson et sa mère lors de leurs vacances sur la Côte d’Azur en 1954.

**Samedi 13 juin à 15h**  
_**La Vallée des Moomins**_ **(2018)**  
Muumilaakso  
Série réalisée par Steve Box  
100 min (5 épisodes de 20 min), VF

Les épisodes suivants seront projetés :  
Petite Mu emménage  
Un air de printemps  
Le dernier dragon  
Le fol été de Moomin  
Le Panache doré

Cette série primée, inspirée des romans et albums illustrés de Tove Jansson, met en scène Moomintroll, sa famille et ses amis. Ensemble, ils nous emmènent à l’aventure dans le monde magique de la Vallée des Moomins, un lieu idyllique épargné par le monde moderne. Parfois, les Moomins s’aventurent au-delà de la vallée, dans de vastes étendues sauvages, d’immenses forêts sombres, des îles lointaines et mystérieuses et des montagnes isolées et périlleuses. Une série pleine de vie et d’humour, qui nous en apprend davantage sur notre propre humanité, nos relations et nos émotions.  
_Moominvalley_ a été la série télévisée la plus regardée en Finlande en 2019, et elle est également l’émission la plus regardée de tous les temps sur la plateforme de la chaîne publique finlandaise Yle Areena. La série a également été largement saluée à l’échelle internationale.

**Avant ou après la séance, profitez d’un goûter finlandais dans notre Café Maa et de l’exposition d’illustration Kollektivet à découvrir en famille !**  
Chaque enfant doit toujours être accompagné d’un adulte, y compris pendant la projection.",Paris,60 rue des Écoles,75005,2026-06-13 13:00:00+00:00,"Evenement : Ciné famille : Les Moomins. Lieu : 60 rue des Écoles, Paris. Date : 13/06/2026. Description : **Les samedis 6 et 13 juin 2026, l’Institut finlandais propose deux projections gratuites, ouvertes à tous les esprits curieux, et plus particulièrement aux familles et aux enfants à partir de 4 ans. Diverses aventures viennent perturber les liens solides qui unissent les Moomins… Parviendront-ils à se retrouver ?**

**Samedi 6 juin à 15h**  
_**Les Moomins sur la Riviera**_ **(2014)**  
Muumit Rivieralla  
Film réalisé par Xavier Picard  
76 min, VF

L’idyllique vallée des Moomins vit des jours paisibles. Mais il ne faut pas se fier aux apparences. L’intrusion d’une bande de pirates dont le navire s’est abîmé va bouleverser la vie tranquille des Moomins et leur donner soif d’aventure. Accompagnés de Snorkmaiden et Petite Myy, ils embarquent sur un petit voilier avant qu’une tempête n’emporte leur bateau jusqu’à la Côte d’Azur, où ils se retrouvent par erreur logés dans la suite royale du Grand Hôtel. Papa Moomin commence à se faire appeler « de Moomin » et s’intègre dans les cercles mondains, tandis que Maman Moomin, qui déteste ce mode de vie superficiel, et son fils Moomin, en proie à la jalousie, s’enfuient pour vivre sous le vieux bateau de la famille. Pour la première fois, l’unité de la famille Moomin est en jeu…  
Ce film franco-finlandais est adapté du livre _Familjen lever högt_, qui s’inspire des expériences vécues par Tove Jansson et sa mère lors de leurs vacances sur la Côte d’Azur en 1954.

**Samedi 13 juin à 15h**  
_**La Vallée des Moomins**_ **(2018)**  
Muumilaakso  
Série réalisée par Steve Box  
100 min (5 épisodes de 20 min), VF

Les épisodes suivants seront projetés :  
Petite Mu emménage  
Un air de printemps  
Le dernier dragon  
Le fol été de Moomin  
Le Panache doré

Cette série primée, inspirée des romans et albums illustrés de Tove Jansson, met en scène Moomintroll, sa famille et ses amis. Ensemble, ils nous emmènent à l’aventure dans le monde magique de la Vallée des Moomins, un lieu idyllique épargné par le monde moderne. Parfois, les Moomins s’aventurent au-delà de la vallée, dans de vastes étendues sauvages, d’immenses forêts sombres, des îles lointaines et mystérieuses et des montagnes isolées et périlleuses. Une série pleine de vie et d’humour, qui nous en apprend davantage sur notre propre humanité, nos relations et nos émotions.  
_Moominvalley_ a été la série télévisée la plus regardée en Finlande en 2019, et elle est également l’émission la plus regardée de tous les temps sur la plateforme de la chaîne publique finlandaise Yle Areena. La série a également été largement saluée à l’échelle internationale.

**Avant ou après la séance, profitez d’un goûter finlandais dans notre Café Maa et de l’exposition d’illustration Kollektivet à découvrir en famille !**  
Chaque enfant doit toujours être accompagné d’un adulte, y compris pendant la projection."
"Visite improvisée : 3,2,1 impro !",Suivez deux comédiens dans une visite décalée !,Paris,"2, Place de la Concorde 75008 Paris",75008,2026-06-12 19:00:00+00:00,"Evenement : Visite improvisée : 3,2,1 impro !. Lieu : 2, Place de la Concorde 75008 Paris, Paris. Date : 12/06/2026. Description : Suivez deux comédiens dans une visite décalée !"
Éclosion en Raga - Inde,"Dans le subtil frémissement du silence, une note s'éveille.  
Elle ne vient pas par la force — elle s'épanouit.  
Le raga déploie ses pétales invisibles et éveille le printemps intérieur de l'âme.

Il y a quelques années, une voix a réveillé les cours des anciens palais du nord de Kolkata – Natmandir, Sovabazar, Chattubabu Lattubabu, Madan Mahan…

Les murs ancestraux de St-John, la première cathédrale du Bengale, vibraient au rythme de cette voix. Elle résonnait alors dans de nombreux autres lieux historiques de l’Inde, pure, puissante, belle.

C’était la voix de Pandit Shyam Sundar Goswami, un chanteur classique indien bien connu de l’époque moderne... Il parvint à l’oreille du grand connaisseur de musique classique, Sri Gopalkrishna Gandhi, qui, durant son mandat de gouverneur du Bengale occidental, invita Pandit Goswami à se produire d’abord à la Flag Staff House de Barrackpore, puis au Raj Bhavan même. Pendant les concerts, Panditji révèle l’âme du raga où se cachent les humeurs et les sentiments : mélancolie, doute, anxiété, amour, bonheur, joie...

Ses distinctions incluent des termes tels que « bijou », « magie » de la part des critiques.

En décembre 2010, Panditji a obtenu une bourse du gouvernement français et a séjourné à la Cité Internationale des Arts à Paris, où, avec des musiciens venus du monde entier (flûtistes, violoncellistes, saxophonistes, violonistes et autres), il a recherché et travaillé sur des chansons du Moyen Âge.

Année après année, il a été invité à se produire dans des auditoriums et des théâtres en Europe (et au-delà), dans plusieurs lieux célèbres : le Théâtre de Locarno, Lugano, Ascona, et la radio du Tessin (Suisse), en Belgique, en France - Paris, Lyon, Chambéry, Montpellier, Toulouse, Grasse, Perpignan et également dans certaines églises et salons privés.

Pandit Goswami a participé à des festivals renommés - parmi eux, le festival de l'île de France, le festival des Arts Sacrés de Champeaux, le festival Les Orientales, le festival international des Musiques Sacrées du Monde à Fès au Maroc, la Conférence de Musique du Monde en Suisse, la Conférence de Musique de l'État du Bengale-Occidental, le Parlement du Bangladesh, le festival des Sacrées Journées de Strasbourg, et bien d'autres encore....

Il a maîtrisé les chants du ""Geet Govind"", une œuvre de poésie et de chansons de Jayadeva, un poète très réputé du XIIe siècle.

Son premier album ""Peace N Harmony"" a été publié en 2009 par l'artiste Shanu Lahiri, suivi de cinq autres albums.

Panditji anime aussi des ateliers dans divers établissements éducatifs en Inde et à l'étranger.",Paris,6 rue Wurtz,75013,2026-06-12 18:30:00+00:00,"Evenement : Éclosion en Raga - Inde. Lieu : 6 rue Wurtz, Paris. Date : 12/06/2026. Description : Dans le subtil frémissement du silence, une note s'éveille.  
Elle ne vient pas par la force — elle s'épanouit.  
Le raga déploie ses pétales invisibles et éveille le printemps intérieur de l'âme.

Il y a quelques années, une voix a réveillé les cours des anciens palais du nord de Kolkata – Natmandir, Sovabazar, Chattubabu Lattubabu, Madan Mahan…

Les murs ancestraux de St-John, la première cathédrale du Bengale, vibraient au rythme de cette voix. Elle résonnait alors dans de nombreux autres lieux historiques de l’Inde, pure, puissante, belle.

C’était la voix de Pandit Shyam Sundar Goswami, un chanteur classique indien bien connu de l’époque moderne... Il parvint à l’oreille du grand connaisseur de musique classique, Sri Gopalkrishna Gandhi, qui, durant son mandat de gouverneur du Bengale occidental, invita Pandit Goswami à se produire d’abord à la Flag Staff House de Barrackpore, puis au Raj Bhavan même. Pendant les concerts, Panditji révèle l’âme du raga où se cachent les humeurs et les sentiments : mélancolie, doute, anxiété, amour, bonheur, joie...

Ses distinctions incluent des termes tels que « bijou », « magie » de la part des critiques.

En décembre 2010, Panditji a obtenu une bourse du gouvernement français et a séjourné à la Cité Internationale des Arts à Paris, où, avec des musiciens venus du monde entier (flûtistes, violoncellistes, saxophonistes, violonistes et autres), il a recherché et travaillé sur des chansons du Moyen Âge.

Année après année, il a été invité à se produire dans des auditoriums et des théâtres en Europe (et au-delà), dans plusieurs lieux célèbres : le Théâtre de Locarno, Lugano, Ascona, et la radio du Tessin (Suisse), en Belgique, en France - Paris, Lyon, Chambéry, Montpellier, Toulouse, Grasse, Perpignan et également dans certaines églises et salons privés.

Pandit Goswami a participé à des festivals renommés - parmi eux, le festival de l'île de France, le festival des Arts Sacrés de Champeaux, le festival Les Orientales, le festival international des Musiques Sacrées du Monde à Fès au Maroc, la Conférence de Musique du Monde en Suisse, la Conférence de Musique de l'État du Bengale-Occidental, le Parlement du Bangladesh, le festival des Sacrées Journées de Strasbourg, et bien d'autres encore....

Il a maîtrisé les chants du ""Geet Govind"", une œuvre de poésie et de chansons de Jayadeva, un poète très réputé du XIIe siècle.

Son premier album ""Peace N Harmony"" a été publié en 2009 par l'artiste Shanu Lahiri, suivi de cinq autres albums.

Panditji anime aussi des ateliers dans divers établissements éducatifs en Inde et à l'étranger."
Carte Blanche danse à l’Atelier de Paris,"**June Events** est porté par l’**Atelier de Paris** et s’inscrit dans une dynamique de soutien à la création contemporaine. Le festival met en lumière des écritures chorégraphiques plurielles, à travers des œuvres qui interrogent notre époque avec sensibilité et engagement.  
Tout au long de l’année, l’Atelier de Paris accompagne des artistes en résidence dans le cadre de sa Saison en création(s), leur offrant un suivi sur mesure et des temps de visibilité. Au-delà du soutien à la création, il favorise également la circulation des œuvres et les dialogues entre les scènes.  
Fondé en 1999 par Carolyn Carlson, aujourd’hui Présidente d’honneur, et dirigé par Anne Sauvage, l’Atelier de Paris est devenu Centre de développement chorégraphique national en 2015. Il coordonne également le Paris Réseau Danse.  
Dans ce cadre, la soirée propose trois formes chorégraphiques présentées à la suite, offrant un panorama d’écritures singulières et engagées.  
**Au programme :**

*   **Siham Ennajjary** — _Sab’r_

(Durée : 35 min)  
Sab’r, dans la langue arabe, est un mot-monde évoquant une patience intense et intérieure, qui permet d’atteindre le cœur de son désir. Figure montante de la scène belge, la performeuse Siham Ennajjary signe un premier solo d’une maturité saisissante, à partir d’une quête de ses origines amazighes et de son goût pour le krump.  
Depuis des années, la danseuse sédimente une expérience du krump qu’elle développe aussi bien dans l’espace urbain qu’en milieu rural. Sans identifier précisément ce qui la conduisait à faire sienne cette danse née dans les quartiers ghettoïsés de Californie, elle part ici à la rencontre de sa propre patience.

*   **Mehdi Dahkan** — _KMs of Resistance_

Durée : 45 min  
Où trouver des leviers de résistance lorsque la parole est réduite à néant ?  
En s’inspirant de l’Aïta, tradition marocaine de clameur face à la censure, Mehdi Dahkan et Mohamed Bouriri composent une protestation corporelle, portée par la respiration.  
Dans un espace minimal, les corps entrent en lutte : chaque souffle devient impulsion, chaque geste un acte politique.  
Sans mots ni musique, la pièce explore la puissance du rythme, du contact et de l’épuisement transformé en persévérance.Une transe minimale, où le souffle devient le seul slogan.

*   **Christophe Al Haber** — _Fragmentation_

Durée : 15 min  
Photographe et danseur, Christophe Al Haber explore la manière dont mémoire, identité et émotion se manifestent à travers le corps.  
Recouvert d’argile, le performeur devient une sculpture vivante, oscillant entre immobilité et transformation.  
À travers une observation minutieuse des tensions du corps, il traverse des états de dissociation et de reconnexion, dans un processus de métamorphose où la matière devient récit.  
Une expérience sensorielle qui fait écho à Beyrouth et à une tentative de rassemblement en pleine fragmentation.",Paris,"46 rue Quincampoix, 75004 Paris",75004,2026-06-12 17:30:00+00:00,"Evenement : Carte Blanche danse à l’Atelier de Paris. Lieu : 46 rue Quincampoix, 75004 Paris, Paris. Date : 12/06/2026. Description : **June Events** est porté par l’**Atelier de Paris** et s’inscrit dans une dynamique de soutien à la création contemporaine. Le festival met en lumière des écritures chorégraphiques plurielles, à travers des œuvres qui interrogent notre époque avec sensibilité et engagement.  
Tout au long de l’année, l’Atelier de Paris accompagne des artistes en résidence dans le cadre de sa Saison en création(s), leur offrant un suivi sur mesure et des temps de visibilité. Au-delà du soutien à la création, il favorise également la circulation des œuvres et les dialogues entre les scènes.  
Fondé en 1999 par Carolyn Carlson, aujourd’hui Présidente d’honneur, et dirigé par Anne Sauvage, l’Atelier de Paris est devenu Centre de développement chorégraphique national en 2015. Il coordonne également le Paris Réseau Danse.  
Dans ce cadre, la soirée propose trois formes chorégraphiques présentées à la suite, offrant un panorama d’écritures singulières et engagées.  
**Au programme :**

*   **Siham Ennajjary** — _Sab’r_

(Durée : 35 min)  
Sab’r, dans la langue arabe, est un mot-monde évoquant une patience intense et intérieure, qui permet d’atteindre le cœur de son désir. Figure montante de la scène belge, la performeuse Siham Ennajjary signe un premier solo d’une maturité saisissante, à partir d’une quête de ses origines amazighes et de son goût pour le krump.  
Depuis des années, la danseuse sédimente une expérience du krump qu’elle développe aussi bien dans l’espace urbain qu’en milieu rural. Sans identifier précisément ce qui la conduisait à faire sienne cette danse née dans les quartiers ghettoïsés de Californie, elle part ici à la rencontre de sa propre patience.

*   **Mehdi Dahkan** — _KMs of Resistance_

Durée : 45 min  
Où trouver des leviers de résistance lorsque la parole est réduite à néant ?  
En s’inspirant de l’Aïta, tradition marocaine de clameur face à la censure, Mehdi Dahkan et Mohamed Bouriri composent une protestation corporelle, portée par la respiration.  
Dans un espace minimal, les corps entrent en lutte : chaque souffle devient impulsion, chaque geste un acte politique.  
Sans mots ni musique, la pièce explore la puissance du rythme, du contact et de l’épuisement transformé en persévérance.Une transe minimale, où le souffle devient le seul slogan.

*   **Christophe Al Haber** — _Fragmentation_

Durée : 15 min  
Photographe et danseur, Christophe Al Haber explore la manière dont mémoire, identité et émotion se manifestent à travers le corps.  
Recouvert d’argile, le performeur devient une sculpture vivante, oscillant entre immobilité et transformation.  
À travers une observation minutieuse des tensions du corps, il traverse des états de dissociation et de reconnexion, dans un processus de métamorphose où la matière devient récit.  
Une expérience sensorielle qui fait écho à Beyrouth et à une tentative de rassemblement en pleine fragmentation."
"Projection du film ""Jours et Nuits de Dimitra K.""","_**Jours et Nuits de Dimitra K**_. retrace l'évolution de sa **vie professionnelle et personnelle** face à la crise financière en Grèce, marquée notamment par la fermeture de sa maison close en 2014. Entre son lieu de travail, son appartement, des conférences sur la prostitution et des réunions politiques, la réalisatrice nous plonge dans son **intimité**.

Au fil des années se dresse le portrait d’une **femme libre**, engagée, drôle, sensible et profondément humaine. Entre moments de rire, de confidence mais aussi de fragilité, Dimitra nous fait découvrir son univers et nous incite à porter un **regard au-delà des préjugés.**",Paris,"5 Rue des Écoles, 75005 Paris",75005,2026-06-12 18:00:00+00:00,"Evenement : Projection du film ""Jours et Nuits de Dimitra K."". Lieu : 5 Rue des Écoles, 75005 Paris, Paris. Date : 12/06/2026. Description : _**Jours et Nuits de Dimitra K**_. retrace l'évolution de sa **vie professionnelle et personnelle** face à la crise financière en Grèce, marquée notamment par la fermeture de sa maison close en 2014. Entre son lieu de travail, son appartement, des conférences sur la prostitution et des réunions politiques, la réalisatrice nous plonge dans son **intimité**.

Au fil des années se dresse le portrait d’une **femme libre**, engagée, drôle, sensible et profondément humaine. Entre moments de rire, de confidence mais aussi de fragilité, Dimitra nous fait découvrir son univers et nous incite à porter un **regard au-delà des préjugés.**"
Moyi The Sun - Sunny Nation Experience,"Préparez-vous à l'assaut. Le 10 juin, la Dame de Canton devient le théâtre d'une immersion sensorielle totale pour célébrer la sortie de SUNNY NATION XXL de Moyi the Sun.  
Plus qu'un concert, la Sunny Nation est un manifeste de reconquête : un univers dystopique où la discipline militaire rencontre l'euphorie de la liberté. Entre héritage ivoirien et célébration radicale des identités Noires, Féminines et Queer, rejoignez une nation en marche sur un champ de bataille transformé en renaissance.  
Au programme : une Line Up 100% féminine 🔥  
\* Moyi the Sun : Finaliste de Rappeuses en Liberté. Son univers mêle rap, trap et influences afro. Elle crée une expérience ""pour les âmes éveillées"" : un mélange de vulnérabilité brute de résilience.  
\* Klemee : DJ (Rap / R&B / Baile Funk). Elle défend une scène inclusive et vivante, offrant à chaque performance une expérience à la fois intime et collective, où l’énergie circule et transforme.  
\* Sweetsvage : Féroce🌴. Brut. Cunt💋  
La Reine de La Jungle , là où New coupé-décalé, rap et R’n’B ne font plus qu’un.",Paris,"5 Port de la Gare, 75013 Paris",75013,2026-06-10 18:00:00+00:00,"Evenement : Moyi The Sun - Sunny Nation Experience. Lieu : 5 Port de la Gare, 75013 Paris, Paris. Date : 10/06/2026. Description : Préparez-vous à l'assaut. Le 10 juin, la Dame de Canton devient le théâtre d'une immersion sensorielle totale pour célébrer la sortie de SUNNY NATION XXL de Moyi the Sun.  
Plus qu'un concert, la Sunny Nation est un manifeste de reconquête : un univers dystopique où la discipline militaire rencontre l'euphorie de la liberté. Entre héritage ivoirien et célébration radicale des identités Noires, Féminines et Queer, rejoignez une nation en marche sur un champ de bataille transformé en renaissance.  
Au programme : une Line Up 100% féminine 🔥  
\* Moyi the Sun : Finaliste de Rappeuses en Liberté. Son univers mêle rap, trap et influences afro. Elle crée une expérience ""pour les âmes éveillées"" : un mélange de vulnérabilité brute de résilience.  
\* Klemee : DJ (Rap / R&B / Baile Funk). Elle défend une scène inclusive et vivante, offrant à chaque performance une expérience à la fois intime et collective, où l’énergie circule et transforme.  
\* Sweetsvage : Féroce🌴. Brut. Cunt💋  
La Reine de La Jungle , là où New coupé-décalé, rap et R’n’B ne font plus qu’un."
Concert - Sophie Lukacs,"Canadienne originaire de Budapest et basée à Montréal, Sophie Lukacs est l’une des rares femmes au monde à maîtriser la kora, la harpe-luth à 21 cordes emblématique de l’Afrique de l’Ouest. Après sept ans d’apprentissage à Bamako auprès du maître Toumani Diabaté, elle a développé un langage musical unique qui tisse ensemble la tradition mandingue et la chanson contemporaine.

Son album Bamako (Disques Nuits d’Afrique, 2023) lui a valu le prix du Meilleur album de musiques du monde aux Canadian Folk Music Awards 2024. Elle s’est produite sur des scènes internationales, notamment au Festival Saint-Louis Jazz (Sénégal), à l’Africa Oyé (Liverpool) et aux Nuits d’Afrique (Montréal).

Pour ce concert au Centre Culturel Canadien, Sophie Lukacs est accompagnée de trois musiciens d’exception : Cheick Niang à la guitare, Noel Mpiaza aux percussions et au chant, et Laszlo Koos à la basse. Ensemble, ils nous invitent dans un voyage sonore entre Bamako et Budapest, entre tradition et modernité, chanté en français, en anglais, en bambara et en hongrois.",Paris,"130, rue du Faubourg Saint-Honoré 75008 Paris",75008,2026-06-09 18:00:00+00:00,"Evenement : Concert - Sophie Lukacs. Lieu : 130, rue du Faubourg Saint-Honoré 75008 Paris, Paris. Date : 09/06/2026. Description : Canadienne originaire de Budapest et basée à Montréal, Sophie Lukacs est l’une des rares femmes au monde à maîtriser la kora, la harpe-luth à 21 cordes emblématique de l’Afrique de l’Ouest. Après sept ans d’apprentissage à Bamako auprès du maître Toumani Diabaté, elle a développé un langage musical unique qui tisse ensemble la tradition mandingue et la chanson contemporaine.

Son album Bamako (Disques Nuits d’Afrique, 2023) lui a valu le prix du Meilleur album de musiques du monde aux Canadian Folk Music Awards 2024. Elle s’est produite sur des scènes internationales, notamment au Festival Saint-Louis Jazz (Sénégal), à l’Africa Oyé (Liverpool) et aux Nuits d’Afrique (Montréal).

Pour ce concert au Centre Culturel Canadien, Sophie Lukacs est accompagnée de trois musiciens d’exception : Cheick Niang à la guitare, Noel Mpiaza aux percussions et au chant, et Laszlo Koos à la basse. Ensemble, ils nous invitent dans un voyage sonore entre Bamako et Budapest, entre tradition et modernité, chanté en français, en anglais, en bambara et en hongrois."
Rencontre-dédicace avec la poétesse Lin Wanyu,"Le mardi 9 juin à 18h00, retrouvez la poétesse Lin Wanyu pour une rencontre-dédicace autour de son dernier recueil de poésie, tout juste paru en français aux éditions Circé, ""Une manière confuse de déclarer son amour"".",Paris,"72 bd de Sébastopol, 75003 Paris",75003,2026-06-09 16:00:00+00:00,"Evenement : Rencontre-dédicace avec la poétesse Lin Wanyu. Lieu : 72 bd de Sébastopol, 75003 Paris, Paris. Date : 09/06/2026. Description : Le mardi 9 juin à 18h00, retrouvez la poétesse Lin Wanyu pour une rencontre-dédicace autour de son dernier recueil de poésie, tout juste paru en français aux éditions Circé, ""Une manière confuse de déclarer son amour""."
Visite guidée - Exposition Grands Lacs,"Enjambant la frontière entre le Canada et les Etats-Unis, la faisant disparaitre dans sa colossale masse fluide, le bassin des Grands Lacs réunit sur son pourtour des millions d’habitants, parmi lesquels des Autochtones de nombreuses Premières Nations du Canada et tribus américaines. Ressource extraordinaire d’eau potable de surface (parmi les plus importantes au monde) ; lieu de circulation et d’échange, de commerce, de travail, de loisirs, de voyage, de méditation, mais aussi d’exploitation, de danger, de vulnérabilité ; cet immense bassin a été observé depuis la diversité de ses rives par Robert Burley, l’un des plus importants photographes canadiens de notre époque.

L’artiste réalise ici un corpus aussi inédit qu’exceptionnel, où la beauté grandiose de cet insaisissable ensemble, tantôt apaisante tantôt inquiétante, se transforme en une réflexion sur la puissance de l’image contemporaine. Dépouillées de toute diversion, renvoyant les Grands Lacs à leur grandeur première, les photographies de Robert Burley appellent le spectateur telles d’envoûtantes sirènes.

Commissaire : Catherine Bédard

En partenariat avec Biinaagami, Swim Drink Fish et Canadian Geographic

Ce projet est labellisé Bicentenaire de la Photographie par le ministère de la Culture et s’inscrit dans la programmation officielle du Bicentenaire du 1er septembre 2026 au 30 septembre 2027.

Inauguré à l’occasion de Nuit Blanche, cette exposition s’inscrit également dans la programmation officielle du festival Photodays, en novembre 2026.",Paris,"130, rue du Faubourg Saint-Honoré 75008 Paris",75008,2026-06-09 16:00:00+00:00,"Evenement : Visite guidée - Exposition Grands Lacs. Lieu : 130, rue du Faubourg Saint-Honoré 75008 Paris, Paris. Date : 09/06/2026. Description : Enjambant la frontière entre le Canada et les Etats-Unis, la faisant disparaitre dans sa colossale masse fluide, le bassin des Grands Lacs réunit sur son pourtour des millions d’habitants, parmi lesquels des Autochtones de nombreuses Premières Nations du Canada et tribus américaines. Ressource extraordinaire d’eau potable de surface (parmi les plus importantes au monde) ; lieu de circulation et d’échange, de commerce, de travail, de loisirs, de voyage, de méditation, mais aussi d’exploitation, de danger, de vulnérabilité ; cet immense bassin a été observé depuis la diversité de ses rives par Robert Burley, l’un des plus importants photographes canadiens de notre époque.

L’artiste réalise ici un corpus aussi inédit qu’exceptionnel, où la beauté grandiose de cet insaisissable ensemble, tantôt apaisante tantôt inquiétante, se transforme en une réflexion sur la puissance de l’image contemporaine. Dépouillées de toute diversion, renvoyant les Grands Lacs à leur grandeur première, les photographies de Robert Burley appellent le spectateur telles d’envoûtantes sirènes.

Commissaire : Catherine Bédard

En partenariat avec Biinaagami, Swim Drink Fish et Canadian Geographic

Ce projet est labellisé Bicentenaire de la Photographie par le ministère de la Culture et s’inscrit dans la programmation officielle du Bicentenaire du 1er septembre 2026 au 30 septembre 2027.

Inauguré à l’occasion de Nuit Blanche, cette exposition s’inscrit également dans la programmation officielle du festival Photodays, en novembre 2026."
"Avant-première : « D’UN MONDE A L’AUTRE », un film de Jérémie Renier","**Synopsis :**  
D’un monde à l’autre est un documentaire intime, un voyage humain et sensoriel à travers le deuil et l’amitié. Après la mort accidentelle de son meilleur ami, Jérémie entame un chemin de recueillement grâce à la rencontre d’un explorateur français, Loury, qui parcourt des territoires inhabités dans des conditions extrêmes. Ils vont partir ensemble à travers la banquise arctique. Livrés à eux-mêmes, les deux hommes vont s’éprouver, jusqu’à redevenir vivants.  
Une quête initiatique, qui explore les territoires de la vie, là où l’hostilité du monde renvoie à la mort.  
(2025 – France – 1h14)",Paris,46 rue Quincampoix,75004,2026-06-08 18:00:00+00:00,"Evenement : Avant-première : « D’UN MONDE A L’AUTRE », un film de Jérémie Renier. Lieu : 46 rue Quincampoix, Paris. Date : 08/06/2026. Description : **Synopsis :**  
D’un monde à l’autre est un documentaire intime, un voyage humain et sensoriel à travers le deuil et l’amitié. Après la mort accidentelle de son meilleur ami, Jérémie entame un chemin de recueillement grâce à la rencontre d’un explorateur français, Loury, qui parcourt des territoires inhabités dans des conditions extrêmes. Ils vont partir ensemble à travers la banquise arctique. Livrés à eux-mêmes, les deux hommes vont s’éprouver, jusqu’à redevenir vivants.  
Une quête initiatique, qui explore les territoires de la vie, là où l’hostilité du monde renvoie à la mort.  
(2025 – France – 1h14)"
"Présentation du live ""LES YEUX SUR MOI"" de Christos Markogiannakis","– _Dans les rues d’Athènes, des corps sont retrouvés : les yeux ont été arrachés. Pour le capitaine Christophoros Markou, l’affaire est sérieuse. Le meurtrier frappe sans mobile apparent, en laissant derrière lui sa signature glaçante…_ –

Le Centre Culturel Hellénique vous invite à découvrir **Les yeux sur moi**, dernier roman de **Christos Markogiannakis** sorti aux éditions **Fayard** le 13 mai 2026.

Entretien de l’auteur avec Marie-Madeleine Rigopoulos, suivi d’un cocktail.

Les yeux sur moi est le **huitième opus** de Christos Markogiannakis et le cinquième volume mettant en scène le Capitaine Markou. Qui a tué Lucy Davis, paru chez Plon en 2022, a remporté le Prix Méditerranée du Polar 2023.",Paris,1 rue Montalivet 75008,75008,2026-06-08 17:00:00+00:00,"Evenement : Présentation du live ""LES YEUX SUR MOI"" de Christos Markogiannakis. Lieu : 1 rue Montalivet 75008, Paris. Date : 08/06/2026. Description : – _Dans les rues d’Athènes, des corps sont retrouvés : les yeux ont été arrachés. Pour le capitaine Christophoros Markou, l’affaire est sérieuse. Le meurtrier frappe sans mobile apparent, en laissant derrière lui sa signature glaçante…_ –

Le Centre Culturel Hellénique vous invite à découvrir **Les yeux sur moi**, dernier roman de **Christos Markogiannakis** sorti aux éditions **Fayard** le 13 mai 2026.

Entretien de l’auteur avec Marie-Madeleine Rigopoulos, suivi d’un cocktail.

Les yeux sur moi est le **huitième opus** de Christos Markogiannakis et le cinquième volume mettant en scène le Capitaine Markou. Qui a tué Lucy Davis, paru chez Plon en 2022, a remporté le Prix Méditerranée du Polar 2023."
Des mini-navires à piloter pour les enfants au bord de Seine avec MSC Croisières,"Les 30 et 31 mai puis les 6 et 7 juin 2026, MSC Croisières transforme le Port de la Tournelle, au pied de Notre-Dame, en escale familiale géante avec des animations gratuites pour les enfants et leurs parents.  
Pendant quatre jours, les enfants pourront piloter de petits navires MSC télécommandés au bord de l’eau, participer à des ateliers de coloriage et découvrir l’univers de la croisière à travers différentes animations en plein air.  
Une sortie gratuite à faire en famille sur les quais de Seine, pour prendre le large… sans quitter Paris.",Paris,"Port de la Tournelle, 75005 Paris",75005,2026-06-07 08:00:00+00:00,"Evenement : Des mini-navires à piloter pour les enfants au bord de Seine avec MSC Croisières. Lieu : Port de la Tournelle, 75005 Paris, Paris. Date : 07/06/2026. Description : Les 30 et 31 mai puis les 6 et 7 juin 2026, MSC Croisières transforme le Port de la Tournelle, au pied de Notre-Dame, en escale familiale géante avec des animations gratuites pour les enfants et leurs parents.  
Pendant quatre jours, les enfants pourront piloter de petits navires MSC télécommandés au bord de l’eau, participer à des ateliers de coloriage et découvrir l’univers de la croisière à travers différentes animations en plein air.  
Une sortie gratuite à faire en famille sur les quais de Seine, pour prendre le large… sans quitter Paris."
LA DAME DE PIERRE,"En 2026, Jehan de Chelles, maître bâtisseur de Notre-Dame, a réveillé pour vous l’éternelle Dame de Pierre. Revivez avec lui l’histoire, les chants, les danses, la musique qui ont fait vibrer Notre Dame pendant 800 ans. Une fresque musicale grandiose, des décors spectaculaires, La Dame de Pierre en tournée dans toute la France revient plus forte, plus grande, plus émouvante… Une expérience puissante et bouleversante ! D’un rêve au monument le plus visité au monde… Notre-Dame s’éveille… et vous emporte !""  
Teaser 2026 : [https://www.youtube.com/watch?v=nSXiT6hnYws](https://www.youtube.com/watch?v=nSXiT6hnYws)  
Site internet : [https://ladamedepierre.fr/](https://ladamedepierre.fr/)  
Page Facebook : [https://www.facebook.com/ladamedepierre/](https://www.facebook.com/ladamedepierre/)  
Instagram : [https://www.instagram.com/ladamedepierre\_off/](https://www.instagram.com/ladamedepierre_off/)

Tarifs : Prestige 150 € - Carré Or : 79 € - Cat.1 : 65 € - Cat. 2 : 45 € - Cat.3 : 35 € - Cat. 4 : 25 €  
Billetterie : [https://ladamedepierre.fr/billetterie/](https://ladamedepierre.fr/billetterie/)  
Réservation PMR : 01 48 28 46 46  
Infos, Groupes et CE : Haracom Tél : 03.21.26.52.94  
Billetterie Ticketmaster : [https://www.ticketmaster.fr/fr/manifestation/la-dame-de-pierre-billet/idmanif/640453](https://www.ticketmaster.fr/fr/manifestation/la-dame-de-pierre-billet/idmanif/640453)  
Horaires séances :  
\- Mercredi, jeudi, vendredi, Samedi : 20h00  
\- Samedi et dimanche : 15h00",Paris,34 Boulevard Victor - 75015 Paris,75015,2026-06-07 13:00:00+00:00,"Evenement : LA DAME DE PIERRE. Lieu : 34 Boulevard Victor - 75015 Paris, Paris. Date : 07/06/2026. Description : En 2026, Jehan de Chelles, maître bâtisseur de Notre-Dame, a réveillé pour vous l’éternelle Dame de Pierre. Revivez avec lui l’histoire, les chants, les danses, la musique qui ont fait vibrer Notre Dame pendant 800 ans. Une fresque musicale grandiose, des décors spectaculaires, La Dame de Pierre en tournée dans toute la France revient plus forte, plus grande, plus émouvante… Une expérience puissante et bouleversante ! D’un rêve au monument le plus visité au monde… Notre-Dame s’éveille… et vous emporte !""  
Teaser 2026 : [https://www.youtube.com/watch?v=nSXiT6hnYws](https://www.youtube.com/watch?v=nSXiT6hnYws)  
Site internet : [https://ladamedepierre.fr/](https://ladamedepierre.fr/)  
Page Facebook : [https://www.facebook.com/ladamedepierre/](https://www.facebook.com/ladamedepierre/)  
Instagram : [https://www.instagram.com/ladamedepierre\_off/](https://www.instagram.com/ladamedepierre_off/)

Tarifs : Prestige 150 € - Carré Or : 79 € - Cat.1 : 65 € - Cat. 2 : 45 € - Cat.3 : 35 € - Cat. 4 : 25 €  
Billetterie : [https://ladamedepierre.fr/billetterie/](https://ladamedepierre.fr/billetterie/)  
Réservation PMR : 01 48 28 46 46  
Infos, Groupes et CE : Haracom Tél : 03.21.26.52.94  
Billetterie Ticketmaster : [https://www.ticketmaster.fr/fr/manifestation/la-dame-de-pierre-billet/idmanif/640453](https://www.ticketmaster.fr/fr/manifestation/la-dame-de-pierre-billet/idmanif/640453)  
Horaires séances :  
\- Mercredi, jeudi, vendredi, Samedi : 20h00  
\- Samedi et dimanche : 15h00"
Ciné Rosa • 7 juin,Séance spéciale : ERUPTION de Pete Ohs,Paris,"13, rue Victor-Cousin, Paris",75005,2026-06-07 09:30:00+00:00,"Evenement : Ciné Rosa • 7 juin. Lieu : 13, rue Victor-Cousin, Paris, Paris. Date : 07/06/2026. Description : Séance spéciale : ERUPTION de Pete Ohs"
Nuit Blanche 2026 : TRANSTEMPORAL #3,"Deux propositions musicales singulières, portées par des artistes aux univers sensibles et audacieux !",Paris,"2, Place de la Concorde 75008 Paris",75008,2026-06-06 19:30:00+00:00,"Evenement : Nuit Blanche 2026 : TRANSTEMPORAL #3. Lieu : 2, Place de la Concorde 75008 Paris, Paris. Date : 06/06/2026. Description : Deux propositions musicales singulières, portées par des artistes aux univers sensibles et audacieux !"
JEUDI CHANSON,"Tous les jeudis d’octobre à juin (en dehors des vacances scolaires), une scène ouverte est organisée en entrée libre, pour découvrir de nouveaux artistes et pour présenter le travail des stagiaires de la Manufacture Chanson. Ce sont les Jeudis-Chanson.

Samedi 6 juin 2026 : Scène ouverte des ateliers loisirs

**POUR RETROUVER LE PROGRAMME COMPLET, CLIQUEZ : [ICI](https://www.manufacturechanson.org/autres-activites/scenes-ouvertes-jeudis-chanson/)**",Paris,124 avenue de la république 75011 paris,75011,2026-06-06 18:30:00+00:00,"Evenement : JEUDI CHANSON. Lieu : 124 avenue de la république 75011 paris, Paris. Date : 06/06/2026. Description : Tous les jeudis d’octobre à juin (en dehors des vacances scolaires), une scène ouverte est organisée en entrée libre, pour découvrir de nouveaux artistes et pour présenter le travail des stagiaires de la Manufacture Chanson. Ce sont les Jeudis-Chanson.

Samedi 6 juin 2026 : Scène ouverte des ateliers loisirs

**POUR RETROUVER LE PROGRAMME COMPLET, CLIQUEZ : [ICI](https://www.manufacturechanson.org/autres-activites/scenes-ouvertes-jeudis-chanson/)**"
Nuit blanche 2026 - Vernissage de l'exposition Robert Burley,"Vernissage le 6 juin 2026, dans le cadre de Nuit blanche

Enjambant la frontière entre le Canada et les Etats-Unis, la faisant disparaitre dans sa colossale masse fluide, le bassin des Grands Lacs réunit sur son pourtour des millions d’habitants, parmi lesquels des Autochtones de nombreuses Premières Nations du Canada et tribus américaines. Ressource extraordinaire d’eau potable de surface (parmi les plus importantes au monde) ; lieu de circulation et d’échange, de commerce, de travail, de loisirs, de voyage, de méditation, mais aussi d’exploitation, de danger, de vulnérabilité ; cet immense bassin a été observé depuis la diversité de ses rives par Robert Burley, l’un des plus importants photographes canadiens de notre époque.

L’artiste réalise ici un corpus aussi inédit qu’exceptionnel, où la beauté grandiose de cet insaisissable ensemble, tantôt apaisante tantôt inquiétante, se transforme en une réflexion sur la puissance de l’image contemporaine. Dépouillées de toute diversion anecdotique, renvoyant les Grands Lacs à leur grandeur première, les photographies de Robert Burley appellent le spectateur telles d’envoûtantes sirènes.

Commissaire : Catherine Bédard

En partenariat avec Biinaagami, Swim Drink Fish et Canadian Geographic

Ce projet est labellisé Bicentenaire de la Photographie par le ministère de la Culture et s’inscrit dans la programmation officielle du Bicentenaire du 1er septembre 2026 au 30 septembre 2027.",Paris,"130, rue du Faubourg Saint-Honoré 75008 Paris",75008,2026-06-06 16:00:00+00:00,"Evenement : Nuit blanche 2026 - Vernissage de l'exposition Robert Burley. Lieu : 130, rue du Faubourg Saint-Honoré 75008 Paris, Paris. Date : 06/06/2026. Description : Vernissage le 6 juin 2026, dans le cadre de Nuit blanche

Enjambant la frontière entre le Canada et les Etats-Unis, la faisant disparaitre dans sa colossale masse fluide, le bassin des Grands Lacs réunit sur son pourtour des millions d’habitants, parmi lesquels des Autochtones de nombreuses Premières Nations du Canada et tribus américaines. Ressource extraordinaire d’eau potable de surface (parmi les plus importantes au monde) ; lieu de circulation et d’échange, de commerce, de travail, de loisirs, de voyage, de méditation, mais aussi d’exploitation, de danger, de vulnérabilité ; cet immense bassin a été observé depuis la diversité de ses rives par Robert Burley, l’un des plus importants photographes canadiens de notre époque.

L’artiste réalise ici un corpus aussi inédit qu’exceptionnel, où la beauté grandiose de cet insaisissable ensemble, tantôt apaisante tantôt inquiétante, se transforme en une réflexion sur la puissance de l’image contemporaine. Dépouillées de toute diversion anecdotique, renvoyant les Grands Lacs à leur grandeur première, les photographies de Robert Burley appellent le spectateur telles d’envoûtantes sirènes.

Commissaire : Catherine Bédard

En partenariat avec Biinaagami, Swim Drink Fish et Canadian Geographic

Ce projet est labellisé Bicentenaire de la Photographie par le ministère de la Culture et s’inscrit dans la programmation officielle du Bicentenaire du 1er septembre 2026 au 30 septembre 2027."
"Le Ciné Kino d'ARTMELE présente ""Les filles d'Olfa""","Pour combler l'absence de deux des quatre filles de la tunisienne Olfa, la réalisatrice fait appel à des actrices professionnelles. Ce dispositif hors du commun nous offre un film très émouvant.",Paris,Place Marthe Simard,75014,2026-06-06 18:00:00+00:00,"Evenement : Le Ciné Kino d'ARTMELE présente ""Les filles d'Olfa"". Lieu : Place Marthe Simard, Paris. Date : 06/06/2026. Description : Pour combler l'absence de deux des quatre filles de la tunisienne Olfa, la réalisatrice fait appel à des actrices professionnelles. Ce dispositif hors du commun nous offre un film très émouvant."
"La Nuit Blanche #(((INTERFÉRENCE_S)))) Habiter le son, fabrique de situations","Le festival **((((INTERFÉRENCES))))** festival de substrats sonores \_ se fait l’étendard de recherches qui s’auto-différencient, s’auto-éditent et engendrent des ordonnancements erratiques - un festival de l’imprédictible, du décodage, du déséquençage, de l’indétermination à saveur hautement poétique porté par des artistes limier.e.s de réalités enfouies et de sonorités insoupçonnées.

La seconde **journée d’Intercession** engage une série d’opérations sonores où les instruments deviennent circuits, les déplacements deviennent écoute et les voix deviennent matière en circulation. Les propositions réunies explorent des formes d’apprentissage par l’usage — fabriquer, chercher, moduler — révélant comment les technologies sonores déplacent les régimes d’attention et redessinent les conditions de présence au lieu.

**PROGRAMME**  
■ 15h00–19h00 | Atelier en Galerie : Sonia Saroya — Drum Machine (Participation sur inscription – observation libre)  
■ 15h00–18h00 | Atelier en Théâtre : Davide Tidoni — Listening as Intervention (Participation sur inscription – observation libre)  
■ 18h30–19h00 | Performance en galerie : Hugo Vessiller-Fonfreide — PSYKONAUT - VIVANTE  
■ 19h–19h 30 | Performance en Galerie : Jérôme Grivel — VVV (Variations Vociférantes Virales) — restitution  
■ 19h30–21h00 | Performance de peinture et lecture poétique en cinéma : Delphine de la Roche, Lisa Signorini, Matthias Garcia — Tarot Lacrydoll  
■ 19h30–21h00 | Performance participative en cour : Luc Avarguès — Les bas-côtés  
■ 20h00–20h45 | Performance sonore et poétique en Théâtre : Accou Laposte & Marjolein Guldentops  
■ 21h–22h00 | Live en Théâtre : Hugo Livet — Oiseaux Fantôme  
_Accès aux lives dans la limite des places disponibles en salle de théâtre_",Paris,"127-129 rue Saint Martin, 75004 Paris",75004,2026-06-06 13:00:00+00:00,"Evenement : La Nuit Blanche #(((INTERFÉRENCE_S)))) Habiter le son, fabrique de situations. Lieu : 127-129 rue Saint Martin, 75004 Paris, Paris. Date : 06/06/2026. Description : Le festival **((((INTERFÉRENCES))))** festival de substrats sonores \_ se fait l’étendard de recherches qui s’auto-différencient, s’auto-éditent et engendrent des ordonnancements erratiques - un festival de l’imprédictible, du décodage, du déséquençage, de l’indétermination à saveur hautement poétique porté par des artistes limier.e.s de réalités enfouies et de sonorités insoupçonnées.

La seconde **journée d’Intercession** engage une série d’opérations sonores où les instruments deviennent circuits, les déplacements deviennent écoute et les voix deviennent matière en circulation. Les propositions réunies explorent des formes d’apprentissage par l’usage — fabriquer, chercher, moduler — révélant comment les technologies sonores déplacent les régimes d’attention et redessinent les conditions de présence au lieu.

**PROGRAMME**  
■ 15h00–19h00 | Atelier en Galerie : Sonia Saroya — Drum Machine (Participation sur inscription – observation libre)  
■ 15h00–18h00 | Atelier en Théâtre : Davide Tidoni — Listening as Intervention (Participation sur inscription – observation libre)  
■ 18h30–19h00 | Performance en galerie : Hugo Vessiller-Fonfreide — PSYKONAUT - VIVANTE  
■ 19h–19h 30 | Performance en Galerie : Jérôme Grivel — VVV (Variations Vociférantes Virales) — restitution  
■ 19h30–21h00 | Performance de peinture et lecture poétique en cinéma : Delphine de la Roche, Lisa Signorini, Matthias Garcia — Tarot Lacrydoll  
■ 19h30–21h00 | Performance participative en cour : Luc Avarguès — Les bas-côtés  
■ 20h00–20h45 | Performance sonore et poétique en Théâtre : Accou Laposte & Marjolein Guldentops  
■ 21h–22h00 | Live en Théâtre : Hugo Livet — Oiseaux Fantôme  
_Accès aux lives dans la limite des places disponibles en salle de théâtre_"
Rhapsodomancie : Oracle dessiné - Atelier-visite adultes,"[...], cet atelier vous propose d’arpenter l’espace et l’exposition Flammes à la recherche d’un sens nouveau. Muni de votre carnet à dessin venez découvrir l’exposition par l’axe du hasard et de la poésie.

INGEBORG LÜSCHER – FLAMMES
Retraçant la pratique d’Ingeborg Lüscher (née 1936 en Allemagne ; vit et travaille au Tessin) l’exposition Flammes dévoile le rapport à l’embrasement qu’a développé l’artiste depuis ses premières expérimentations jusqu’à nos jours. Du souffre à la cendre, des braises aux volutes de fumée, les œuvres présentées explorent la vitalité du feu et sa puissance créatrice et indocile. Après un premier parcours de comédienne, Ingeborg Lüscher débute à la fin des années 1960 une recherche plastique, picturale et performative qui ne la quittera plus. Elle déploie également une pratique photographique unique, documentant ses proches, les rencontres faites et les paysages parcourus lors de ses voyages et dans son quotidien. Dès 1975, l’artiste compose également des œuvres conceptuelles et autobiographiques autour du hasard, de l’amour ou des rêves. Flammes explore la vitalité d’une riche carrière artistique nourrie par une quête continue de la transformation, un intérêt profond pour les processus cycliques de la destruction au renouveau, de la matière et des corps, de l’absence à la renaissance.

[Plus d’informations sur notre site web](https://ccsparis.com/evenements/ateliers-visites-rhapsodomancie-oracle-dessine/)",Paris,"32 rue des Francs-Bourgeois, Paris",75003,2026-06-06 14:00:00+00:00,"Evenement : Rhapsodomancie : Oracle dessiné - Atelier-visite adultes. Lieu : 32 rue des Francs-Bourgeois, Paris, Paris. Date : 06/06/2026. Description : [...], cet atelier vous propose d’arpenter l’espace et l’exposition Flammes à la recherche d’un sens nouveau. Muni de votre carnet à dessin venez découvrir l’exposition par l’axe du hasard et de la poésie.

INGEBORG LÜSCHER – FLAMMES
Retraçant la pratique d’Ingeborg Lüscher (née 1936 en Allemagne ; vit et travaille au Tessin) l’exposition Flammes dévoile le rapport à l’embrasement qu’a développé l’artiste depuis ses premières expérimentations jusqu’à nos jours. Du souffre à la cendre, des braises aux volutes de fumée, les œuvres présentées explorent la vitalité du feu et sa puissance créatrice et indocile. Après un premier parcours de comédienne, Ingeborg Lüscher débute à la fin des années 1960 une recherche plastique, picturale et performative qui ne la quittera plus. Elle déploie également une pratique photographique unique, documentant ses proches, les rencontres faites et les paysages parcourus lors de ses voyages et dans son quotidien. Dès 1975, l’artiste compose également des œuvres conceptuelles et autobiographiques autour du hasard, de l’amour ou des rêves. Flammes explore la vitalité d’une riche carrière artistique nourrie par une quête continue de la transformation, un intérêt profond pour les processus cycliques de la destruction au renouveau, de la matière et des corps, de l’absence à la renaissance.

[Plus d’informations sur notre site web](https://ccsparis.com/evenements/ateliers-visites-rhapsodomancie-oracle-dessine/)"
Entre Surface,"L’exposition Entre Surface, organisée en collaboration entre Hybrid’s Crib, NYCE et PCE, propose une exploration à la fois sensorielle et conceptuelle de la matière dans la création contemporaine. Elle invite à dépasser l’apparence pour révéler les strates, les textures et les récits enfouis dans les matériaux. En privilégiant les techniques mixtes — sculpture, recyclage, textile, collage et photographie — Entre Surface interroge la frontière entre surface et profondeur, entre visible et tangible. Dans un contexte dominé par le numérique, l’exposition réaffirme la valeur du contact, du relief et de la trace, faisant de la matérialité une expérience à part entière. Elle rassemble des œuvres qui instaurent un dialogue sensible entre gestes, matières et mémoires. Chaque création devient ainsi un espace de rencontre entre matière et regard, entre expression individuelle et vibration sensorielle.

Artistes Exposants :  
Agnès Senga / Alain Guillon / Amélie et Catherine Barbedienne – La Parcelle des Rêves / Aurélie Lafourcade / Birdie / Carole Chausset / Catherina Kouninioti / Chantal Rougier / Christian Calmon / Clothilde Fricot Mugnerot / Dandy Diwangkara / David Sagnier / Diane Betoux / Diom / Elisabeth Baillon / Emmanuelle Cadet / Éric Beauplace / Estela Currao / Isabelle Morellet / Jean-Pierre Labesse / Jean-Louis Brunati / Karine Langevin KJL / Mehnoush Modonpour / Ophélie Hugounenq / Raexsyaf Arrahman / SCOWCZA / SLM. Sylvie LeMennChabot / Ticha Vandewerve / Véronique Parra / Virginie Paoli / Yasmina Kijek / Zou

PCE - Paris Collage Ensemble  
Notre groupe, créé en 2023, rassemble 8 collagistes aux créations très diverses. Notre point commun : les papiers de toutes sortes, déchirés ou découpés minutieusement, voire sculptés. Depuis trois ans nous collaborons sur des projets inspirants, mettons en œuvre des expositions. “Entre Surface” est notre deuxième collaboration avec le New York Collage Ensemble dont l’une d’entre nous est membre et l’Hybrid's Crib.

Artistes exposants :  
Anissa Nossay / Fabrice Coltro / La Parlange / Michèle Coudert / Milkisa / Roman Gabes / Spot Phelizon

NYCE – NY Collage Ensemble  
Le New York Collage Ensemble (NYCE), fondé en 2020, a pour mission de rassembler une communauté d’artistes collagistes susceptibles d’échanger, de collaborer et de s’inspirer mutuellement. Afin de mener à bien cet objectif, NYCE associe des artistes dont les carrières et les styles sont variés et dont le travail s’appuie sur des techniques diverses, du tissu au travail digital en passant par la création analogique.

Artistes exposants :  
Amy Putman / Isabelle Milkoff / Meghan Larimer /Orit Tenzer / Susan Lerner  
[Catalogue](https://heyzine.com/flip-book/f2d41ebdf6.html)  
[Teaser](https://www.youtube.com/watch?v=fjhczGN7_qY)",Paris,"25 rue de seine, 75006 Paris",75006,2026-06-06 12:30:00+00:00,"Evenement : Entre Surface. Lieu : 25 rue de seine, 75006 Paris, Paris. Date : 06/06/2026. Description : L’exposition Entre Surface, organisée en collaboration entre Hybrid’s Crib, NYCE et PCE, propose une exploration à la fois sensorielle et conceptuelle de la matière dans la création contemporaine. Elle invite à dépasser l’apparence pour révéler les strates, les textures et les récits enfouis dans les matériaux. En privilégiant les techniques mixtes — sculpture, recyclage, textile, collage et photographie — Entre Surface interroge la frontière entre surface et profondeur, entre visible et tangible. Dans un contexte dominé par le numérique, l’exposition réaffirme la valeur du contact, du relief et de la trace, faisant de la matérialité une expérience à part entière. Elle rassemble des œuvres qui instaurent un dialogue sensible entre gestes, matières et mémoires. Chaque création devient ainsi un espace de rencontre entre matière et regard, entre expression individuelle et vibration sensorielle.

Artistes Exposants :  
Agnès Senga / Alain Guillon / Amélie et Catherine Barbedienne – La Parcelle des Rêves / Aurélie Lafourcade / Birdie / Carole Chausset / Catherina Kouninioti / Chantal Rougier / Christian Calmon / Clothilde Fricot Mugnerot / Dandy Diwangkara / David Sagnier / Diane Betoux / Diom / Elisabeth Baillon / Emmanuelle Cadet / Éric Beauplace / Estela Currao / Isabelle Morellet / Jean-Pierre Labesse / Jean-Louis Brunati / Karine Langevin KJL / Mehnoush Modonpour / Ophélie Hugounenq / Raexsyaf Arrahman / SCOWCZA / SLM. Sylvie LeMennChabot / Ticha Vandewerve / Véronique Parra / Virginie Paoli / Yasmina Kijek / Zou

PCE - Paris Collage Ensemble  
Notre groupe, créé en 2023, rassemble 8 collagistes aux créations très diverses. Notre point commun : les papiers de toutes sortes, déchirés ou découpés minutieusement, voire sculptés. Depuis trois ans nous collaborons sur des projets inspirants, mettons en œuvre des expositions. “Entre Surface” est notre deuxième collaboration avec le New York Collage Ensemble dont l’une d’entre nous est membre et l’Hybrid's Crib.

Artistes exposants :  
Anissa Nossay / Fabrice Coltro / La Parlange / Michèle Coudert / Milkisa / Roman Gabes / Spot Phelizon

NYCE – NY Collage Ensemble  
Le New York Collage Ensemble (NYCE), fondé en 2020, a pour mission de rassembler une communauté d’artistes collagistes susceptibles d’échanger, de collaborer et de s’inspirer mutuellement. Afin de mener à bien cet objectif, NYCE associe des artistes dont les carrières et les styles sont variés et dont le travail s’appuie sur des techniques diverses, du tissu au travail digital en passant par la création analogique.

Artistes exposants :  
Amy Putman / Isabelle Milkoff / Meghan Larimer /Orit Tenzer / Susan Lerner  
[Catalogue](https://heyzine.com/flip-book/f2d41ebdf6.html)  
[Teaser](https://www.youtube.com/watch?v=fjhczGN7_qY)"
JEUDI CHANSON,"Tous les jeudis d’octobre à juin (en dehors des vacances scolaires), une scène ouverte est organisée en entrée libre, pour découvrir de nouveaux artistes et pour présenter le travail des stagiaires de la Manufacture Chanson. Ce sont les Jeudis-Chanson.

Vendredi 5 Juin 2026 : Scène ouverte des ateliers loisirs

**POUR RETROUVER LE PROGRAMME COMPLET, CLIQUEZ : [ICI](https://www.manufacturechanson.org/autres-activites/scenes-ouvertes-jeudis-chanson/)**",Paris,124 avenue de la république 75011 paris,75011,2026-06-05 18:30:00+00:00,"Evenement : JEUDI CHANSON. Lieu : 124 avenue de la république 75011 paris, Paris. Date : 05/06/2026. Description : Tous les jeudis d’octobre à juin (en dehors des vacances scolaires), une scène ouverte est organisée en entrée libre, pour découvrir de nouveaux artistes et pour présenter le travail des stagiaires de la Manufacture Chanson. Ce sont les Jeudis-Chanson.

Vendredi 5 Juin 2026 : Scène ouverte des ateliers loisirs

**POUR RETROUVER LE PROGRAMME COMPLET, CLIQUEZ : [ICI](https://www.manufacturechanson.org/autres-activites/scenes-ouvertes-jeudis-chanson/)**"
34e Festival Le Court en dit long,"La sélection a été opérée avec la complicité d’une marraine, actrice, scénariste et réalisatrice : Natacha Régnier.  
Parmi les films en compétition, on retrouve quelques cinéastes fidèles du festival (Cédric Bourgeois, Rémi Vandenitte, Philippe Reypens, Arnaud Demuynck, Pascale Hecquet, Olivier Smolders, Maïa Descamps et Camille Britte), Laurier Fourniau qui avait reçu le Grand Prix en 2024 et Guillaume Senez qui a coréalisé un court métrage après ses trois longs.  
Comme le cinéma de Wallonie et de Bruxelles demeure vif et prolixe, de nombreux premiers films seront à nouveau dévoilés, comme autant de nouvelles voix et de nouveaux regards, en grande partie féminins (23 réalisatrices – 42% / 32 réalisateurs – 58 %)  
Cette année, en périphérie de la compétition, le Festival est ravi de présenter les Talents Adami Cannes 2026 et une Carte blanche de documentaires de l’INSAS réalisés en 2024 et 2025 à la faveur du projet « Regards croisés » en Espagne ou au Maroc ou de films de fin d’études.  
L’un des acteurs et réalisateurs fidèle du Festival, Jean-Benoît Ugeux, viendra présenter en première projection parisienne son premier long métrage _L’ÂGE MÛR_, après avoir exposé dans l’après-midi du vendredi 5 juin son parcours du court au long métrage, lors d’une Classe de cinéma.  
Comme chaque année, le Centre Wallonie-Bruxelles/Paris donne rendez-vous à tous les professionnel.les et amateurs.trices de courts métrages à découvrir une sélection qui confirme à nouveau la formidable vigueur et l’extrême variété de styles et de formes des productions de Wallonie et de Bruxelles.  
**LE PROGRAMME :**  
■ Lundi 1er juin à 20h30 | Programme 1 : _La vie d’artiste_ - Durée totale : 1h30  
Avec : Camille Britte, Corentin Lobet, Toni Isabella Valenzi, Chantal Peten, Franck Morand & Guillaume Senez  
■ Mardi 2 juin à 18h | Programme 2 : _Et l’amour dans tout ça ?_ - Durée totale : 1h34  
Avec : Baptiste Guiard, Alice Khol, Christophe Prédari, Archibald Martin, Maïa Descamps  
■ Mardi 2 juin à 20h30 | Programme 3 : _Films de genres_ - Durée totale : 1h36  
Avec : Tanguy Thibaut, Anthony Tueri, Toni Hilgersson, Marie Rombaut, Eliott Delbeck, Dylan Van Ingelgem, Louis Pirson, Mathieu Mortelmans & Cécile Delberghe, Boris Tilquin & Maud Carpentier  
■ Mercredi 3 juin à 16h | Programme 4 : _Films d’écoles et ateliers_ - Durée totale : 1h22  
Avec : Morgane Holsters & Emi Inohana, Camille de Vulpillières, Cécilia Goodman, Louison Chambon, Tristan PoiteLéa Michot & Maëlle Zeippen, Clara Diet Cordy  
■ Mercredi 3 juin à 18h | Programme 5 : _Tu as dit famille ?_ - Durée totale : 1h38  
Avec : Sara Dufossé, Dimitri Kourtchine & Béatriz Coutrot, Louis Kempeneers & Axel Capite, Colin Javaux, Laurier Fourniau  
■ Mercredi 3 juin à 20h30 | Programme 6 : _Rester debout_ - Durée totale : 1h41  
Avec : Rémi Durin, Julien Lepoutre, Pauline Carette, Vinciane Le Men, Amélie Navarro & Gaëtan d’Agostino, Philippe Reypens  
■ Jeudi 4 juin à 18h | Programme 7 : _Contes et merveilles_ - Durée totale : 1h35  
Avec : Paul Jadoul, Pascale Hecquet, Olivier Smolders, Juliette Baily, Cédric Bourgeois & Rémi Vandenitte, Morgane Simon & Arnaud Demuynck, Colin Van der Straeten  
■ Jeudi 4 juin à 20h30 | Talents Adami Cinéma 2026 - Durée totale : 0h58  
Avec : Kevin Razy, Louise Coldefy, Natacha Régnier, Louise Bourgoin  
■ Vendredi 5 juin à 15h | Carte blanche documentaires de l’INSAS - Durée : 1h28  
Avec : Léa Berghe & Lison Besangez, Juliette Léonard, Ellie Delvaux, Madeleine Faburel-Dumail, Soleysa Taleb  
■ Vendredi 5 juin à 17h | Master Class du court au long avec Jean-Benoît Ugeux  
■ Vendredi 5 juin à 19h | Clôture & Palmarès  
■ Vendredi 5 juin à 20h15 | Avant-première - Durée : 1h24  
_L’âge mûr_ de Jean-Benoît Ugeux",Paris,46 rue Quincampoix,75004,2026-06-05 18:30:00+00:00,"Evenement : 34e Festival Le Court en dit long. Lieu : 46 rue Quincampoix, Paris. Date : 05/06/2026. Description : La sélection a été opérée avec la complicité d’une marraine, actrice, scénariste et réalisatrice : Natacha Régnier.  
Parmi les films en compétition, on retrouve quelques cinéastes fidèles du festival (Cédric Bourgeois, Rémi Vandenitte, Philippe Reypens, Arnaud Demuynck, Pascale Hecquet, Olivier Smolders, Maïa Descamps et Camille Britte), Laurier Fourniau qui avait reçu le Grand Prix en 2024 et Guillaume Senez qui a coréalisé un court métrage après ses trois longs.  
Comme le cinéma de Wallonie et de Bruxelles demeure vif et prolixe, de nombreux premiers films seront à nouveau dévoilés, comme autant de nouvelles voix et de nouveaux regards, en grande partie féminins (23 réalisatrices – 42% / 32 réalisateurs – 58 %)  
Cette année, en périphérie de la compétition, le Festival est ravi de présenter les Talents Adami Cannes 2026 et une Carte blanche de documentaires de l’INSAS réalisés en 2024 et 2025 à la faveur du projet « Regards croisés » en Espagne ou au Maroc ou de films de fin d’études.  
L’un des acteurs et réalisateurs fidèle du Festival, Jean-Benoît Ugeux, viendra présenter en première projection parisienne son premier long métrage _L’ÂGE MÛR_, après avoir exposé dans l’après-midi du vendredi 5 juin son parcours du court au long métrage, lors d’une Classe de cinéma.  
Comme chaque année, le Centre Wallonie-Bruxelles/Paris donne rendez-vous à tous les professionnel.les et amateurs.trices de courts métrages à découvrir une sélection qui confirme à nouveau la formidable vigueur et l’extrême variété de styles et de formes des productions de Wallonie et de Bruxelles.  
**LE PROGRAMME :**  
■ Lundi 1er juin à 20h30 | Programme 1 : _La vie d’artiste_ - Durée totale : 1h30  
Avec : Camille Britte, Corentin Lobet, Toni Isabella Valenzi, Chantal Peten, Franck Morand & Guillaume Senez  
■ Mardi 2 juin à 18h | Programme 2 : _Et l’amour dans tout ça ?_ - Durée totale : 1h34  
Avec : Baptiste Guiard, Alice Khol, Christophe Prédari, Archibald Martin, Maïa Descamps  
■ Mardi 2 juin à 20h30 | Programme 3 : _Films de genres_ - Durée totale : 1h36  
Avec : Tanguy Thibaut, Anthony Tueri, Toni Hilgersson, Marie Rombaut, Eliott Delbeck, Dylan Van Ingelgem, Louis Pirson, Mathieu Mortelmans & Cécile Delberghe, Boris Tilquin & Maud Carpentier  
■ Mercredi 3 juin à 16h | Programme 4 : _Films d’écoles et ateliers_ - Durée totale : 1h22  
Avec : Morgane Holsters & Emi Inohana, Camille de Vulpillières, Cécilia Goodman, Louison Chambon, Tristan PoiteLéa Michot & Maëlle Zeippen, Clara Diet Cordy  
■ Mercredi 3 juin à 18h | Programme 5 : _Tu as dit famille ?_ - Durée totale : 1h38  
Avec : Sara Dufossé, Dimitri Kourtchine & Béatriz Coutrot, Louis Kempeneers & Axel Capite, Colin Javaux, Laurier Fourniau  
■ Mercredi 3 juin à 20h30 | Programme 6 : _Rester debout_ - Durée totale : 1h41  
Avec : Rémi Durin, Julien Lepoutre, Pauline Carette, Vinciane Le Men, Amélie Navarro & Gaëtan d’Agostino, Philippe Reypens  
■ Jeudi 4 juin à 18h | Programme 7 : _Contes et merveilles_ - Durée totale : 1h35  
Avec : Paul Jadoul, Pascale Hecquet, Olivier Smolders, Juliette Baily, Cédric Bourgeois & Rémi Vandenitte, Morgane Simon & Arnaud Demuynck, Colin Van der Straeten  
■ Jeudi 4 juin à 20h30 | Talents Adami Cinéma 2026 - Durée totale : 0h58  
Avec : Kevin Razy, Louise Coldefy, Natacha Régnier, Louise Bourgoin  
■ Vendredi 5 juin à 15h | Carte blanche documentaires de l’INSAS - Durée : 1h28  
Avec : Léa Berghe & Lison Besangez, Juliette Léonard, Ellie Delvaux, Madeleine Faburel-Dumail, Soleysa Taleb  
■ Vendredi 5 juin à 17h | Master Class du court au long avec Jean-Benoît Ugeux  
■ Vendredi 5 juin à 19h | Clôture & Palmarès  
■ Vendredi 5 juin à 20h15 | Avant-première - Durée : 1h24  
_L’âge mûr_ de Jean-Benoît Ugeux"
Concert électro de Daithí,"Concert électro de Daithí
-------------------------

Présenté en partenariat avec le Ficep - Les cultures étrangères à Paris et le Réseau ZoneFranche.  
Sur l'artiste : Chef de file de la scène électro-pop irlandaise, ce talentueux et prolifique musicien ancré dans la culture traditionnelle irlandaise mêle synthé, boîte à rythmes et fiddle pour créer un univers planant et dansant.  
Entrée libre !",Paris,5 rue des irlandais 75005 Paris,75005,2026-06-05 18:00:00+00:00,"Evenement : Concert électro de Daithí. Lieu : 5 rue des irlandais 75005 Paris, Paris. Date : 05/06/2026. Description : Concert électro de Daithí
-------------------------

Présenté en partenariat avec le Ficep - Les cultures étrangères à Paris et le Réseau ZoneFranche.  
Sur l'artiste : Chef de file de la scène électro-pop irlandaise, ce talentueux et prolifique musicien ancré dans la culture traditionnelle irlandaise mêle synthé, boîte à rythmes et fiddle pour créer un univers planant et dansant.  
Entrée libre !"
Elina Kulikova - Un champ brûlé,"[...] , produit une trilogie musicale et théâtrale avec Dima Efremov, artiste et activiste. Un Champ Brûlé, la première partie, retrace l’éclatement de la guerre et pose la question du regard actuel sur la culture russe aujourd’hui, au nom de laquelle des crimes de guerre sont perpétrés.

*Un Champ Brûlé* explore les possibilités narratives du langage théâtral tout en portant une déclaration politique. Au sein de ce triptyque pensé comme un manifeste, il s’agit d’aborder l’un des sujets les plus difficiles : la guerre, surtout lorsque cette guerre est menée au nom de votre pays. Tout au long du spectacle, la musique des grands compositeurs Tchaïkovski, Dargomyjski et Tariverdiev accompagne des textes sur la géopolitique, la violence d’État. Elina Kulikova au chant et Dima Efremov au piano s’attachent à mettre en évidence ce paradoxe : c’est le romantisme de cet impérialisme et de sa culture qui a en partie aveuglé le reste du monde sur le caractère répressif de cet État, tant envers ses citoyens qu’envers d’autres pays et cultures.

[Plus d’informations sur notre site web](https://ccsparis.com/evenements/elina-kulikova-un-champ-brule/)",Paris,"32 rue des Francs-Bourgeois, Paris",75003,2026-06-05 18:00:00+00:00,"Evenement : Elina Kulikova - Un champ brûlé. Lieu : 32 rue des Francs-Bourgeois, Paris, Paris. Date : 05/06/2026. Description : [...] , produit une trilogie musicale et théâtrale avec Dima Efremov, artiste et activiste. Un Champ Brûlé, la première partie, retrace l’éclatement de la guerre et pose la question du regard actuel sur la culture russe aujourd’hui, au nom de laquelle des crimes de guerre sont perpétrés.

*Un Champ Brûlé* explore les possibilités narratives du langage théâtral tout en portant une déclaration politique. Au sein de ce triptyque pensé comme un manifeste, il s’agit d’aborder l’un des sujets les plus difficiles : la guerre, surtout lorsque cette guerre est menée au nom de votre pays. Tout au long du spectacle, la musique des grands compositeurs Tchaïkovski, Dargomyjski et Tariverdiev accompagne des textes sur la géopolitique, la violence d’État. Elina Kulikova au chant et Dima Efremov au piano s’attachent à mettre en évidence ce paradoxe : c’est le romantisme de cet impérialisme et de sa culture qui a en partie aveuglé le reste du monde sur le caractère répressif de cet État, tant envers ses citoyens qu’envers d’autres pays et cultures.

[Plus d’informations sur notre site web](https://ccsparis.com/evenements/elina-kulikova-un-champ-brule/)"
6ᵉ édition de l'Atelier Maurice Allais,"Alors que la dette publique française franchit le seuil des 110 % du PIB et que plus de la moitié de celle-ci est désormais détenue par des investisseurs étrangers, la question de sa soutenabilité s'impose aujourd'hui avec une acuité sans précédent.  
Nous vous donnons rendez-vous le vendredi 5 juin 2026 à partir de 14h30 à l'École des Mines Paris – PSL, pour la sixième édition de l'Atelier Maurice Allais, qui sera consacrée à la soutenabilité de la dette publique française face à la montée des incertitudes financières et géopolitiques.  
Fidèle à sa vocation de prolonger l'œuvre de Maurice Allais, cet Atelier organisé tous les 2, ) réunit chercheurs, décideurs et responsables publics afin de confronter analyses théoriques et réalités économiques autour des grands défis contemporains.",Paris,"60, boulevard Saint-Michel, 75006 Paris",75006,2026-06-05 12:30:00+00:00,"Evenement : 6ᵉ édition de l'Atelier Maurice Allais. Lieu : 60, boulevard Saint-Michel, 75006 Paris, Paris. Date : 05/06/2026. Description : Alors que la dette publique française franchit le seuil des 110 % du PIB et que plus de la moitié de celle-ci est désormais détenue par des investisseurs étrangers, la question de sa soutenabilité s'impose aujourd'hui avec une acuité sans précédent.  
Nous vous donnons rendez-vous le vendredi 5 juin 2026 à partir de 14h30 à l'École des Mines Paris – PSL, pour la sixième édition de l'Atelier Maurice Allais, qui sera consacrée à la soutenabilité de la dette publique française face à la montée des incertitudes financières et géopolitiques.  
Fidèle à sa vocation de prolonger l'œuvre de Maurice Allais, cet Atelier organisé tous les 2, ) réunit chercheurs, décideurs et responsables publics afin de confronter analyses théoriques et réalités économiques autour des grands défis contemporains."
Krispy Kreme célèbre la Journée internationale du Doughnut,"Rendez-vous le vendredi 5 juin 2026, place Joachim-du-Bellay, dans le 1er arrondissement de Paris.  
Les équipes de Krispy Kreme seront présentes pour une journée placée sous le signe de la gourmandise, avec 600 OG « Original Glazed » disponibles et offerts gratuitement de midi à 17 heures. Par ailleurs, la célèbre mascotte Krispy Kreme fera son grand retour afin de partager un moment avec vous autour du doughnut le plus iconique de la maison.  
Amateurs de doughnuts ou simples curieux, venez partager un moment de plaisir et de bonne humeur avec les équipes Krispy Kreme !",Paris,Place Joachim-du-Bellay,75001,2026-06-05 10:00:00+00:00,"Evenement : Krispy Kreme célèbre la Journée internationale du Doughnut. Lieu : Place Joachim-du-Bellay, Paris. Date : 05/06/2026. Description : Rendez-vous le vendredi 5 juin 2026, place Joachim-du-Bellay, dans le 1er arrondissement de Paris.  
Les équipes de Krispy Kreme seront présentes pour une journée placée sous le signe de la gourmandise, avec 600 OG « Original Glazed » disponibles et offerts gratuitement de midi à 17 heures. Par ailleurs, la célèbre mascotte Krispy Kreme fera son grand retour afin de partager un moment avec vous autour du doughnut le plus iconique de la maison.  
Amateurs de doughnuts ou simples curieux, venez partager un moment de plaisir et de bonne humeur avec les équipes Krispy Kreme !"
JEUDI CHANSON,"Tous les jeudis d’octobre à juin (en dehors des vacances scolaires), une scène ouverte est organisée en entrée libre, pour découvrir de nouveaux artistes et pour présenter le travail des stagiaires de la Manufacture Chanson. Ce sont les Jeudis-Chanson.

Jeudi 4 Juin 2026 : Concert de la formation « Voix du Jazz »

**POUR RETROUVER LE PROGRAMME COMPLET, CLIQUEZ : [ICI](https://www.manufacturechanson.org/autres-activites/scenes-ouvertes-jeudis-chanson/)**",Paris,124 avenue de la république 75011 paris,75011,2026-06-04 18:30:00+00:00,"Evenement : JEUDI CHANSON. Lieu : 124 avenue de la république 75011 paris, Paris. Date : 04/06/2026. Description : Tous les jeudis d’octobre à juin (en dehors des vacances scolaires), une scène ouverte est organisée en entrée libre, pour découvrir de nouveaux artistes et pour présenter le travail des stagiaires de la Manufacture Chanson. Ce sont les Jeudis-Chanson.

Jeudi 4 Juin 2026 : Concert de la formation « Voix du Jazz »

**POUR RETROUVER LE PROGRAMME COMPLET, CLIQUEZ : [ICI](https://www.manufacturechanson.org/autres-activites/scenes-ouvertes-jeudis-chanson/)**"
"Festival 2026 - SORAYA LEILA EMERY / HOT STUFF ""Coming Soon""","### SORAYA LEILA EMERY / HOT STUFF ""Coming Soon""

En détournant La Grande Odalisque d’Ingres, Soraya Leila Emery transforme une image iconique de la peinture orientaliste en espace d’affirmation et d’émancipation. Avec Coming Soon, elle fait du regard et du plaisir féminin une puissance d’action, un corps qui observe, désire et recompose son propre récit.",Paris,"94 rue Jean-Pierre Timbaud, 75011 Paris",75011,2026-06-04 18:30:00+00:00,"Evenement : Festival 2026 - SORAYA LEILA EMERY / HOT STUFF ""Coming Soon"". Lieu : 94 rue Jean-Pierre Timbaud, 75011 Paris, Paris. Date : 04/06/2026. Description : ### SORAYA LEILA EMERY / HOT STUFF ""Coming Soon""

En détournant La Grande Odalisque d’Ingres, Soraya Leila Emery transforme une image iconique de la peinture orientaliste en espace d’affirmation et d’émancipation. Avec Coming Soon, elle fait du regard et du plaisir féminin une puissance d’action, un corps qui observe, désire et recompose son propre récit."
Lancement à la librairie - Il y a plusieurs manières de traverser une gare,"[...] , Jérôme Leuba, Camille Paulhan et Alain Freudiger, introduite en quelques mots par l’éditeur Stéphane Fretz, et suivie d’un apéritif et d’un moment d’échange.

Il y a plusieurs manières de traverser une gare est un ouvrage composé de textes ayant pour décor Genève, Lausanne et Berne. Jérôme Leuba a imaginé un dispositif durant quelques heures: faire réaliser quatre ou cinq sculptures vivantes, ou rejouer des performances historiques, puis inviter des auteur·ices à les insérer à leur façon dans un récit. Dans cet ouvrage, chaque situation performée se rencontre au détour d’une fiction, infiltrée parmi des milliers d’autres phrases. Quelle sera la place du réel? de la fiction? C’est la question de l’artiste Jérôme Leuba à trois écrivain·es: Alain Freudiger, Anaïs Wenger et Camille Paulhan. Avec une postface de la spécialiste de la performance contemporaine Anne Bénichou.

[Plus d’informations sur notre site web](https://ccsparis.com/evenements/lancement-a-la-librairie/)",Paris,"32 rue des Francs-Bourgeois, Paris",75003,2026-06-04 17:30:00+00:00,"Evenement : Lancement à la librairie - Il y a plusieurs manières de traverser une gare. Lieu : 32 rue des Francs-Bourgeois, Paris, Paris. Date : 04/06/2026. Description : [...] , Jérôme Leuba, Camille Paulhan et Alain Freudiger, introduite en quelques mots par l’éditeur Stéphane Fretz, et suivie d’un apéritif et d’un moment d’échange.

Il y a plusieurs manières de traverser une gare est un ouvrage composé de textes ayant pour décor Genève, Lausanne et Berne. Jérôme Leuba a imaginé un dispositif durant quelques heures: faire réaliser quatre ou cinq sculptures vivantes, ou rejouer des performances historiques, puis inviter des auteur·ices à les insérer à leur façon dans un récit. Dans cet ouvrage, chaque situation performée se rencontre au détour d’une fiction, infiltrée parmi des milliers d’autres phrases. Quelle sera la place du réel? de la fiction? C’est la question de l’artiste Jérôme Leuba à trois écrivain·es: Alain Freudiger, Anaïs Wenger et Camille Paulhan. Avec une postface de la spécialiste de la performance contemporaine Anne Bénichou.

[Plus d’informations sur notre site web](https://ccsparis.com/evenements/lancement-a-la-librairie/)"
Nadia Rozeva/ Monuments intimes,"Pendant les mois d’été, l’Institut Culturel Bulgare accueillera une exposition captivante : **« Monuments intimes » de Nadia Rozeva** – artiste bulgare et figure reconnue dans le domaine de la médaille d’art contemporain.  
L’exposition, qui sera inaugurée le 4 juin dans notre galerie, présente plus de 50 œuvres réalisées entre 2002 et 2026.  
Lors du **vernissage**, à **19h15** l'oeuvre de **Nadia Rozeva** sera présentée par l'artiste et **Mme Béatrice Coullaré,** docteur en histoire de l'art, spécialiste de la médaille.  
Intime par nature et conçue pour être touchée, **la médaille** est une forme sculpturale de petite dimension, à la fois puissante et singulière. C’est un récit tactile, où la perception de son poids physique offre un ancrage sensoriel aux thèmes explorés et rend l’abstrait tangible.  
Par le langage laconique de la médaille, l’art de Nadia Rozeva raconte des histoires intemporelles, nous ramenant à l’essentiel, à l’identité, ainsi qu’aux couches profondes de la mémoire et de la mythologie. Ses petits reliefs tactiles deviennent des espaces vivants et intensément chargés pour la réflexion esthétique.  
_Nadia Rozeva travaille dans les domaines de la médaille d’art, de la petite plastique, de la peinture, de la joaillerie et du design de produits. Après des études de marketing à Nadia Rozeva a étudié aux États-Unis, en Allemagne, en Autriche, ainsi qu’à l’Académie nationale des beaux-arts en Bulgarie sous la direction du professeur Bogomil Nikolov. Depuis plus de deux décennies, elle explore la médaille d’art non comme un objet commémoratif, mais en tant que le support d’un univers riche de récits archaïques et contemporains._  
_Ses œuvres font partie des collections permanentes du British Museum à Londres, du Cabinet royal des médailles à Stockholm, du musée de Bergen, de la Galerie nationale d’art à Sofia, du musée des monnaies et médailles de Kremnica, entre autres. Son travail a été présenté dans de nombreux musées et galeries internationales en Bulgarie, Italie, Allemagne, Japon, Canada et bien d'autres._  
_Elle est également l’auteure de la statuette « Rose d’Or » du festival de cinéma du Centre national du cinéma bulgare._  
_Aujourd’hui, elle vit à Paris, où elle collabore avec la Monnaie de Paris._",Paris,"28 rue de la Boétie, Paris",75008,2026-06-04 16:30:00+00:00,"Evenement : Nadia Rozeva/ Monuments intimes. Lieu : 28 rue de la Boétie, Paris, Paris. Date : 04/06/2026. Description : Pendant les mois d’été, l’Institut Culturel Bulgare accueillera une exposition captivante : **« Monuments intimes » de Nadia Rozeva** – artiste bulgare et figure reconnue dans le domaine de la médaille d’art contemporain.  
L’exposition, qui sera inaugurée le 4 juin dans notre galerie, présente plus de 50 œuvres réalisées entre 2002 et 2026.  
Lors du **vernissage**, à **19h15** l'oeuvre de **Nadia Rozeva** sera présentée par l'artiste et **Mme Béatrice Coullaré,** docteur en histoire de l'art, spécialiste de la médaille.  
Intime par nature et conçue pour être touchée, **la médaille** est une forme sculpturale de petite dimension, à la fois puissante et singulière. C’est un récit tactile, où la perception de son poids physique offre un ancrage sensoriel aux thèmes explorés et rend l’abstrait tangible.  
Par le langage laconique de la médaille, l’art de Nadia Rozeva raconte des histoires intemporelles, nous ramenant à l’essentiel, à l’identité, ainsi qu’aux couches profondes de la mémoire et de la mythologie. Ses petits reliefs tactiles deviennent des espaces vivants et intensément chargés pour la réflexion esthétique.  
_Nadia Rozeva travaille dans les domaines de la médaille d’art, de la petite plastique, de la peinture, de la joaillerie et du design de produits. Après des études de marketing à Nadia Rozeva a étudié aux États-Unis, en Allemagne, en Autriche, ainsi qu’à l’Académie nationale des beaux-arts en Bulgarie sous la direction du professeur Bogomil Nikolov. Depuis plus de deux décennies, elle explore la médaille d’art non comme un objet commémoratif, mais en tant que le support d’un univers riche de récits archaïques et contemporains._  
_Ses œuvres font partie des collections permanentes du British Museum à Londres, du Cabinet royal des médailles à Stockholm, du musée de Bergen, de la Galerie nationale d’art à Sofia, du musée des monnaies et médailles de Kremnica, entre autres. Son travail a été présenté dans de nombreux musées et galeries internationales en Bulgarie, Italie, Allemagne, Japon, Canada et bien d'autres._  
_Elle est également l’auteure de la statuette « Rose d’Or » du festival de cinéma du Centre national du cinéma bulgare._  
_Aujourd’hui, elle vit à Paris, où elle collabore avec la Monnaie de Paris._"
Stage-Atelier Ecriture de textes (au semestre ou à l'année),"**Stage-Atelier Ecriture de textes (au semestre ou à l'année)**  
**Finalités**  
Enrichir son imaginaire, son expression et perfectionner ses techniques et outils d’écriture de textes de chanson. S’approprier ces techniques et être capable de les utiliser dans le contexte professionnel des musiques actuelles.  
**Description du programme**  
Un stage-atelier hebdomadaire au trimestre sur 10 semaines ou 30 semaines.  
**Intervenants**  
Pierre Ganem, Nesles, Claire Fegrinelle, ROBI, JJ Nyssen.  
**Public visé**  
Compositeur.rice.s, Parolier.ière.s, Auteur.e.s  
**Pré-requis**  
Avoir une pratique professionnelle de l’écriture de chanson  
**Conditions d’accès**  
Sur dossier (lettre de motivation, bio et photo)  
**Dates**  
du 09/10/2025 au 29/01/2026 ou du 09/10/2025 au 04/06/2026  
**Horaires**  
26 heures sur 13 semaine(s) / le jeudi de 19h à 21h ou 52 heures sur 26 semaine(s) / le jeudi de 19h à 21h  
**Effectif**  
3 à 8 personnes  
**Lieu de la formation**  
ACP la Manufacture Chanson - 124 avenue de la République 75011 Paris  
**Coût de la formation**  
1300 € ttc (ou 700 € ttc en accès individuel) ou 2500 € ttc (ou 1300 € ttc en accès individuel)  
**PLUS D'INFOS : STAGE AU** [**SEMESTRE**](https://www.manufacturechanson.org/formation-professionnelle/stage-atelier-ecriture-de-textes-a-lannee-3/) **OU À** [**L'ANNÉE**](https://www.manufacturechanson.org/formation-professionnelle/stage-atelier-ecriture-de-textes-a-lannee-3/)",Paris,124 avenue de la république 75011 paris,75011,2026-06-04 17:00:00+00:00,"Evenement : Stage-Atelier Ecriture de textes (au semestre ou à l'année). Lieu : 124 avenue de la république 75011 paris, Paris. Date : 04/06/2026. Description : **Stage-Atelier Ecriture de textes (au semestre ou à l'année)**  
**Finalités**  
Enrichir son imaginaire, son expression et perfectionner ses techniques et outils d’écriture de textes de chanson. S’approprier ces techniques et être capable de les utiliser dans le contexte professionnel des musiques actuelles.  
**Description du programme**  
Un stage-atelier hebdomadaire au trimestre sur 10 semaines ou 30 semaines.  
**Intervenants**  
Pierre Ganem, Nesles, Claire Fegrinelle, ROBI, JJ Nyssen.  
**Public visé**  
Compositeur.rice.s, Parolier.ière.s, Auteur.e.s  
**Pré-requis**  
Avoir une pratique professionnelle de l’écriture de chanson  
**Conditions d’accès**  
Sur dossier (lettre de motivation, bio et photo)  
**Dates**  
du 09/10/2025 au 29/01/2026 ou du 09/10/2025 au 04/06/2026  
**Horaires**  
26 heures sur 13 semaine(s) / le jeudi de 19h à 21h ou 52 heures sur 26 semaine(s) / le jeudi de 19h à 21h  
**Effectif**  
3 à 8 personnes  
**Lieu de la formation**  
ACP la Manufacture Chanson - 124 avenue de la République 75011 Paris  
**Coût de la formation**  
1300 € ttc (ou 700 € ttc en accès individuel) ou 2500 € ttc (ou 1300 € ttc en accès individuel)  
**PLUS D'INFOS : STAGE AU** [**SEMESTRE**](https://www.manufacturechanson.org/formation-professionnelle/stage-atelier-ecriture-de-textes-a-lannee-3/) **OU À** [**L'ANNÉE**](https://www.manufacturechanson.org/formation-professionnelle/stage-atelier-ecriture-de-textes-a-lannee-3/)"
Déchirures vers l’avenir,"Le Centre culturel canadien vous convie à une immersion au cœur de la poésie de l’Acadie. Laissez-vous porter par des lectures vivantes, où les voix plurielles et audacieuses de la poésie acadienne résonneront dans l’atmosphère intime du Canada Café, un espace du Centre culturel canadien habituellement fermé au public !

_Déchirures vers l’avenir_, publié par les éditions acadiennes Perce-Neige, est une anthologie regroupant des poèmes aimés, choisis, déchirés puis ramanchés. Un assemblage vivant. Une forme d’anthologie un peu dissidente pour mettre ensemble les morceaux d’une représentation plurielle de l’Acadie contemporaine, des idées et des ferveurs qui l’ont animée jusqu’à aujourd’hui, mais aussi de ses doutes, de ses contradictions, de ses dissonances et de ses dissidences.

[Perce-Neige](https://editionsperceneige.ca/) est une maison d’édition acadienne qui publie en français des livres témoignant de la richesse, de la vivacité et de la singularité des littératures de l’Atlantique. Elle veille à développer et à faire rayonner ces littératures dans la francophonie depuis 1980.

Avec la participation des poétesses et poètes Éloïse LeBlanc, Christian Roy, Jonathan Roy et d’Émilie Turmel codirectrice de la collection Poésie des Éditions Perce-Neige.

Cet événement est présenté avec le soutien du gouvernement de la province du Nouveau-Brunswick.",Paris,"130, rue du Faubourg Saint-Honoré 75008 Paris",75008,2026-06-04 17:00:00+00:00,"Evenement : Déchirures vers l’avenir. Lieu : 130, rue du Faubourg Saint-Honoré 75008 Paris, Paris. Date : 04/06/2026. Description : Le Centre culturel canadien vous convie à une immersion au cœur de la poésie de l’Acadie. Laissez-vous porter par des lectures vivantes, où les voix plurielles et audacieuses de la poésie acadienne résonneront dans l’atmosphère intime du Canada Café, un espace du Centre culturel canadien habituellement fermé au public !

_Déchirures vers l’avenir_, publié par les éditions acadiennes Perce-Neige, est une anthologie regroupant des poèmes aimés, choisis, déchirés puis ramanchés. Un assemblage vivant. Une forme d’anthologie un peu dissidente pour mettre ensemble les morceaux d’une représentation plurielle de l’Acadie contemporaine, des idées et des ferveurs qui l’ont animée jusqu’à aujourd’hui, mais aussi de ses doutes, de ses contradictions, de ses dissonances et de ses dissidences.

[Perce-Neige](https://editionsperceneige.ca/) est une maison d’édition acadienne qui publie en français des livres témoignant de la richesse, de la vivacité et de la singularité des littératures de l’Atlantique. Elle veille à développer et à faire rayonner ces littératures dans la francophonie depuis 1980.

Avec la participation des poétesses et poètes Éloïse LeBlanc, Christian Roy, Jonathan Roy et d’Émilie Turmel codirectrice de la collection Poésie des Éditions Perce-Neige.

Cet événement est présenté avec le soutien du gouvernement de la province du Nouveau-Brunswick."
Titre,Exemple,Paris,Tour Eiffel,75007,2026-06-04 07:30:00+00:00,"Evenement : Titre. Lieu : Tour Eiffel, Paris. Date : 04/06/2026. Description : Exemple"
JEUDI CHANSON,"Tous les jeudis d’octobre à juin (en dehors des vacances scolaires), une scène ouverte est organisée en entrée libre, pour découvrir de nouveaux artistes et pour présenter le travail des stagiaires de la Manufacture Chanson. Ce sont les Jeudis-Chanson.

Mercredi 3 juin 2026 à 21h : Concert de la formation « Auteur-compositeur-interprète »

**POUR RETROUVER LE PROGRAMME COMPLET, CLIQUEZ : [ICI](https://www.manufacturechanson.org/autres-activites/scenes-ouvertes-jeudis-chanson/)**",Paris,124 avenue de la république 75011 paris,75011,2026-06-03 19:00:00+00:00,"Evenement : JEUDI CHANSON. Lieu : 124 avenue de la république 75011 paris, Paris. Date : 03/06/2026. Description : Tous les jeudis d’octobre à juin (en dehors des vacances scolaires), une scène ouverte est organisée en entrée libre, pour découvrir de nouveaux artistes et pour présenter le travail des stagiaires de la Manufacture Chanson. Ce sont les Jeudis-Chanson.

Mercredi 3 juin 2026 à 21h : Concert de la formation « Auteur-compositeur-interprète »

**POUR RETROUVER LE PROGRAMME COMPLET, CLIQUEZ : [ICI](https://www.manufacturechanson.org/autres-activites/scenes-ouvertes-jeudis-chanson/)**"
Le Ciné-Quiz de L'Epée 🔍,Incollable en ciné ?,Paris,"100, rue Mouffetard, Paris",75005,2026-06-03 17:30:00+00:00,"Evenement : Le Ciné-Quiz de L'Epée 🔍. Lieu : 100, rue Mouffetard, Paris, Paris. Date : 03/06/2026. Description : Incollable en ciné ?"
La mariée était en noir de François Truffaut (1968-1h47). Film présenté par Patrice Bougon.,"Le jour de son mariage, laors qu'elle sort à peine de l'église, Julie voit son mari se faire assassiner sous ses yeux.  
Personne ne sait pourquoi l'homme était la cible de cette balle.  
La veuve va alors entreprendre un voyage pour se venger de ceux qui ont tué son mari.  
Elle tient une liste de 5 resposables et elle compte les éliminer un à un.",Paris,7 Rue Francis de Pressensé,75014,2026-06-03 18:00:00+00:00,"Evenement : La mariée était en noir de François Truffaut (1968-1h47). Film présenté par Patrice Bougon.. Lieu : 7 Rue Francis de Pressensé, Paris. Date : 03/06/2026. Description : Le jour de son mariage, laors qu'elle sort à peine de l'église, Julie voit son mari se faire assassiner sous ses yeux.  
Personne ne sait pourquoi l'homme était la cible de cette balle.  
La veuve va alors entreprendre un voyage pour se venger de ceux qui ont tué son mari.  
Elle tient une liste de 5 resposables et elle compte les éliminer un à un."
JEUDI CHANSON,"Tous les jeudis d’octobre à juin (en dehors des vacances scolaires), une scène ouverte est organisée en entrée libre, pour découvrir de nouveaux artistes et pour présenter le travail des stagiaires de la Manufacture Chanson. Ce sont les Jeudis-Chanson.

Mercredi 3 juin 2026 à 19h : Concert de la formation « Auteur-compositeur-interprète »

**POUR RETROUVER LE PROGRAMME COMPLET, CLIQUEZ : [ICI](https://www.manufacturechanson.org/autres-activites/scenes-ouvertes-jeudis-chanson/)**",Paris,124 avenue de la république 75011 paris,75011,2026-06-03 17:00:00+00:00,"Evenement : JEUDI CHANSON. Lieu : 124 avenue de la république 75011 paris, Paris. Date : 03/06/2026. Description : Tous les jeudis d’octobre à juin (en dehors des vacances scolaires), une scène ouverte est organisée en entrée libre, pour découvrir de nouveaux artistes et pour présenter le travail des stagiaires de la Manufacture Chanson. Ce sont les Jeudis-Chanson.

Mercredi 3 juin 2026 à 19h : Concert de la formation « Auteur-compositeur-interprète »

**POUR RETROUVER LE PROGRAMME COMPLET, CLIQUEZ : [ICI](https://www.manufacturechanson.org/autres-activites/scenes-ouvertes-jeudis-chanson/)**"
JEUDI CHANSON,"Tous les jeudis d’octobre à juin (en dehors des vacances scolaires), une scène ouverte est organisée en entrée libre, pour découvrir de nouveaux artistes et pour présenter le travail des stagiaires de la Manufacture Chanson. Ce sont les Jeudis-Chanson.

Mardi 2 juin 2026 à 21h : Concert de la formation « Auteur-compositeur-interprète »

**POUR RETROUVER LE PROGRAMME COMPLET, CLIQUEZ : [ICI](https://www.manufacturechanson.org/autres-activites/scenes-ouvertes-jeudis-chanson/)**",Paris,124 avenue de la république 75011 paris,75011,2026-06-02 19:00:00+00:00,"Evenement : JEUDI CHANSON. Lieu : 124 avenue de la république 75011 paris, Paris. Date : 02/06/2026. Description : Tous les jeudis d’octobre à juin (en dehors des vacances scolaires), une scène ouverte est organisée en entrée libre, pour découvrir de nouveaux artistes et pour présenter le travail des stagiaires de la Manufacture Chanson. Ce sont les Jeudis-Chanson.

Mardi 2 juin 2026 à 21h : Concert de la formation « Auteur-compositeur-interprète »

**POUR RETROUVER LE PROGRAMME COMPLET, CLIQUEZ : [ICI](https://www.manufacturechanson.org/autres-activites/scenes-ouvertes-jeudis-chanson/)**"
JEUDI CHANSON,"Tous les jeudis d’octobre à juin (en dehors des vacances scolaires), une scène ouverte est organisée en entrée libre, pour découvrir de nouveaux artistes et pour présenter le travail des stagiaires de la Manufacture Chanson. Ce sont les Jeudis-Chanson.

Mardi 2 juin 2026 à 19h : Concert de la formation « Auteur-compositeur-interprète »

**POUR RETROUVER LE PROGRAMME COMPLET, CLIQUEZ : [ICI](https://www.manufacturechanson.org/autres-activites/scenes-ouvertes-jeudis-chanson/)**",Paris,124 avenue de la république 75011 paris,75011,2026-06-02 17:00:00+00:00,"Evenement : JEUDI CHANSON. Lieu : 124 avenue de la république 75011 paris, Paris. Date : 02/06/2026. Description : Tous les jeudis d’octobre à juin (en dehors des vacances scolaires), une scène ouverte est organisée en entrée libre, pour découvrir de nouveaux artistes et pour présenter le travail des stagiaires de la Manufacture Chanson. Ce sont les Jeudis-Chanson.

Mardi 2 juin 2026 à 19h : Concert de la formation « Auteur-compositeur-interprète »

**POUR RETROUVER LE PROGRAMME COMPLET, CLIQUEZ : [ICI](https://www.manufacturechanson.org/autres-activites/scenes-ouvertes-jeudis-chanson/)**"
"Conférence ""L'étonnante histoire des objets trouvés""","Les objets ont toujours fasciné l’être humain. Mais lorsqu’un objet perdu est retrouvé par hasard, il suscite encore plus de curiosité : depuis quand a-t-il été perdu, à qui appartient-il, et quelquefois, à quoi sert-il ?  
Les objets ont aussi une valeur et des enjeux ancestraux les concernant portant sur leur restitution à leur propriétaire ou à défaut leur appropriation par une autre personne.  
Si au Moyen Âge les pouvoirs royaux et seigneuriaux se sont arrogés les droits les plus importants en la matière, on cherche à partir de la Révolution les moyens les plus efficaces et les plus justes pour gérer ces objets.  
A Paris et en petite couronne, le service des objets trouvés est rattaché depuis le XIXe siècle à la Préfecture de police et dans les autres communes, il est souvent géré par les commissariats, les services municipaux ou plus récemment par les polices municipales.  
Il  a depuis son origine fourni un sujet de curiosité pour les journaux et magazines qui y ont consacré de nombreux articles et reportages.  
Les objets trouvés constituent un véritable inventaire « à la Prévert » : parapluies, gants, montres, médailles, clés, lunettes, livres, bagages, mais aussi d’autres plus rares et insolites comme une épée d’académicien, une lampe à souder ou des violons, avant que d’autres apportés par le progrès, comme les appareils photos ou les équipements informatiques, ne les rejoigne.  
Cette conférence expliquera l’organisation du service des objets trouvés à différentes époques et présentera de nombreuses anecdotes qui sont aussi significatives de nos modes de vie à travers les biens matériels.  
Elle sera suivie de la signature du livre ""L'étonnante histoire des objets trouvés"", par Thierry Halay, Éditions L’Harmattan  
[https://www.editions-harmattan.fr/catalogue/livre/l-etonnante-histoire-des-objets-trouves/81840](https://www.editions-harmattan.fr/catalogue/livre/l-etonnante-histoire-des-objets-trouves/81840)  
Conférence organisée dans le cadre des Mardis de l'Histoire avec le concours de l'association ""Archives et Culture"".",Paris,33 rue Péclet 75015,75015,2026-06-02 14:00:00+00:00,"Evenement : Conférence ""L'étonnante histoire des objets trouvés"". Lieu : 33 rue Péclet 75015, Paris. Date : 02/06/2026. Description : Les objets ont toujours fasciné l’être humain. Mais lorsqu’un objet perdu est retrouvé par hasard, il suscite encore plus de curiosité : depuis quand a-t-il été perdu, à qui appartient-il, et quelquefois, à quoi sert-il ?  
Les objets ont aussi une valeur et des enjeux ancestraux les concernant portant sur leur restitution à leur propriétaire ou à défaut leur appropriation par une autre personne.  
Si au Moyen Âge les pouvoirs royaux et seigneuriaux se sont arrogés les droits les plus importants en la matière, on cherche à partir de la Révolution les moyens les plus efficaces et les plus justes pour gérer ces objets.  
A Paris et en petite couronne, le service des objets trouvés est rattaché depuis le XIXe siècle à la Préfecture de police et dans les autres communes, il est souvent géré par les commissariats, les services municipaux ou plus récemment par les polices municipales.  
Il  a depuis son origine fourni un sujet de curiosité pour les journaux et magazines qui y ont consacré de nombreux articles et reportages.  
Les objets trouvés constituent un véritable inventaire « à la Prévert » : parapluies, gants, montres, médailles, clés, lunettes, livres, bagages, mais aussi d’autres plus rares et insolites comme une épée d’académicien, une lampe à souder ou des violons, avant que d’autres apportés par le progrès, comme les appareils photos ou les équipements informatiques, ne les rejoigne.  
Cette conférence expliquera l’organisation du service des objets trouvés à différentes époques et présentera de nombreuses anecdotes qui sont aussi significatives de nos modes de vie à travers les biens matériels.  
Elle sera suivie de la signature du livre ""L'étonnante histoire des objets trouvés"", par Thierry Halay, Éditions L’Harmattan  
[https://www.editions-harmattan.fr/catalogue/livre/l-etonnante-histoire-des-objets-trouves/81840](https://www.editions-harmattan.fr/catalogue/livre/l-etonnante-histoire-des-objets-trouves/81840)  
Conférence organisée dans le cadre des Mardis de l'Histoire avec le concours de l'association ""Archives et Culture""."
Portes Ouvertes des Ateliers d'Artistes de Belleville,"**Portes Ouvertes des Ateliers d'Artistes de Belleville**
---------------------------------------------------------

**37e édition**
---------------

### _Jeudi 28_

### _Vendredi 29_

### _Samedi 30_

### _Et dimanche 31 mai 2026_

### _de 14h à 20h_

Plus de 100 ateliers sont à explorer dans les cours et les rues du quartier de Belleville, à cheval entre les 10e, 11e, 19e et 20e arrondissements de Paris.

Au programme : échanges avec les créateurs et créatrices, œuvres à prix atelier, démonstrations techniques, mais aussi pleins d'animations proposées en même temps !

**Un voyage au coeur de la création :**  
Belleville, quartier village, de vie, de travail et de fête, s'apprête à vibrer au rythme de la création. L’art urbain s’y déploie, les cultures s’y mélangent, et les artistes y forment une communauté soudée.  
Habituellement nichés dans le calme des villas et des passages de la colline, ces créatrices et créateurs ouvrent leurs portes chaque année en mai pour offrir un moment de partage exceptionnel.

_Collectionneur averti, amateur d’art ou simple curieux, les Ateliers d’Artistes de Belleville proposent une expérience humaine et artistique ouverte à toutes et tous !_

**L’évènement en un coup d'oeil :**  
\> + de 170 artistes et collectifs mobilisés  
\> 103 ateliers à explorer dans tout le quartier  
\> Toutes les disciplines représentées : peinture, photographie, gravure, sculpture, installation, céramique...  
\> 15 événements autour des Portes Ouvertes : projections, concours photo, invités d’Italie, expo Rimbaud…  
\> 35 000 visiteurs attendus

_**Informations pratiques**_  
\> Accès libre et gratuit  
\> Point d'Accueil du public pendant l’événement : Galerie des AAB, 1 rue Francis Picabia, 75020 Paris (M° Couronnes)  
\> Informations complémentaires (programme, portfolios des artistes, plan…) sur notre site : [ateliers-artistes-belleville.fr/](https://ateliers-artistes-belleville.fr/les-portes-ouvertes/edition/)  
\> Plan papier disponible au point d'accueil et dans les ateliers (don suggéré, 1€)",Paris,1 rue Francis Picabia,75020,2026-05-31 12:00:00+00:00,"Evenement : Portes Ouvertes des Ateliers d'Artistes de Belleville. Lieu : 1 rue Francis Picabia, Paris. Date : 31/05/2026. Description : **Portes Ouvertes des Ateliers d'Artistes de Belleville**
---------------------------------------------------------

**37e édition**
---------------

### _Jeudi 28_

### _Vendredi 29_

### _Samedi 30_

### _Et dimanche 31 mai 2026_

### _de 14h à 20h_

Plus de 100 ateliers sont à explorer dans les cours et les rues du quartier de Belleville, à cheval entre les 10e, 11e, 19e et 20e arrondissements de Paris.

Au programme : échanges avec les créateurs et créatrices, œuvres à prix atelier, démonstrations techniques, mais aussi pleins d'animations proposées en même temps !

**Un voyage au coeur de la création :**  
Belleville, quartier village, de vie, de travail et de fête, s'apprête à vibrer au rythme de la création. L’art urbain s’y déploie, les cultures s’y mélangent, et les artistes y forment une communauté soudée.  
Habituellement nichés dans le calme des villas et des passages de la colline, ces créatrices et créateurs ouvrent leurs portes chaque année en mai pour offrir un moment de partage exceptionnel.

_Collectionneur averti, amateur d’art ou simple curieux, les Ateliers d’Artistes de Belleville proposent une expérience humaine et artistique ouverte à toutes et tous !_

**L’évènement en un coup d'oeil :**  
\> + de 170 artistes et collectifs mobilisés  
\> 103 ateliers à explorer dans tout le quartier  
\> Toutes les disciplines représentées : peinture, photographie, gravure, sculpture, installation, céramique...  
\> 15 événements autour des Portes Ouvertes : projections, concours photo, invités d’Italie, expo Rimbaud…  
\> 35 000 visiteurs attendus

_**Informations pratiques**_  
\> Accès libre et gratuit  
\> Point d'Accueil du public pendant l’événement : Galerie des AAB, 1 rue Francis Picabia, 75020 Paris (M° Couronnes)  
\> Informations complémentaires (programme, portfolios des artistes, plan…) sur notre site : [ateliers-artistes-belleville.fr/](https://ateliers-artistes-belleville.fr/les-portes-ouvertes/edition/)  
\> Plan papier disponible au point d'accueil et dans les ateliers (don suggéré, 1€)"
Flamme de cœur Musiques de Perse et d'ailleurs,"AhooNoor est un espace musical né en 2012 autour de la chanteuse iranienne Khatoon, interprète des traditions vocales persanes. À partir de cette source, le projet s’est développé au fil des années, des rencontres et des affinités artistiques.

Musiciens venus de divers horizons — traditions du Moyen-Orient, musique hindoustanie ou univers occidentaux — y tissent des dialogues où les chants en persan et en arabe se rencontrent, se répondent et se transforment.

Au gré de ces collaborations, le projet grandit, s’enrichit et évolue, chaque rencontre apportant une couleur nouvelle et une sensibilité différente. Il en naît une musique vivante, nourrie d’écoute, d’improvisation et de partage.

Plus qu’une formation fixe, AhooNoor est un chemin de rencontres : un lieu où les traditions se croisent, se racontent et résonnent ensemble. ✨

Chanteuse, conteuse, comédienne et professeur de danse, Khatoon Panahi veut promouvoir et préserver ""les anciennes chansons du terroir iranien tombées dans l'oubli, afin de les remettre au goût du jour dans de nouveaux enregistrements.""",Paris,6 rue Wurtz,75013,2026-05-31 16:00:00+00:00,"Evenement : Flamme de cœur Musiques de Perse et d'ailleurs. Lieu : 6 rue Wurtz, Paris. Date : 31/05/2026. Description : AhooNoor est un espace musical né en 2012 autour de la chanteuse iranienne Khatoon, interprète des traditions vocales persanes. À partir de cette source, le projet s’est développé au fil des années, des rencontres et des affinités artistiques.

Musiciens venus de divers horizons — traditions du Moyen-Orient, musique hindoustanie ou univers occidentaux — y tissent des dialogues où les chants en persan et en arabe se rencontrent, se répondent et se transforment.

Au gré de ces collaborations, le projet grandit, s’enrichit et évolue, chaque rencontre apportant une couleur nouvelle et une sensibilité différente. Il en naît une musique vivante, nourrie d’écoute, d’improvisation et de partage.

Plus qu’une formation fixe, AhooNoor est un chemin de rencontres : un lieu où les traditions se croisent, se racontent et résonnent ensemble. ✨

Chanteuse, conteuse, comédienne et professeur de danse, Khatoon Panahi veut promouvoir et préserver ""les anciennes chansons du terroir iranien tombées dans l'oubli, afin de les remettre au goût du jour dans de nouveaux enregistrements."""
"D’une colline à une montagne, en mouvement ! (I/2)","Au départ de la colline de la Place de l’Étoile, et de l’Arc de triomphe, nous sillonnerons les Champs-Élysées jusqu’à l’Hôtel de la Marine. 
Une balade historique et dynamique, avec 22m de dénivelé positif…",Paris,Place Charles de Gaulle 75008 Paris,75008,2026-05-31 10:30:00+00:00,"Evenement : D’une colline à une montagne, en mouvement ! (I/2). Lieu : Place Charles de Gaulle 75008 Paris, Paris. Date : 31/05/2026. Description : Au départ de la colline de la Place de l’Étoile, et de l’Arc de triomphe, nous sillonnerons les Champs-Élysées jusqu’à l’Hôtel de la Marine. 
Une balade historique et dynamique, avec 22m de dénivelé positif…"
Activité souplesse et écriture  - Entre ciel et pierre,"Un moment de calme et de contemplation au cœur du monument, entre ancrage et légèreté. Guidé·es par une coach en souplesse et une art-thérapeute, les participant·es se relieront à l’espace et à eux-mêmes par l’observation, la respiration et l’écriture poétique. Activité animée par Images & Mots",Paris,Place Charles de Gaulle 75008 Paris,75008,2026-05-31 10:00:00+00:00,"Evenement : Activité souplesse et écriture  - Entre ciel et pierre. Lieu : Place Charles de Gaulle 75008 Paris, Paris. Date : 31/05/2026. Description : Un moment de calme et de contemplation au cœur du monument, entre ancrage et légèreté. Guidé·es par une coach en souplesse et une art-thérapeute, les participant·es se relieront à l’espace et à eux-mêmes par l’observation, la respiration et l’écriture poétique. Activité animée par Images & Mots"
Initiation au chant diphonique - Atelier avec Shagan,"Laissez vibrer ce qui sommeille en vous, libérez les émotions enfouies et découvrez des espaces de résonance insoupçonnés.  
Nous harmoniserons notre souffle, apprendrons à imiter les sons des oiseaux et des animaux, afin d’éveiller les capacités naturelles de notre voix et de retrouver notre lien profond avec la nature.

Le cœur de l’atelier sera consacré à la pratique des trois principaux styles de chant diphonique :

— les sons graves,

— les timbres moyens,

— Et les harmoniques aiguës.

L’atelier sera guidé par Vladislav Shagan, musicien multi-instrumentiste, chanteur et maître de chant diphonique.

Il a étudié auprès du chaman sibérien Nikolay Oorzhak, ainsi qu’auprès de maîtres de Touva, de l’Altaï, de la Bouratie et de Mongolie.

Une expérience vibratoire, profonde et vivante — un voyage intérieur au cœur du son.",Paris,6 rue Wurtz,75013,2026-05-31 08:00:00+00:00,"Evenement : Initiation au chant diphonique - Atelier avec Shagan. Lieu : 6 rue Wurtz, Paris. Date : 31/05/2026. Description : Laissez vibrer ce qui sommeille en vous, libérez les émotions enfouies et découvrez des espaces de résonance insoupçonnés.  
Nous harmoniserons notre souffle, apprendrons à imiter les sons des oiseaux et des animaux, afin d’éveiller les capacités naturelles de notre voix et de retrouver notre lien profond avec la nature.

Le cœur de l’atelier sera consacré à la pratique des trois principaux styles de chant diphonique :

— les sons graves,

— les timbres moyens,

— Et les harmoniques aiguës.

L’atelier sera guidé par Vladislav Shagan, musicien multi-instrumentiste, chanteur et maître de chant diphonique.

Il a étudié auprès du chaman sibérien Nikolay Oorzhak, ainsi qu’auprès de maîtres de Touva, de l’Altaï, de la Bouratie et de Mongolie.

Une expérience vibratoire, profonde et vivante — un voyage intérieur au cœur du son."
Lions Paris 9 Run,"Le dimanche 31 mai 2026, les rues du 9e arrondissement de Paris vibreront au rythme de la 21e édition du Lions Paris 9 Run, un événement sportif et solidaire devenu incontournable. Organisée par le Lions Club Paris Helen Keller, cette course unique en son genre s’impose comme l’un des rares rendez-vous parisiens entièrement dédiés à une cause d’intérêt général : favoriser l’éducation inclusive des enfants en situation de handicap.  
Chaque année, le Lions Paris 9 Run transforme les rues du 9e arrondissement en un véritable espace de rencontre, de partage et d’engagement citoyen. L’édition 2026 ne fait pas exception et propose des parcours traversant plusieurs lieux emblématiques, parmi lesquels l’Opéra Garnier, l’église de la Trinité, l’église Notre-Dame-de-Lorette ou encore la place Saint-Georges.  
Pensée pour tous les publics, la course se distingue par son caractère intergénérationnel et inclusif, avec trois formats adaptés à tous les niveaux :  
\- 1,5 km – La Foulée des familles  
Accessible dès 5 ans, ce parcours festif et convivial permet aux enfants et aux familles de participer dans une ambiance chaleureuse et bienveillante.  
\- 5 km – La Découverte du Neuf  
Un format accessible et convivial pour découvrir le quartier autrement, sans objectif de performance.  
\- 10 km – Le Challenge sportif  
Un parcours technique et exigeant pour les coureurs confirmés, mêlant défi sportif et engagement solidaire.  
Entre montées, descentes et relances, le tracé du 9e arrondissement promet une expérience sportive rythmée et pleine de caractère.  
À l’heure où la course à pied connaît un essor sans précédent en France, le Lions Paris 9 Run s’inscrit pleinement dans la dynamique du « running utile », où chaque effort individuel contribue à un impact collectif.  
En 2025, 80 % du montant des inscriptions ont été reversés à des actions d’intérêt général, permettant de collecter plus de 27 000 euros au profit du Fonds Helen Keller. Ces fonds ont notamment permis de financer :  
des équipements pédagogiques spécialisés pour les établissements scolaires,  
des outils éducatifs adaptés,  
des accompagnements individualisés pour les élèves,  
des actions de sensibilisation à l’inclusion auprès des familles et des équipes éducatives.  
Entre défi sportif, découverte patrimoniale et engagement solidaire, le Lions Paris 9 Run s’impose comme un événement à part, où chaque foulée compte. Les participants sont attendus nombreux sur la ligne de départ... et surtout sur la ligne d’arrivée, où les attendra une médaille déjà chargée de sens.",Paris,3 Boulevard Haussmann 75009 Paris,75009,2026-05-31 07:00:00+00:00,"Evenement : Lions Paris 9 Run. Lieu : 3 Boulevard Haussmann 75009 Paris, Paris. Date : 31/05/2026. Description : Le dimanche 31 mai 2026, les rues du 9e arrondissement de Paris vibreront au rythme de la 21e édition du Lions Paris 9 Run, un événement sportif et solidaire devenu incontournable. Organisée par le Lions Club Paris Helen Keller, cette course unique en son genre s’impose comme l’un des rares rendez-vous parisiens entièrement dédiés à une cause d’intérêt général : favoriser l’éducation inclusive des enfants en situation de handicap.  
Chaque année, le Lions Paris 9 Run transforme les rues du 9e arrondissement en un véritable espace de rencontre, de partage et d’engagement citoyen. L’édition 2026 ne fait pas exception et propose des parcours traversant plusieurs lieux emblématiques, parmi lesquels l’Opéra Garnier, l’église de la Trinité, l’église Notre-Dame-de-Lorette ou encore la place Saint-Georges.  
Pensée pour tous les publics, la course se distingue par son caractère intergénérationnel et inclusif, avec trois formats adaptés à tous les niveaux :  
\- 1,5 km – La Foulée des familles  
Accessible dès 5 ans, ce parcours festif et convivial permet aux enfants et aux familles de participer dans une ambiance chaleureuse et bienveillante.  
\- 5 km – La Découverte du Neuf  
Un format accessible et convivial pour découvrir le quartier autrement, sans objectif de performance.  
\- 10 km – Le Challenge sportif  
Un parcours technique et exigeant pour les coureurs confirmés, mêlant défi sportif et engagement solidaire.  
Entre montées, descentes et relances, le tracé du 9e arrondissement promet une expérience sportive rythmée et pleine de caractère.  
À l’heure où la course à pied connaît un essor sans précédent en France, le Lions Paris 9 Run s’inscrit pleinement dans la dynamique du « running utile », où chaque effort individuel contribue à un impact collectif.  
En 2025, 80 % du montant des inscriptions ont été reversés à des actions d’intérêt général, permettant de collecter plus de 27 000 euros au profit du Fonds Helen Keller. Ces fonds ont notamment permis de financer :  
des équipements pédagogiques spécialisés pour les établissements scolaires,  
des outils éducatifs adaptés,  
des accompagnements individualisés pour les élèves,  
des actions de sensibilisation à l’inclusion auprès des familles et des équipes éducatives.  
Entre défi sportif, découverte patrimoniale et engagement solidaire, le Lions Paris 9 Run s’impose comme un événement à part, où chaque foulée compte. Les participants sont attendus nombreux sur la ligne de départ... et surtout sur la ligne d’arrivée, où les attendra une médaille déjà chargée de sens."
La Nuit de la Littérature,"La Nuit de la Littérature 2026
------------------------------

Le samedi 30 mai au Centre Culturel Irlandais  
De la fin de l’après-midi jusqu’à la tombée de la nuit, une vingtaine d’auteurs étrangers se rassemblent pour faire découvrir une de leurs œuvres traduite récemment en français ou écrite en langue française. Animées par des spécialistes littéraires, avec l’aide de traducteurs et de la librairie La Belle Lurette, ces rencontres de vingt minutes en plein-air permettent d’échanger avec ces auteurs et autrices venus du monde entier, au sein de la cour du Centre Culturel Irlandias.  
Dans l’atmosphère intimiste de la bibliothèque patrimoniale, des lectures à l’oreille proposent des extraits des différentes œuvres dans leur langue étrangère d’origine. Comme chaque année, le coin d’échange de livre propose un principe simple : apportez un livre pour l’offrir et, en échange, récupérez-en un autre.  
Nous vous invitons à profiter des saveurs de la restauration sur place afin de régaler vos papilles tout au long de la journée !  
Restez avec nous jusqu'à la fin - La Nuit de la Littérature se clôture par un concert de duo folk June Carousel !  
Nous vous souhaitons une très bonne Nuit de la Littérature !  
\* En cas de fortes pluies, l'événement se déroulera en intérieur",Paris,5 rue des irlandais 75005 Paris,75005,2026-05-30 12:30:00+00:00,"Evenement : La Nuit de la Littérature. Lieu : 5 rue des irlandais 75005 Paris, Paris. Date : 30/05/2026. Description : La Nuit de la Littérature 2026
------------------------------

Le samedi 30 mai au Centre Culturel Irlandais  
De la fin de l’après-midi jusqu’à la tombée de la nuit, une vingtaine d’auteurs étrangers se rassemblent pour faire découvrir une de leurs œuvres traduite récemment en français ou écrite en langue française. Animées par des spécialistes littéraires, avec l’aide de traducteurs et de la librairie La Belle Lurette, ces rencontres de vingt minutes en plein-air permettent d’échanger avec ces auteurs et autrices venus du monde entier, au sein de la cour du Centre Culturel Irlandias.  
Dans l’atmosphère intimiste de la bibliothèque patrimoniale, des lectures à l’oreille proposent des extraits des différentes œuvres dans leur langue étrangère d’origine. Comme chaque année, le coin d’échange de livre propose un principe simple : apportez un livre pour l’offrir et, en échange, récupérez-en un autre.  
Nous vous invitons à profiter des saveurs de la restauration sur place afin de régaler vos papilles tout au long de la journée !  
Restez avec nous jusqu'à la fin - La Nuit de la Littérature se clôture par un concert de duo folk June Carousel !  
Nous vous souhaitons une très bonne Nuit de la Littérature !  
\* En cas de fortes pluies, l'événement se déroulera en intérieur"
CONCERT: AmZik fête10 ans de création : entre mémoire kabyle et dialogue musical entre les Deux Rives,"À l’occasion de ses **10 ans, AmZik** se produit au **Bataclan le 30 mai 2026** pour un concert anniversaire exceptionnel. Le groupe développe depuis sa création une démarche artistique singulière, entre héritage kabyle et création contemporaine, où la mémoire constitue un point de départ en constante transformation.  
Porté par une formation multiculturelle, AmZik explore un dialogue entre traditions et influences actuelles, dans une recherche d’équilibre entre ancrage et ouverture.

Le parcours du groupe s’est construit à travers plusieurs projets structurants, dont _**Les Deux Rives**_ (2025), qui interroge l’exil, la mémoire et la double appartenance culturelle. L’univers d’AmZik s’est également enrichi par l’intégration du slam, renforçant une écriture musicale à dimension narrative et contemporaine.

Ce concert anniversaire propose une traversée du répertoire du groupe et de ses collaborations, comme une mise en perspective de dix années de création. Plus qu’un concert, il s’agit d’un moment de synthèse d’un projet artistique en mouvement, au croisement des cultures et des générations.",Paris,"50 Bd Voltaire, 75011 Paris, France",75011,2026-05-30 18:00:00+00:00,"Evenement : CONCERT: AmZik fête10 ans de création : entre mémoire kabyle et dialogue musical entre les Deux Rives. Lieu : 50 Bd Voltaire, 75011 Paris, France, Paris. Date : 30/05/2026. Description : À l’occasion de ses **10 ans, AmZik** se produit au **Bataclan le 30 mai 2026** pour un concert anniversaire exceptionnel. Le groupe développe depuis sa création une démarche artistique singulière, entre héritage kabyle et création contemporaine, où la mémoire constitue un point de départ en constante transformation.  
Porté par une formation multiculturelle, AmZik explore un dialogue entre traditions et influences actuelles, dans une recherche d’équilibre entre ancrage et ouverture.

Le parcours du groupe s’est construit à travers plusieurs projets structurants, dont _**Les Deux Rives**_ (2025), qui interroge l’exil, la mémoire et la double appartenance culturelle. L’univers d’AmZik s’est également enrichi par l’intégration du slam, renforçant une écriture musicale à dimension narrative et contemporaine.

Ce concert anniversaire propose une traversée du répertoire du groupe et de ses collaborations, comme une mise en perspective de dix années de création. Plus qu’un concert, il s’agit d’un moment de synthèse d’un projet artistique en mouvement, au croisement des cultures et des générations."
Parampara - Un flux de tradition - Danse indienne,"Sucheta Bhide-Chapekar transmet son savoir à des centaines d’élèves du monde entier depuis des décennies.

Jyotika Rao, devenue sa disciple dès les années 80 en Inde, n’a eu de cesse de transmettre ce style depuis son retour à Paris en 2000.

Elle dansera aux côtés de son guru, accompagnée par sa fille Anjeli Romero et Matthieu Convert, jeune danseur contemporain, pour incarner cette transmission de la danse aux jeunes générations, le Guru-Shishya parampara ou le flux de la transmission.

Sucheta Bhide-Chapekar est l'une des interprètes les plus accomplies de Bharata Natyam en Inde aujourd'hui. Disciple d'Acharya Parvati Kumar et du Guru K.P. Kittappa. Au cours de sa longue carrière artistique, qui s'étend sur plus de 50 ans, Smt. Sucheta a donné d'innombrables représentations à travers l'Inde et sur tous les continents du monde. Réputée pour la pureté de sa technique, le Nritta gracieux et l'Abhinaya éloquent, elle a apporté une contribution précieuse au répertoire du Bharata Natyam grâce à ses recherches et à la présentation des compositions marathi du roi Shahaji de Tanjavur.

Son œuvre unique, Nritya Ganga est une parfaite combinaison de Bharata Natyam et de musique classique hindustani. Inaugurée dès 1982, Nritya Ganga, telle que conçue à l'origine par Smt. Sucheta, a aujourd'hui acquis sa juste place en tant que style frère du Bharata Natyam, possédant son propre Margam.

Nritya Ganga constitue la thèse de doctorat de Smt. Sucheta.

Elle a déjà chorégraphié plus de 75 compositions en hindi, marathi et sanskrit dans ce style et continue de l'enrichir sans cesse. Elle a été honorée par le prestigieux prix du gouvernement de l'État « Maharashtra Gaurav » et par le « Nritya Vilas » de Sur-Singar Sansad, Mumbai. Elle a également reçu le prestigieux Prix National de la Sangeet Natak Akademi pour sa contribution à la danse classique Bharata-Natyam.

Son livre en marathi « Nrityatmika », un témoignage expérimenté sur tous les aspects du Bharata Natyam, a été traduit et publié en anglais. Célèbre pour son expertise dans les conférences, Smt. Sucheta a présenté ses travaux sur divers sujets liés à la danse lors de nombreuses conférences internationales en Inde et à l'étranger. Ses articles ont été publiés dans les revues de NCPA, de l'Université de Calicut, de Krishna Gana Sabha, Chennai, etc.

Fondatrice et directrice de la Kalavardhini Charitable Trust, Smt. Sucheta est une enseignante très appréciée et compte de nombreux disciples.",Paris,6 rue Wurtz,75013,2026-05-30 18:30:00+00:00,"Evenement : Parampara - Un flux de tradition - Danse indienne. Lieu : 6 rue Wurtz, Paris. Date : 30/05/2026. Description : Sucheta Bhide-Chapekar transmet son savoir à des centaines d’élèves du monde entier depuis des décennies.

Jyotika Rao, devenue sa disciple dès les années 80 en Inde, n’a eu de cesse de transmettre ce style depuis son retour à Paris en 2000.

Elle dansera aux côtés de son guru, accompagnée par sa fille Anjeli Romero et Matthieu Convert, jeune danseur contemporain, pour incarner cette transmission de la danse aux jeunes générations, le Guru-Shishya parampara ou le flux de la transmission.

Sucheta Bhide-Chapekar est l'une des interprètes les plus accomplies de Bharata Natyam en Inde aujourd'hui. Disciple d'Acharya Parvati Kumar et du Guru K.P. Kittappa. Au cours de sa longue carrière artistique, qui s'étend sur plus de 50 ans, Smt. Sucheta a donné d'innombrables représentations à travers l'Inde et sur tous les continents du monde. Réputée pour la pureté de sa technique, le Nritta gracieux et l'Abhinaya éloquent, elle a apporté une contribution précieuse au répertoire du Bharata Natyam grâce à ses recherches et à la présentation des compositions marathi du roi Shahaji de Tanjavur.

Son œuvre unique, Nritya Ganga est une parfaite combinaison de Bharata Natyam et de musique classique hindustani. Inaugurée dès 1982, Nritya Ganga, telle que conçue à l'origine par Smt. Sucheta, a aujourd'hui acquis sa juste place en tant que style frère du Bharata Natyam, possédant son propre Margam.

Nritya Ganga constitue la thèse de doctorat de Smt. Sucheta.

Elle a déjà chorégraphié plus de 75 compositions en hindi, marathi et sanskrit dans ce style et continue de l'enrichir sans cesse. Elle a été honorée par le prestigieux prix du gouvernement de l'État « Maharashtra Gaurav » et par le « Nritya Vilas » de Sur-Singar Sansad, Mumbai. Elle a également reçu le prestigieux Prix National de la Sangeet Natak Akademi pour sa contribution à la danse classique Bharata-Natyam.

Son livre en marathi « Nrityatmika », un témoignage expérimenté sur tous les aspects du Bharata Natyam, a été traduit et publié en anglais. Célèbre pour son expertise dans les conférences, Smt. Sucheta a présenté ses travaux sur divers sujets liés à la danse lors de nombreuses conférences internationales en Inde et à l'étranger. Ses articles ont été publiés dans les revues de NCPA, de l'Université de Calicut, de Krishna Gana Sabha, Chennai, etc.

Fondatrice et directrice de la Kalavardhini Charitable Trust, Smt. Sucheta est une enseignante très appréciée et compte de nombreux disciples."
"One, two, three, Viva l'Algérie de Samuel Ab et Amine Kouti (2023 - 75min)","One, Two, Three, Viva l'Algérie : une devise indissociable de l'histoire du foot algérien et de la relation entre la France et l'Algérie. Née avec l'équipe du FLN pendant la guerre d'Indé-pendance et reprise lors de l'épopée algérienne en Coupe du monde 2010, elle est sortie des stades en 2019 pour appeler au changement.  
Ce documentaire partage un regard nouveau sur l'histoire commune et complexe des deux pays France et Algérie à travers le foot.",Paris,"32 Rue Saint-Yves, Paris 14",75014,2026-05-30 16:00:00+00:00,"Evenement : One, two, three, Viva l'Algérie de Samuel Ab et Amine Kouti (2023 - 75min). Lieu : 32 Rue Saint-Yves, Paris 14, Paris. Date : 30/05/2026. Description : One, Two, Three, Viva l'Algérie : une devise indissociable de l'histoire du foot algérien et de la relation entre la France et l'Algérie. Née avec l'équipe du FLN pendant la guerre d'Indé-pendance et reprise lors de l'épopée algérienne en Coupe du monde 2010, elle est sortie des stades en 2019 pour appeler au changement.  
Ce documentaire partage un regard nouveau sur l'histoire commune et complexe des deux pays France et Algérie à travers le foot."
Activité danse et écriture  - Au rythme de l'Arc,"Un atelier en mouvement pour découvrir le monument autrement : par le corps, le souffle et les mots. Accompagnés d’une coach en souplesse et d’une art-thérapeute, les participant·es exploreront quatre espaces de l’Arc de triomphe à travers la danse intuitive et l’écriture sensorielle. 
Activité animée par Images & Mots",Paris,Place Charles de Gaulle 75008 Paris,75008,2026-05-30 14:00:00+00:00,"Evenement : Activité danse et écriture  - Au rythme de l'Arc. Lieu : Place Charles de Gaulle 75008 Paris, Paris. Date : 30/05/2026. Description : Un atelier en mouvement pour découvrir le monument autrement : par le corps, le souffle et les mots. Accompagnés d’une coach en souplesse et d’une art-thérapeute, les participant·es exploreront quatre espaces de l’Arc de triomphe à travers la danse intuitive et l’écriture sensorielle. 
Activité animée par Images & Mots"
Vidéo-concert Voyage Interstellaire,"Concert Gratuit.

Ce concert propose au public d’embarquer pour un voyage musical à travers l’espace.
Guidés par l’histoire d’un petit astronaute, les spectateurs sont invités à quitter la Terre et à partir à la découverte des merveilles de l’univers.
Au fil des morceaux, la musique devient le moteur de la fusée. Elle nous fait traverser les étoiles, approcher des planètes mystérieuses, admirer des phénomènes célestes et rencontrer certains aventuriers de la galaxie. 
Chaque œuvre représente une étape du voyage, une nouvelle découverte, une nouvelle émotion.
Le programme mêle des œuvres célèbres du répertoire classique, comme Also sprach Zarathustra ou Le Beau Danube bleu, à des musiques inspirées de la conquête spatiale et de la culture populaire. Ce mélange de styles permet de créer un univers riche et
accessible, où l’imaginaire scientifique et la poésie musicale se rencontrent.
Tout au long du concert, un narrateur accompagne le public en racontant l’histoire du petit astronaute. Grâce à ce fil conducteur, les différents morceaux s’enchaînent comme les chapitres d’une même aventure. Le spectateur ne se contente plus d’écouter un
programme musical : il devient voyageur de l’espace, explorant galaxies, planètes et constellations.
Ce projet a pour objectif de faire rêver, d’éveiller la curiosité et de rappeler que, tout comme les explorateurs de l’espace, les musiciens et le public partagent une même envie : découvrir l’inconnu et repousser les frontières de l’imagination.
Bienvenue à bord pour ce voyage interstellaire.",PARIS 12,"15b rue Traversière  , 75012 PARIS 12",75012,2026-05-30 12:30:00+00:00,"Evenement : Vidéo-concert Voyage Interstellaire. Lieu : 15b rue Traversière  , 75012 PARIS 12, PARIS 12. Date : 30/05/2026. Description : Concert Gratuit.

Ce concert propose au public d’embarquer pour un voyage musical à travers l’espace.
Guidés par l’histoire d’un petit astronaute, les spectateurs sont invités à quitter la Terre et à partir à la découverte des merveilles de l’univers.
Au fil des morceaux, la musique devient le moteur de la fusée. Elle nous fait traverser les étoiles, approcher des planètes mystérieuses, admirer des phénomènes célestes et rencontrer certains aventuriers de la galaxie. 
Chaque œuvre représente une étape du voyage, une nouvelle découverte, une nouvelle émotion.
Le programme mêle des œuvres célèbres du répertoire classique, comme Also sprach Zarathustra ou Le Beau Danube bleu, à des musiques inspirées de la conquête spatiale et de la culture populaire. Ce mélange de styles permet de créer un univers riche et
accessible, où l’imaginaire scientifique et la poésie musicale se rencontrent.
Tout au long du concert, un narrateur accompagne le public en racontant l’histoire du petit astronaute. Grâce à ce fil conducteur, les différents morceaux s’enchaînent comme les chapitres d’une même aventure. Le spectateur ne se contente plus d’écouter un
programme musical : il devient voyageur de l’espace, explorant galaxies, planètes et constellations.
Ce projet a pour objectif de faire rêver, d’éveiller la curiosité et de rappeler que, tout comme les explorateurs de l’espace, les musiciens et le public partagent une même envie : découvrir l’inconnu et repousser les frontières de l’imagination.
Bienvenue à bord pour ce voyage interstellaire."
Atelier - Créa' Games à partir de 12 ans,"Votre jeu, vos règles : créez cartes, énigmes et codes autour de l’exposition ""Le Syndrome de Bonnard"" au Plateau du Frac Île-de-France",Paris,"22, rue des Alouettes, 75019 Paris",75019,2026-05-30 12:30:00+00:00,"Evenement : Atelier - Créa' Games à partir de 12 ans. Lieu : 22, rue des Alouettes, 75019 Paris, Paris. Date : 30/05/2026. Description : Votre jeu, vos règles : créez cartes, énigmes et codes autour de l’exposition ""Le Syndrome de Bonnard"" au Plateau du Frac Île-de-France"
Matinée  « Hypothèses et démonstrations » : Le sculpteur et le photographe,"**Du 27 février au 29 juin 2026, Espace Musées et Paris Aéroport, en collaboration avec la Fondation Dina Vierny – Musée Maillol, présentent pour la première fois au cœur de l’aéroport une œuvre majeure du sculpteur Aristide Maillol,** _**L’Air.**_ **Cette sculpture fait partie des 20 sculptures de Maillol présentées depuis 1964-65 dans le jardin du Carrousel au Louvre, à Paris. Située au point d’intersection stratégique des salles d’embarquement K, L et M du Terminal 2E de l’aéroport, cette installation se poursuit par l’exposition «** _**Maillol - L’Air comme une sculpture**_ **» à l’Espace Musées du Hall K jusqu'au 31 mai 2026. À l’occasion de cet événement, un programme de rencontres est proposé au Musée Maillol avec Sculpture+, organisme dédié au rayonnement de la sculpture sous toutes ses formes.**

**Samedi 30 mai, 9h15 - 12h30**  
**Matinée « Hypothèses et démonstrations »**  
_**Le sculpteur et le photographe**_  
  
À l’occasion de l’exposition « Maillol - L’Air comme une sculpture », Sculpture+ initie un cycle de matinées « Hypothèses et démonstrations ». Dans un esprit de partage d’expériences entre professionnels et avec le public, quatre professionnels de musées présentent un sujet de leur choix à partir d’un thème commun, fondé sur leur pratique de la recherche, du commissariat ou de l’accrochage.  
Le thème de cette première édition, « Le sculpteur et le photographe », s’inspire du travail de Robert Doisneau qui a photographié l’installation des sculptures de Maillol aux Tuileries. Cette matinée a vocation à devenir un rendez-vous annuel.  
Artistes évoqués : Constantin Brancusi, Alberto Giacometti, Henri Matisse, Auguste Rodin  
Matinée suivie d’un verre de l’amitié au Café Prévert",Paris,"59-61 Rue de Grenelle, 75007 Paris",75007,2026-05-30 07:15:00+00:00,"Evenement : Matinée  « Hypothèses et démonstrations » : Le sculpteur et le photographe. Lieu : 59-61 Rue de Grenelle, 75007 Paris, Paris. Date : 30/05/2026. Description : **Du 27 février au 29 juin 2026, Espace Musées et Paris Aéroport, en collaboration avec la Fondation Dina Vierny – Musée Maillol, présentent pour la première fois au cœur de l’aéroport une œuvre majeure du sculpteur Aristide Maillol,** _**L’Air.**_ **Cette sculpture fait partie des 20 sculptures de Maillol présentées depuis 1964-65 dans le jardin du Carrousel au Louvre, à Paris. Située au point d’intersection stratégique des salles d’embarquement K, L et M du Terminal 2E de l’aéroport, cette installation se poursuit par l’exposition «** _**Maillol - L’Air comme une sculpture**_ **» à l’Espace Musées du Hall K jusqu'au 31 mai 2026. À l’occasion de cet événement, un programme de rencontres est proposé au Musée Maillol avec Sculpture+, organisme dédié au rayonnement de la sculpture sous toutes ses formes.**

**Samedi 30 mai, 9h15 - 12h30**  
**Matinée « Hypothèses et démonstrations »**  
_**Le sculpteur et le photographe**_  
  
À l’occasion de l’exposition « Maillol - L’Air comme une sculpture », Sculpture+ initie un cycle de matinées « Hypothèses et démonstrations ». Dans un esprit de partage d’expériences entre professionnels et avec le public, quatre professionnels de musées présentent un sujet de leur choix à partir d’un thème commun, fondé sur leur pratique de la recherche, du commissariat ou de l’accrochage.  
Le thème de cette première édition, « Le sculpteur et le photographe », s’inspire du travail de Robert Doisneau qui a photographié l’installation des sculptures de Maillol aux Tuileries. Cette matinée a vocation à devenir un rendez-vous annuel.  
Artistes évoqués : Constantin Brancusi, Alberto Giacometti, Henri Matisse, Auguste Rodin  
Matinée suivie d’un verre de l’amitié au Café Prévert"
FLORENTIN FOUCH,"**FLORENTIN FOUCH**

Florentin Fouch et Clyde Bessi forment un duo atypique où l'écriture rencontre l'improvisation. Les chansons débordantes de jeux de mots, et de rythmes singuliers se mêlent à des moments improvisés, parfois rappés, ou inventés avec le public. Cette part de liberté donne à chaque concert une énergie singulière.

Les textes en mouvement de Florentin, colorés par le timbre décalé de ses claviers, entrent en résonance avec l’univers sonore de Clyde Bessi, qui fait jaillir de ses pads et de ses claviers, rythmiques, nappes et percussions digitales, entre beatmaking vivant et artisanat sonore. De cette complicité naît un univers à la fois intime et chaleureux, où la précision de l’écriture s’unit à la spontanéité de l’instant.

Un concert où les mots et les notes dialoguent sans cesse, et où le public n'est pas seulement spectateur, mais véritable partenaire de jeu.

[Site internet](https://www.florentinfouch.com/) [Facebook](https://www.facebook.com/FLorentinfouch) [Instagram](https://www.instagram.com/florentinfouch/) [YouTube](https://www.youtube.com/c/FlorentinFouch)

Crédit photo : Luc Davino",Paris,124 avenue de la république 75011 paris,75011,2026-05-29 18:30:00+00:00,"Evenement : FLORENTIN FOUCH. Lieu : 124 avenue de la république 75011 paris, Paris. Date : 29/05/2026. Description : **FLORENTIN FOUCH**

Florentin Fouch et Clyde Bessi forment un duo atypique où l'écriture rencontre l'improvisation. Les chansons débordantes de jeux de mots, et de rythmes singuliers se mêlent à des moments improvisés, parfois rappés, ou inventés avec le public. Cette part de liberté donne à chaque concert une énergie singulière.

Les textes en mouvement de Florentin, colorés par le timbre décalé de ses claviers, entrent en résonance avec l’univers sonore de Clyde Bessi, qui fait jaillir de ses pads et de ses claviers, rythmiques, nappes et percussions digitales, entre beatmaking vivant et artisanat sonore. De cette complicité naît un univers à la fois intime et chaleureux, où la précision de l’écriture s’unit à la spontanéité de l’instant.

Un concert où les mots et les notes dialoguent sans cesse, et où le public n'est pas seulement spectateur, mais véritable partenaire de jeu.

[Site internet](https://www.florentinfouch.com/) [Facebook](https://www.facebook.com/FLorentinfouch) [Instagram](https://www.instagram.com/florentinfouch/) [YouTube](https://www.youtube.com/c/FlorentinFouch)

Crédit photo : Luc Davino"
Ensemble KORSANE - Algérie,"Une échappée belle musicale où se croisent chants traditionnels et récits, au carrefour de l’Afrique et de la Méditerranée.

De la mer au désert, chaque région dévoile son rythme, chaque province révèle une nouvelle couleur mélodique à découvrir.

Issu de l’association ENTIK MUZIK, l’ensemble KORSANE réunit six musiciens passionnés autour d’un projet unique : un spectacle musical sous forme de voyage, invitant le public à découvrir la richesse et la diversité des régions d’Algérie, à travers des arrangements modernes et accessibles, teintés de World Music.

Le nom Korsane puise ses racines dans l’histoire : il évoque les résistant(es) et combattant(tes) des libertés, à l'origine du nom corsaire en français.

Dans cette aventure artistique et pédagogique, chaque œuvre est accompagnée d’une brève explication pour en révéler le sens, les origines et la portée culturelle — un voyage sonore et humain, entre tradition et modernité.

Marouane KADI - Mandole  
Faten Zid - Chant  
Eric Applaincourt - Violoncelle  
Elham Yaou - Derbouka, tar et bendir  
Nicolas Garcia - Guitare  
Akram Mellouchi - Cajon",Paris,6 rue Wurtz,75013,2026-05-29 18:30:00+00:00,"Evenement : Ensemble KORSANE - Algérie. Lieu : 6 rue Wurtz, Paris. Date : 29/05/2026. Description : Une échappée belle musicale où se croisent chants traditionnels et récits, au carrefour de l’Afrique et de la Méditerranée.

De la mer au désert, chaque région dévoile son rythme, chaque province révèle une nouvelle couleur mélodique à découvrir.

Issu de l’association ENTIK MUZIK, l’ensemble KORSANE réunit six musiciens passionnés autour d’un projet unique : un spectacle musical sous forme de voyage, invitant le public à découvrir la richesse et la diversité des régions d’Algérie, à travers des arrangements modernes et accessibles, teintés de World Music.

Le nom Korsane puise ses racines dans l’histoire : il évoque les résistant(es) et combattant(tes) des libertés, à l'origine du nom corsaire en français.

Dans cette aventure artistique et pédagogique, chaque œuvre est accompagnée d’une brève explication pour en révéler le sens, les origines et la portée culturelle — un voyage sonore et humain, entre tradition et modernité.

Marouane KADI - Mandole  
Faten Zid - Chant  
Eric Applaincourt - Violoncelle  
Elham Yaou - Derbouka, tar et bendir  
Nicolas Garcia - Guitare  
Akram Mellouchi - Cajon"
Bal d'époque : Libération de Paris,Voyagez dans le temps en dansant avec les bals d'époque de l'Hôtel de la Marine !,Paris,"2, Place de la Concorde 75008 Paris",75008,2026-05-29 17:30:00+00:00,"Evenement : Bal d'époque : Libération de Paris. Lieu : 2, Place de la Concorde 75008 Paris, Paris. Date : 29/05/2026. Description : Voyagez dans le temps en dansant avec les bals d'époque de l'Hôtel de la Marine !"
Opus Delirium · Scènes du monde au Canal #4,"### Le 29 mai à la Scène du Canal - Espace Jemmapes

Opus Delirium a été créé par des passionnés partis apprendre les musiques balkaniques, tziganes et turques à la source auprès des plus grands. À travers ce projet, ses membres ont voulu donner un nouveau souffle à leur univers. Hip-hop, Turbo Folk, quelques samples d’instruments traditionnels, complètent accordéon midi, clarinette turque, batterie, keytar, bouzouki et voix dans un concert 100% compositions.  
Dans le cadre de la 4e édition des Scènes du monde au Canal, une programmation musiques du monde en partenariat avec le CRL10",Paris,"116 Quai de Jemmapes, 75010 Paris",75010,2026-05-29 18:00:00+00:00,"Evenement : Opus Delirium · Scènes du monde au Canal #4. Lieu : 116 Quai de Jemmapes, 75010 Paris, Paris. Date : 29/05/2026. Description : ### Le 29 mai à la Scène du Canal - Espace Jemmapes

Opus Delirium a été créé par des passionnés partis apprendre les musiques balkaniques, tziganes et turques à la source auprès des plus grands. À travers ce projet, ses membres ont voulu donner un nouveau souffle à leur univers. Hip-hop, Turbo Folk, quelques samples d’instruments traditionnels, complètent accordéon midi, clarinette turque, batterie, keytar, bouzouki et voix dans un concert 100% compositions.  
Dans le cadre de la 4e édition des Scènes du monde au Canal, une programmation musiques du monde en partenariat avec le CRL10"
Fabrice Gorgerat - Chienne,"[...] Chienne transforme la scène en un lieu de combats, de fierté de celle qui hurle et reprend ses droits.

Lorsque Fabrice Gorgerat lit « Chienne », son adaptation scénique semble évidente, inévitable. Si l’auteure qualifie son texte d’« auto fiction » c’est bien la réalité d’une enfance traumatique qui nous est exposée : l’histoire de deux petites filles victimes d’un père - monstre-porc innommable - et de leur mère complice. L’une d’elle choisira plus tard la justesse et la violence des mots pour tuer celui qui les a torturées, anéanties.

Shannon Granger, comédienne, et Simone Aubert, musicienne, tentent d’avancer sur un fil au-dessus du massacre. Sans pathos, sans fascination, sans compromis. La présence scénique n’est pas celle d’une ombre déchirée par l’horreur, ce sont des voix réunies contre l’adversité, une attention particulière à l’humain et à son intimité fragile. Le but est de se redéfinir, avec une hache.

[Plus d’informations sur notre site web](https://ccsparis.com/evenements/fabrice-gorgerat-chienne/)",Paris,"32 rue des Francs-Bourgeois, Paris",75003,2026-05-29 18:00:00+00:00,"Evenement : Fabrice Gorgerat - Chienne. Lieu : 32 rue des Francs-Bourgeois, Paris, Paris. Date : 29/05/2026. Description : [...] Chienne transforme la scène en un lieu de combats, de fierté de celle qui hurle et reprend ses droits.

Lorsque Fabrice Gorgerat lit « Chienne », son adaptation scénique semble évidente, inévitable. Si l’auteure qualifie son texte d’« auto fiction » c’est bien la réalité d’une enfance traumatique qui nous est exposée : l’histoire de deux petites filles victimes d’un père - monstre-porc innommable - et de leur mère complice. L’une d’elle choisira plus tard la justesse et la violence des mots pour tuer celui qui les a torturées, anéanties.

Shannon Granger, comédienne, et Simone Aubert, musicienne, tentent d’avancer sur un fil au-dessus du massacre. Sans pathos, sans fascination, sans compromis. La présence scénique n’est pas celle d’une ombre déchirée par l’horreur, ce sont des voix réunies contre l’adversité, une attention particulière à l’humain et à son intimité fragile. Le but est de se redéfinir, avec une hache.

[Plus d’informations sur notre site web](https://ccsparis.com/evenements/fabrice-gorgerat-chienne/)"
Session networking artistique 29 Mai 2026,"​La prochaine Session Networking de l'association ART'N'FACT arrive.

​Elle aura lieu le vendredi 29 Mai a 18h30

​Le but ?

​Se faire un maximum de contacts, de rencontres et inspirer de nouvelles collaborations.

​

​Que vous veniez partager votre univers, votre projet ou simplement rencontrer de novueau créateurs, vous êtes les bienvenus.",Paris,"153 Rue Saint-Martin, 75003 Paris",75003,2026-05-29 16:30:00+00:00,"Evenement : Session networking artistique 29 Mai 2026. Lieu : 153 Rue Saint-Martin, 75003 Paris, Paris. Date : 29/05/2026. Description : ​La prochaine Session Networking de l'association ART'N'FACT arrive.

​Elle aura lieu le vendredi 29 Mai a 18h30

​Le but ?

​Se faire un maximum de contacts, de rencontres et inspirer de nouvelles collaborations.

​

​Que vous veniez partager votre univers, votre projet ou simplement rencontrer de novueau créateurs, vous êtes les bienvenus."
Agenda de nos bals costumés,"LES BALS REVIENNENT TOUS LES MOIS À L’HÔTEL  
DE LA MARINE

Au programme :

Bal révolutionnaire - Vendredi 27 février 2026 de 17h30 à 20h30  
Années folles - Vendredi 27 mars 2026 de 17h30 à 20h30  
Louis XV et Louis XVI - Vendredi 24 avril 2026 de 17h30 à 20h30  
Libération de Paris - Vendredi 29 mai 2026 de 17h30 à 20h30  
Second Empire ""Moyen Orient"" - Vendredi 26 juin 2026 de 17h30 à 20h30

Comment assister à un bal  
Deux possibilités s’offrent à vous pour profiter du bal :  
Dans la cour d’honneur, assistez gratuitement aux démonstrations et rejoignez les danseurs sur la piste pour des danses participatives.  
  
Dans les salons d’apparat, après une visite du monument, admirez les démonstrations dans un cadre exceptionnel. Pas de danses participatives possibles à l'intérieur du monument. L'accès au bal dans les salons d'apparat est compris dans le billet de visite libre du monument

QUE VOUS SOYEZ COSTUME OU NON L’ESSENTIEL EST DE PARTICIPER ! UN MOMENT D’ECHANGE DE DIALOGUES, AUTOUR DU VERRE DE L’AMITIE

INFOS ET RESERVATION 01.455.456.52  
Retrouver-nous sur : [http://nouvelledimension.free.fr](http://nouvelledimension.free.fr) ou  
[http://ndseniors.free.fr](http://ndseniors.free.fr)",Paris,2place de la concorde,75008,2026-05-29 15:30:00+00:00,"Evenement : Agenda de nos bals costumés. Lieu : 2place de la concorde, Paris. Date : 29/05/2026. Description : LES BALS REVIENNENT TOUS LES MOIS À L’HÔTEL  
DE LA MARINE

Au programme :

Bal révolutionnaire - Vendredi 27 février 2026 de 17h30 à 20h30  
Années folles - Vendredi 27 mars 2026 de 17h30 à 20h30  
Louis XV et Louis XVI - Vendredi 24 avril 2026 de 17h30 à 20h30  
Libération de Paris - Vendredi 29 mai 2026 de 17h30 à 20h30  
Second Empire ""Moyen Orient"" - Vendredi 26 juin 2026 de 17h30 à 20h30

Comment assister à un bal  
Deux possibilités s’offrent à vous pour profiter du bal :  
Dans la cour d’honneur, assistez gratuitement aux démonstrations et rejoignez les danseurs sur la piste pour des danses participatives.  
  
Dans les salons d’apparat, après une visite du monument, admirez les démonstrations dans un cadre exceptionnel. Pas de danses participatives possibles à l'intérieur du monument. L'accès au bal dans les salons d'apparat est compris dans le billet de visite libre du monument

QUE VOUS SOYEZ COSTUME OU NON L’ESSENTIEL EST DE PARTICIPER ! UN MOMENT D’ECHANGE DE DIALOGUES, AUTOUR DU VERRE DE L’AMITIE

INFOS ET RESERVATION 01.455.456.52  
Retrouver-nous sur : [http://nouvelledimension.free.fr](http://nouvelledimension.free.fr) ou  
[http://ndseniors.free.fr](http://ndseniors.free.fr)"
JEUDI CHANSON,"Tous les jeudis d’octobre à juin (en dehors des vacances scolaires), une scène ouverte est organisée en entrée libre, pour découvrir de nouveaux artistes et pour présenter le travail des stagiaires de la Manufacture Chanson. Ce sont les Jeudis-Chanson.

Jeudi 28 mai 2026 : Scène ouverte

**POUR RETROUVER LE PROGRAMME COMPLET, CLIQUEZ : [ICI](https://www.manufacturechanson.org/autres-activites/scenes-ouvertes-jeudis-chanson/)**",Paris,124 avenue de la république 75011 paris,75011,2026-05-28 18:30:00+00:00,"Evenement : JEUDI CHANSON. Lieu : 124 avenue de la république 75011 paris, Paris. Date : 28/05/2026. Description : Tous les jeudis d’octobre à juin (en dehors des vacances scolaires), une scène ouverte est organisée en entrée libre, pour découvrir de nouveaux artistes et pour présenter le travail des stagiaires de la Manufacture Chanson. Ce sont les Jeudis-Chanson.

Jeudi 28 mai 2026 : Scène ouverte

**POUR RETROUVER LE PROGRAMME COMPLET, CLIQUEZ : [ICI](https://www.manufacturechanson.org/autres-activites/scenes-ouvertes-jeudis-chanson/)**"
Soirée d'ouverture L'Iran par-delà les frontières,Panorama du cinéma iranien contemporain,Paris,"100, rue Mouffetard, Paris",75005,2026-05-28 18:00:00+00:00,"Evenement : Soirée d'ouverture L'Iran par-delà les frontières. Lieu : 100, rue Mouffetard, Paris, Paris. Date : 28/05/2026. Description : Panorama du cinéma iranien contemporain"
"GARANCE ""SŒUR.E.S""","**GARANCE ""SŒUR.E.S"" - Anthologie Subjective de la Chanson Féministe + invité.e.s**

J'ai fouillé dans mes archives personnelles et dans celles de mes pair.e.s, et je vous convie, toutes et tous, à venir écouter des chansons qui se veulent porteuses de messages, qui dénoncent ou qui tendent vers un espoir. On fera ça joyeusement, courageusement, on rira certainement parce qu'il faut bien, en rire. On criera aussi, parce qu'il faut crier. On se tiendra chaud surtout. On projettera nos rêves et nos voix.

Je serai bien entourée, liste des porteureuses de flambeaux à venir !

[Site internet](http://www.garance-lesite.com) [Facebook](http://www.facebook.com/garancemusique) [Instagram](http://www.instagram.com/garancemusique)

Crédit photo : La Fête Sauvage",Paris,124 avenue de la république 75011 paris,75011,2026-05-27 18:30:00+00:00,"Evenement : GARANCE ""SŒUR.E.S"". Lieu : 124 avenue de la république 75011 paris, Paris. Date : 27/05/2026. Description : **GARANCE ""SŒUR.E.S"" - Anthologie Subjective de la Chanson Féministe + invité.e.s**

J'ai fouillé dans mes archives personnelles et dans celles de mes pair.e.s, et je vous convie, toutes et tous, à venir écouter des chansons qui se veulent porteuses de messages, qui dénoncent ou qui tendent vers un espoir. On fera ça joyeusement, courageusement, on rira certainement parce qu'il faut bien, en rire. On criera aussi, parce qu'il faut crier. On se tiendra chaud surtout. On projettera nos rêves et nos voix.

Je serai bien entourée, liste des porteureuses de flambeaux à venir !

[Site internet](http://www.garance-lesite.com) [Facebook](http://www.facebook.com/garancemusique) [Instagram](http://www.instagram.com/garancemusique)

Crédit photo : La Fête Sauvage"
Suelo suspendido | Marinés Agurto Hormazábal,"La capacité des matériaux à porter en eux une mémoire des paysages, des histoires constructives et des gestes collectifs est au cœur de la démarche de Marinés Agurto Hormazábal. En travaillant à l’intersection de l’archéologie, de l’architecture et de l’histoire, elle crée des installations in situ qui activent les qualités symboliques et physiques de matériaux récupérés ou déclassés, révélant les connexions enfouies entre territoire et mémoire collective.

Pendant sa résidence, l’artiste s’est intéressée à l’histoire géologique et économique du Bassin parisien, vaste formation sédimentaire composée de couches de roche, de gypse et d’argile déposées dans une ancienne mer d’où a été extrait de l’argile. Cette activité commerciale a influencé durablement l’architecture et la vie quotidienne de la région, notamment par la fabrication de tomettes, carreaux de terre cuite hexagonaux ou carrés, fabriqués à la main à partir d’argile locale et diffusés largement en France à partir du XVe siècle. Les tuileries qui entouraient Paris constituaient des centres de production essentiels, alimentant à la fois la ville et sa ceinture agricole. Malgré les transformations liées à l’industrialisation, les tomettes ont perduré grâce à l’ingéniosité de leur conception : leur résistance émerge de leur forme et de leur pose, chaque carreau participant à une structure où la stabilité dépend de la relation avec les autres éléments.

L’installation Suelo Suspendido \[Sol Suspendu\] parle de cette mémoire et de cette histoire. Des tomettes récupérées, perforées puis reliées par des vis, des pitons à œil et des crochets métalliques, forment une structure suspendue où matériaux organiques et industriels coexistent dans un champ tissé de relations. Ce qui fonctionnait autrefois comme un pavement horizontal devient un champ vertical d’équilibre, où la stabilité émerge de la gravité, de la tension et de l’interdépendance.

Marinés Agurto Hormazábal (Pérou) est actuellement en résidence par le biais du programme 2-12  
Cette installation a été rendue possible grâce au soutien de Vestiges de France.",Paris,"18, rue de l'Hôtel de ville, 75004",75004,2026-05-27 08:00:00+00:00,"Evenement : Suelo suspendido | Marinés Agurto Hormazábal. Lieu : 18, rue de l'Hôtel de ville, 75004, Paris. Date : 27/05/2026. Description : La capacité des matériaux à porter en eux une mémoire des paysages, des histoires constructives et des gestes collectifs est au cœur de la démarche de Marinés Agurto Hormazábal. En travaillant à l’intersection de l’archéologie, de l’architecture et de l’histoire, elle crée des installations in situ qui activent les qualités symboliques et physiques de matériaux récupérés ou déclassés, révélant les connexions enfouies entre territoire et mémoire collective.

Pendant sa résidence, l’artiste s’est intéressée à l’histoire géologique et économique du Bassin parisien, vaste formation sédimentaire composée de couches de roche, de gypse et d’argile déposées dans une ancienne mer d’où a été extrait de l’argile. Cette activité commerciale a influencé durablement l’architecture et la vie quotidienne de la région, notamment par la fabrication de tomettes, carreaux de terre cuite hexagonaux ou carrés, fabriqués à la main à partir d’argile locale et diffusés largement en France à partir du XVe siècle. Les tuileries qui entouraient Paris constituaient des centres de production essentiels, alimentant à la fois la ville et sa ceinture agricole. Malgré les transformations liées à l’industrialisation, les tomettes ont perduré grâce à l’ingéniosité de leur conception : leur résistance émerge de leur forme et de leur pose, chaque carreau participant à une structure où la stabilité dépend de la relation avec les autres éléments.

L’installation Suelo Suspendido \[Sol Suspendu\] parle de cette mémoire et de cette histoire. Des tomettes récupérées, perforées puis reliées par des vis, des pitons à œil et des crochets métalliques, forment une structure suspendue où matériaux organiques et industriels coexistent dans un champ tissé de relations. Ce qui fonctionnait autrefois comme un pavement horizontal devient un champ vertical d’équilibre, où la stabilité émerge de la gravité, de la tension et de l’interdépendance.

Marinés Agurto Hormazábal (Pérou) est actuellement en résidence par le biais du programme 2-12  
Cette installation a été rendue possible grâce au soutien de Vestiges de France."
"Ateliers ouverts “Curated by” Institut français – Vibration sympathique | accords, jeux, réminiscences","À l’occasion des Ateliers ouverts hebdomadaires, la Cité internationale des arts invite régulièrement des commissaires, artistes et institutions partenaires à proposer un parcours de visite au public.

Dans ce cadre, en partenariat avec l’Institut français, Alexia Pierre est invitée à concevoir le parcours de cette soirée réunissant des artistes du programme Institut français x Cité internationale des arts.

« _Des vibrations muant nos corps, nos êtres, quelle fréquence pour s’accorder à l’autre ? Ateliers ouverts, performances, actions participatives, invitations au jeu comme refus partagés, formes fondant corps et espaces, histoires racontées contrant l’oubli, autant de voix que de gestes qui renvoient à l’essence de ce qu’est faire assemblée. Les pratiques des artistes se déploient en dialogue, vibrent en sympathie, le temps d’une soirée._ » – Alexia Pierre

**Avec les artistes** : Khalid Alarabi, Ruangsak Anuwatwimon, Rayya Badran, Anna Calleja, Omnia Elamir, Arnaud Ferron, Alaa Itani, Raheel Khan, Tiago Mestre, Lô Politi, Lojithan Ram, Sherine Salla, Pamela Suasti, Wolfgang Tillmans, Belén Uriel, Philemona Williamson",Paris,"18, rue de l'Hôtel de ville, 75004",75004,2026-05-27 16:00:00+00:00,"Evenement : Ateliers ouverts “Curated by” Institut français – Vibration sympathique | accords, jeux, réminiscences. Lieu : 18, rue de l'Hôtel de ville, 75004, Paris. Date : 27/05/2026. Description : À l’occasion des Ateliers ouverts hebdomadaires, la Cité internationale des arts invite régulièrement des commissaires, artistes et institutions partenaires à proposer un parcours de visite au public.

Dans ce cadre, en partenariat avec l’Institut français, Alexia Pierre est invitée à concevoir le parcours de cette soirée réunissant des artistes du programme Institut français x Cité internationale des arts.

« _Des vibrations muant nos corps, nos êtres, quelle fréquence pour s’accorder à l’autre ? Ateliers ouverts, performances, actions participatives, invitations au jeu comme refus partagés, formes fondant corps et espaces, histoires racontées contrant l’oubli, autant de voix que de gestes qui renvoient à l’essence de ce qu’est faire assemblée. Les pratiques des artistes se déploient en dialogue, vibrent en sympathie, le temps d’une soirée._ » – Alexia Pierre

**Avec les artistes** : Khalid Alarabi, Ruangsak Anuwatwimon, Rayya Badran, Anna Calleja, Omnia Elamir, Arnaud Ferron, Alaa Itani, Raheel Khan, Tiago Mestre, Lô Politi, Lojithan Ram, Sherine Salla, Pamela Suasti, Wolfgang Tillmans, Belén Uriel, Philemona Williamson"
Ciné Citoyen • 27 Mai,HORS NORMES de Eric Toledano et Olivier Nakache,Paris,"13, rue Victor-Cousin, Paris",75005,2026-05-27 08:30:00+00:00,"Evenement : Ciné Citoyen • 27 Mai. Lieu : 13, rue Victor-Cousin, Paris, Paris. Date : 27/05/2026. Description : HORS NORMES de Eric Toledano et Olivier Nakache"
Rétro : les classiques sur grand écran,Avec Culture aux Trousses,Paris,"100, rue Mouffetard, Paris",75005,2026-05-26 18:15:00+00:00,"Evenement : Rétro : les classiques sur grand écran. Lieu : 100, rue Mouffetard, Paris, Paris. Date : 26/05/2026. Description : Avec Culture aux Trousses"
La claque (de Fred RADIX),"1895 dans un théâtre parisien.  
Auguste Levasseur, chef de claque, dirige une troupe de complices, qui, mêlés au public, sont chargés d'applaudir aux moments opportuns.

Une pièce applaudie est une pièce à succès, or, à deux heures d'une grande première, Auguste est abandonné par sa claque. Il charge alors Fauvette, musicienne de l'orchestre, et Dugommier, régisseur du théâtre, de trouver des remplaçants pour sauver la représentation du soir.

Il ne reste plus qu'une heure trente avant le début de la première pour faire répéter les claqueurs novices en leur interprétant des extraits du spectacle qui ne compte pas moins de cinq actes, quarante musiciens et trente changements de décors ! La tâche est ardue, ils ne sont que trois, et ce soir, leur carrière ne tient plus qu'à une claque !  
[https://youtu.be/i8u2BBycZyc?si=LQiGsHWVxbjIUquk](https://youtu.be/i8u2BBycZyc?si=LQiGsHWVxbjIUquk)  
Après ""Le Siffleur"" et ses 600 représentations, Fred Radix revient avec un nouveau spectacle qui s'empare d'un sujet et d'un personnage qui ont marqué l'histoire du théâtre et les traite avec humour, musicalité et décalage historique.

Auteur / Metteur en scène/ Compositions musicales : Fred Radix  
Artiste(s): Alice Noureux ou Caroline Cristofoli, Guillaume Collignon ou Guillaume Darnault, Fred Radix ou Christophe Gendreau ou Fred Joiselle

France 2  
"" Télématin Moderne et original : Une pépite théâtrale ""  
LE PARISIEN  
"" On craque pour cette Claque: interprétation hilarante, un spectacle généreux et malin ! ""  
LE FIGARO  
"" Fred Radix prouve qu'avec peu de moyens, il est possible de révolutionner le spectacle vivant ""  
ELLE  
"" Fantaisie et poésie à tous les étages. On applaudit bien fort ! ""  
TELERAMA  
"" TTT Une comédie originale et savoureuse, récompensée par de sincères rires et applaudissements. A découvrir sans tarder ""  
France Musique  
"" Bravo, quel talent! ""  
France3  
"" C'est sur qu'il vous en met une de claque """,Paris,26 rue de la gaité 75014PARIS,75014,2026-05-26 18:30:00+00:00,"Evenement : La claque (de Fred RADIX). Lieu : 26 rue de la gaité 75014PARIS, Paris. Date : 26/05/2026. Description : 1895 dans un théâtre parisien.  
Auguste Levasseur, chef de claque, dirige une troupe de complices, qui, mêlés au public, sont chargés d'applaudir aux moments opportuns.

Une pièce applaudie est une pièce à succès, or, à deux heures d'une grande première, Auguste est abandonné par sa claque. Il charge alors Fauvette, musicienne de l'orchestre, et Dugommier, régisseur du théâtre, de trouver des remplaçants pour sauver la représentation du soir.

Il ne reste plus qu'une heure trente avant le début de la première pour faire répéter les claqueurs novices en leur interprétant des extraits du spectacle qui ne compte pas moins de cinq actes, quarante musiciens et trente changements de décors ! La tâche est ardue, ils ne sont que trois, et ce soir, leur carrière ne tient plus qu'à une claque !  
[https://youtu.be/i8u2BBycZyc?si=LQiGsHWVxbjIUquk](https://youtu.be/i8u2BBycZyc?si=LQiGsHWVxbjIUquk)  
Après ""Le Siffleur"" et ses 600 représentations, Fred Radix revient avec un nouveau spectacle qui s'empare d'un sujet et d'un personnage qui ont marqué l'histoire du théâtre et les traite avec humour, musicalité et décalage historique.

Auteur / Metteur en scène/ Compositions musicales : Fred Radix  
Artiste(s): Alice Noureux ou Caroline Cristofoli, Guillaume Collignon ou Guillaume Darnault, Fred Radix ou Christophe Gendreau ou Fred Joiselle

France 2  
"" Télématin Moderne et original : Une pépite théâtrale ""  
LE PARISIEN  
"" On craque pour cette Claque: interprétation hilarante, un spectacle généreux et malin ! ""  
LE FIGARO  
"" Fred Radix prouve qu'avec peu de moyens, il est possible de révolutionner le spectacle vivant ""  
ELLE  
"" Fantaisie et poésie à tous les étages. On applaudit bien fort ! ""  
TELERAMA  
"" TTT Une comédie originale et savoureuse, récompensée par de sincères rires et applaudissements. A découvrir sans tarder ""  
France Musique  
"" Bravo, quel talent! ""  
France3  
"" C'est sur qu'il vous en met une de claque """
"Rencontre avec Kevin Chen autour de son ouvrage ""Ghost Town""","La librairie Le Phénix, avec le concourt du CCTP, a le plaisir d'accueillir Kevin Chen autour de son ouvrage ""Ghost Town"" publié aux Editions Points.

Le livre

Benjamin d'une fratrie de sept enfants, Chen Tienhong a dû quitter son village natal de Yongjing pour vivre librement son homosexualité. Après avoir passé plusieurs années en prison à cause d'une relation avec un homme violent, il décide de rentrer à Taïwan et d'élucider un mystère qui plane depuis son enfance. Arrivé le jour de la fête des Fantômes, Tienhong lui-même se sent comme un spectre errant dans un lieu qu'il reconnaît à peine. Le seul endroit qui n'a pas changé est sa maison où règnent toujours les mêmes règles, les mêmes blessures et, surtout, les mêmes silences.

L'auteur

Kevin Chen a débuté sa carrière artistique en tant qu’acteur de cinéma, jouant dans des films taïwanais et allemands. Il vit aujourd’hui à Berlin, est rédacteur pour le magazine Performing Arts Reviews et a publié plusieurs romans, des essais et des recueils de nouvelles. Il est lauréat, entre autres, du Grand Prix de littérature taïwanaise.",Paris,"72 bd de Sébastopol, 75003 Paris",75003,2026-05-26 16:00:00+00:00,"Evenement : Rencontre avec Kevin Chen autour de son ouvrage ""Ghost Town"". Lieu : 72 bd de Sébastopol, 75003 Paris, Paris. Date : 26/05/2026. Description : La librairie Le Phénix, avec le concourt du CCTP, a le plaisir d'accueillir Kevin Chen autour de son ouvrage ""Ghost Town"" publié aux Editions Points.

Le livre

Benjamin d'une fratrie de sept enfants, Chen Tienhong a dû quitter son village natal de Yongjing pour vivre librement son homosexualité. Après avoir passé plusieurs années en prison à cause d'une relation avec un homme violent, il décide de rentrer à Taïwan et d'élucider un mystère qui plane depuis son enfance. Arrivé le jour de la fête des Fantômes, Tienhong lui-même se sent comme un spectre errant dans un lieu qu'il reconnaît à peine. Le seul endroit qui n'a pas changé est sa maison où règnent toujours les mêmes règles, les mêmes blessures et, surtout, les mêmes silences.

L'auteur

Kevin Chen a débuté sa carrière artistique en tant qu’acteur de cinéma, jouant dans des films taïwanais et allemands. Il vit aujourd’hui à Berlin, est rédacteur pour le magazine Performing Arts Reviews et a publié plusieurs romans, des essais et des recueils de nouvelles. Il est lauréat, entre autres, du Grand Prix de littérature taïwanaise."
Rencontre avec l'écrivain Kevin Chen (陳思宏),"Les études taïwanaises de l’Inalco proposent une occasion exceptionnelle de découvrir une voix majeure de la littérature taïwanaise contemporaine. Nous aurons l’honneur d’accueillir l’écrivain Kevin Chen (陳思宏), auteur du roman Ghost Town, œuvre puissante et singulière qui explore avec finesse les thèmes de la mémoire, de l’exil, de l’identité et des marges. À travers une écriture à la fois intime et profondément ancrée dans les réalités sociales, Kevin Chen donne à voir une autre Taïwan, traversée par les tensions entre tradition et modernité.

Cette rencontre se veut un espace de dialogue entre littérature et société, permettant d’interroger la place de Taïwan dans le monde à travers la création littéraire, tout en offrant au public français une immersion rare dans un univers narratif riche, sensible et profondément contemporain.

Cet événement est en co-organisation avec le Centre culturel de Taïwan à Paris et les Éditions du Seuil.  
Inalco, PLC, Amphi 3.",Paris,65 rue des grands moulins 75013,75013,2026-05-26 13:00:00+00:00,"Evenement : Rencontre avec l'écrivain Kevin Chen (陳思宏). Lieu : 65 rue des grands moulins 75013, Paris. Date : 26/05/2026. Description : Les études taïwanaises de l’Inalco proposent une occasion exceptionnelle de découvrir une voix majeure de la littérature taïwanaise contemporaine. Nous aurons l’honneur d’accueillir l’écrivain Kevin Chen (陳思宏), auteur du roman Ghost Town, œuvre puissante et singulière qui explore avec finesse les thèmes de la mémoire, de l’exil, de l’identité et des marges. À travers une écriture à la fois intime et profondément ancrée dans les réalités sociales, Kevin Chen donne à voir une autre Taïwan, traversée par les tensions entre tradition et modernité.

Cette rencontre se veut un espace de dialogue entre littérature et société, permettant d’interroger la place de Taïwan dans le monde à travers la création littéraire, tout en offrant au public français une immersion rare dans un univers narratif riche, sensible et profondément contemporain.

Cet événement est en co-organisation avec le Centre culturel de Taïwan à Paris et les Éditions du Seuil.  
Inalco, PLC, Amphi 3."
Les artistes des ateliers du Père Lachaise Associés ouvrent leurs portes,"L’A.P.L.A est animée par des artistes passionné.es, d’horizons et de formations divers, dont les ateliers sont basés dans le 20e arrondissement de Paris entre les rues de Bagnolet, des Pyrénées, d’Avron et le Boulevard de Charonne.  
Toujours dans la perspective d’offrir le meilleur aussi bien aux artistes qu’aux visiteur.ses, plusieurs changements ont été apportés cette année : l’affiche a été réalisée par Marie TAQ, peintre et dessinatrice, membre de l’APLA. C’est une façon originale de mettre en avant l’association à travers ses créateur.rices.  
Soucieuse d’enrichir son vivier artistique et de souligner le dynamisme de l’association et du quartier, l’A.P.L.A accueille de nouveaux artistes : un atelier de sérigraphie, à la pointe du graphisme contemporain, l’insolante, fondé en 2013 par d’anciens élèves des Beaux-Arts et un labo photo collectif Les 3 bains qui proposera une exposition de ses membres, la visite des studios de tirage ainsi que des portraits minute à prix libres sans réservation.  
Deux expositions collectives seront organisées pendant les Portes Ouvertes.  
**Un itinéraire suggéré**  
Se promener dans ce quartier à la fois traditionnel et moderne, bucolique et urbain en partant à la découverte d’artistes peintres, sculpteur·ices, graveu·ses, photographes, céramistes, plasticien.nes….tout cela au détour d’une cour fleurie, au sein d’un atelier caché ou d’un appartement transformé en atelier. Cette déambulation permet de plonger au cœur de la création contemporaine, d’échanger avec des artistes pour parler art, technique, sources d’inspiration. Pour la première fois, un parcours sera suggéré, matérialisé en jaune dans le dépliant. En se rendant d'un atelier à l'autre, le promeneur.se pourra découvrir des espaces verts (jardin naturel Pierre Emmanuel, jardin Casque-d'Or, square de la Salamandre), ruelles, passages (Dieu, de la Providence, Josseaume), passer par le cimetière du Père-Lachaise ou celui de l'église de Charonne pour rejoindre certains ateliers.  
**Diseuses de silence à l’Espace Monte- Cristo**  
Cette exposition aborde une vision actuelle de notre histoire contemporaine et collective à travers les voix de 21 sculptrices françaises et internationales (Prune Nourry, Niki de Saint Phalle, Suzanne Husky, Andrea Bowers…). Telles des Shéhérazade modernes, ces artistes donnent vie à nos récits communs et, à travers leurs œuvres choisies au sein de la Collection Fondation Villa Datris, nous transmettent un héritage, le nôtre.  
Site internet : [https://apla20.fr](https://apla20.fr)",Paris,75020,75020,2026-05-26 07:30:00+00:00,"Evenement : Les artistes des ateliers du Père Lachaise Associés ouvrent leurs portes. Lieu : 75020, Paris. Date : 26/05/2026. Description : L’A.P.L.A est animée par des artistes passionné.es, d’horizons et de formations divers, dont les ateliers sont basés dans le 20e arrondissement de Paris entre les rues de Bagnolet, des Pyrénées, d’Avron et le Boulevard de Charonne.  
Toujours dans la perspective d’offrir le meilleur aussi bien aux artistes qu’aux visiteur.ses, plusieurs changements ont été apportés cette année : l’affiche a été réalisée par Marie TAQ, peintre et dessinatrice, membre de l’APLA. C’est une façon originale de mettre en avant l’association à travers ses créateur.rices.  
Soucieuse d’enrichir son vivier artistique et de souligner le dynamisme de l’association et du quartier, l’A.P.L.A accueille de nouveaux artistes : un atelier de sérigraphie, à la pointe du graphisme contemporain, l’insolante, fondé en 2013 par d’anciens élèves des Beaux-Arts et un labo photo collectif Les 3 bains qui proposera une exposition de ses membres, la visite des studios de tirage ainsi que des portraits minute à prix libres sans réservation.  
Deux expositions collectives seront organisées pendant les Portes Ouvertes.  
**Un itinéraire suggéré**  
Se promener dans ce quartier à la fois traditionnel et moderne, bucolique et urbain en partant à la découverte d’artistes peintres, sculpteur·ices, graveu·ses, photographes, céramistes, plasticien.nes….tout cela au détour d’une cour fleurie, au sein d’un atelier caché ou d’un appartement transformé en atelier. Cette déambulation permet de plonger au cœur de la création contemporaine, d’échanger avec des artistes pour parler art, technique, sources d’inspiration. Pour la première fois, un parcours sera suggéré, matérialisé en jaune dans le dépliant. En se rendant d'un atelier à l'autre, le promeneur.se pourra découvrir des espaces verts (jardin naturel Pierre Emmanuel, jardin Casque-d'Or, square de la Salamandre), ruelles, passages (Dieu, de la Providence, Josseaume), passer par le cimetière du Père-Lachaise ou celui de l'église de Charonne pour rejoindre certains ateliers.  
**Diseuses de silence à l’Espace Monte- Cristo**  
Cette exposition aborde une vision actuelle de notre histoire contemporaine et collective à travers les voix de 21 sculptrices françaises et internationales (Prune Nourry, Niki de Saint Phalle, Suzanne Husky, Andrea Bowers…). Telles des Shéhérazade modernes, ces artistes donnent vie à nos récits communs et, à travers leurs œuvres choisies au sein de la Collection Fondation Villa Datris, nous transmettent un héritage, le nôtre.  
Site internet : [https://apla20.fr](https://apla20.fr)"
CAN'T YOU SEA ? - 24/05 - POINT ÉPHÉMÈRE - PARIS,"“CAN’T YOU SEA ?” est un événement pluridisciplinaire caritatif organisé par un groupe d'étudiants de l’IESA art&culture. L’évènement se tiendra le 24 mai de 15h à 00h au Point Ephémère (Paris 10).  
C’est un événement caritatif au profit de l’association UTOPIA 56. Il sensibilise autour de la question migratoire. L’objectif de Can’t you Sea ?, montrer ce que l'on n'ose pas regarder et faire face à l’urgence qui peine à se faire entendre.

Le projet se divise en trois formats différents : une exposition photos de plusieurs artistes, des concerts pop rock et des dj sets.

🎤PROGRAMMATION concerts :  
No Sex Last Night  
Parachute  
Mimosa  
The Initiativ

🖼️PROGRAMMATION expositions :  
Younes Ben Slimane  
Amir Youssef

🎛️PROGRAMMATION dj sets :  
Moat  
Aurélia  
Mojo  
Carmen  
Doudouz  
Diego

INFOS PRATIQUES :  
🗓️DIMANCHE 24 MAI 2026  
16H-00H  
📍Point Éphémère  
200 Quai de Valmy  
75010 Paris  
🚇 Accès Métro :  
Jaurès ligne 2,5,7bis / Stalingrad ligne 7

BILLETTERIE :  
Bientôt disponible

INSTAGRAM :  
[https://www.instagram.com/cant.you.sea/?hl=fr](https://www.instagram.com/cant.you.sea/?hl=fr)",Paris,200 quai de valmy 75010,75010,2026-05-24 14:00:00+00:00,"Evenement : CAN'T YOU SEA ? - 24/05 - POINT ÉPHÉMÈRE - PARIS. Lieu : 200 quai de valmy 75010, Paris. Date : 24/05/2026. Description : “CAN’T YOU SEA ?” est un événement pluridisciplinaire caritatif organisé par un groupe d'étudiants de l’IESA art&culture. L’évènement se tiendra le 24 mai de 15h à 00h au Point Ephémère (Paris 10).  
C’est un événement caritatif au profit de l’association UTOPIA 56. Il sensibilise autour de la question migratoire. L’objectif de Can’t you Sea ?, montrer ce que l'on n'ose pas regarder et faire face à l’urgence qui peine à se faire entendre.

Le projet se divise en trois formats différents : une exposition photos de plusieurs artistes, des concerts pop rock et des dj sets.

🎤PROGRAMMATION concerts :  
No Sex Last Night  
Parachute  
Mimosa  
The Initiativ

🖼️PROGRAMMATION expositions :  
Younes Ben Slimane  
Amir Youssef

🎛️PROGRAMMATION dj sets :  
Moat  
Aurélia  
Mojo  
Carmen  
Doudouz  
Diego

INFOS PRATIQUES :  
🗓️DIMANCHE 24 MAI 2026  
16H-00H  
📍Point Éphémère  
200 Quai de Valmy  
75010 Paris  
🚇 Accès Métro :  
Jaurès ligne 2,5,7bis / Stalingrad ligne 7

BILLETTERIE :  
Bientôt disponible

INSTAGRAM :  
[https://www.instagram.com/cant.you.sea/?hl=fr](https://www.instagram.com/cant.you.sea/?hl=fr)"
Fête de la Bretagne,"La Fête de la Bretagne organisée par Paris Breton à la Mairie du 15ème arrondissement les 23 et 24 mai  
Deux journées de concerts gratuits un village d'exposants,des conférences, des expositions des produits de Bretagne  
De grands moments festifs où même les enfants ont leur espace de jeux et de maquillage.",Paris,31rue Péclet  Paris75015,75015,2026-05-24 08:00:00+00:00,"Evenement : Fête de la Bretagne. Lieu : 31rue Péclet  Paris75015, Paris. Date : 24/05/2026. Description : La Fête de la Bretagne organisée par Paris Breton à la Mairie du 15ème arrondissement les 23 et 24 mai  
Deux journées de concerts gratuits un village d'exposants,des conférences, des expositions des produits de Bretagne  
De grands moments festifs où même les enfants ont leur espace de jeux et de maquillage."
Nuit européenne des musées 2026,"À l'occasion de la Nuit européenne des musées,  profitez d'un programme musical unique entre jazz et musique de chambre avec le conservatoire Camille Saint Saëns !",Paris,"2, Place de la Concorde 75008 Paris",75008,2026-05-23 19:30:00+00:00,"Evenement : Nuit européenne des musées 2026. Lieu : 2, Place de la Concorde 75008 Paris, Paris. Date : 23/05/2026. Description : À l'occasion de la Nuit européenne des musées,  profitez d'un programme musical unique entre jazz et musique de chambre avec le conservatoire Camille Saint Saëns !"
Les femmes et le Rebetiko - Grèce,"En Grèce, le periptero est le kiosque du coin de la rue, on y trouve de tout et à toute heure. On trouve aussi de tout dans ce Periptero musical...

En Grèce, le periptero est le kiosque du coin de la rue, on y trouve de tout et à toute heure. On trouve aussi de tout dans ce Periptero musical : chant, bouzoukis, ouds, guitare, violon, accordéon, baglama, percussions diverses.

Le groupe puise l’essentiel de son répertoire dans le rebetiko, la musique urbaine des années 1920-1950, et dans les musiques traditionnelles grecques. Qu’on l’écoute ou qu’on la danse, cette musique de taverne ne peut se passer d’un verre de vin et d’une bande d’amis !

Les musiques du groupe Periptero reflètent les émotions populaires à travers les âges. C'est à la fois une histoire contemporaine et des temps passés.

Coutsoloucas Stéphane - bouzouki

Daskalothanassis Dimitri - percussions, voix

Drossos Electra - violon

Guidi Pierre - accordéon

Roman Laurent - oud, percussions, voix

Panagiotakopoulos Christos - guitare, chant

Koulouris Effie - bouzouki, chant

Cie Periptero",Paris,6 rue Wurtz,75013,2026-05-23 18:30:00+00:00,"Evenement : Les femmes et le Rebetiko - Grèce. Lieu : 6 rue Wurtz, Paris. Date : 23/05/2026. Description : En Grèce, le periptero est le kiosque du coin de la rue, on y trouve de tout et à toute heure. On trouve aussi de tout dans ce Periptero musical...

En Grèce, le periptero est le kiosque du coin de la rue, on y trouve de tout et à toute heure. On trouve aussi de tout dans ce Periptero musical : chant, bouzoukis, ouds, guitare, violon, accordéon, baglama, percussions diverses.

Le groupe puise l’essentiel de son répertoire dans le rebetiko, la musique urbaine des années 1920-1950, et dans les musiques traditionnelles grecques. Qu’on l’écoute ou qu’on la danse, cette musique de taverne ne peut se passer d’un verre de vin et d’une bande d’amis !

Les musiques du groupe Periptero reflètent les émotions populaires à travers les âges. C'est à la fois une histoire contemporaine et des temps passés.

Coutsoloucas Stéphane - bouzouki

Daskalothanassis Dimitri - percussions, voix

Drossos Electra - violon

Guidi Pierre - accordéon

Roman Laurent - oud, percussions, voix

Panagiotakopoulos Christos - guitare, chant

Koulouris Effie - bouzouki, chant

Cie Periptero"
Le vide grenier des ambitieux mai 2026,"Amateurs ou expérimentés des vide-greniers, cet évènement est ouvert à tous ceux qui souhaitent vendre leurs objets d'occasion (meubles, vélos, vêtements, livres, etc.).

C'est l'occasion parfaite de donner une seconde vie à vos objets, tout en gagnant de l'argent !

De plus, pour rendre votre journée encore plus agréable, nous avons prévu un coin restauration sur place (notre association vendra des sandwichs, gâteaux et boissons).

INFORMATIONS

📅 Samedi 23 mai 2026  
⌚ De 8h00 à 18h00  
📍 Sur la Place des fêtes (75019 Paris)

TARIFS

Plusieurs types de stand :

📏 Stand de 2 mètres linéaires  
💰 Tarif : 30€ / stand

📏 Stand de 4 mètres linéaires  
💰 Tarif : 60€ / stand

RÉSERVATION OBLIGATOIRE

Paiement en ligne :

[https://www.lesjeunesambitieux.fr/vide-greniers](https://www.lesjeunesambitieux.fr/vide-greniers)

Paiement en physique :

📍 Au 5 place des fêtes, 75019 Paris (à côté du magasin Décor Plus)  
⌚ De 16h à 20h  
🗓️ Vendredi 15 et Vendredi 22 mai

POUR TOUTE QUESTION

[asso@lesjeunesambitieux.fr](mailto:asso@lesjeunesambitieux.fr)  
06.65.35.80.62",Paris,Place des fêtes,75019,2026-05-23 06:00:00+00:00,"Evenement : Le vide grenier des ambitieux mai 2026. Lieu : Place des fêtes, Paris. Date : 23/05/2026. Description : Amateurs ou expérimentés des vide-greniers, cet évènement est ouvert à tous ceux qui souhaitent vendre leurs objets d'occasion (meubles, vélos, vêtements, livres, etc.).

C'est l'occasion parfaite de donner une seconde vie à vos objets, tout en gagnant de l'argent !

De plus, pour rendre votre journée encore plus agréable, nous avons prévu un coin restauration sur place (notre association vendra des sandwichs, gâteaux et boissons).

INFORMATIONS

📅 Samedi 23 mai 2026  
⌚ De 8h00 à 18h00  
📍 Sur la Place des fêtes (75019 Paris)

TARIFS

Plusieurs types de stand :

📏 Stand de 2 mètres linéaires  
💰 Tarif : 30€ / stand

📏 Stand de 4 mètres linéaires  
💰 Tarif : 60€ / stand

RÉSERVATION OBLIGATOIRE

Paiement en ligne :

[https://www.lesjeunesambitieux.fr/vide-greniers](https://www.lesjeunesambitieux.fr/vide-greniers)

Paiement en physique :

📍 Au 5 place des fêtes, 75019 Paris (à côté du magasin Décor Plus)  
⌚ De 16h à 20h  
🗓️ Vendredi 15 et Vendredi 22 mai

POUR TOUTE QUESTION

[asso@lesjeunesambitieux.fr](mailto:asso@lesjeunesambitieux.fr)  
06.65.35.80.62"
La quête de la pierre philosophale,"### Escape Game à partir de 10 ans.

A l'école des jeunes sorciers une maladie étrange se propage. Plusieurs élèves ne parviennent pas à se réveiller et semblent même perdre toute substance pour disparaitre peu à peu. Sauras-tu aider tes camarades à temps ?",Paris,4 place Jussieu 75005,75005,2026-05-23 12:00:00+00:00,"Evenement : La quête de la pierre philosophale. Lieu : 4 place Jussieu 75005, Paris. Date : 23/05/2026. Description : ### Escape Game à partir de 10 ans.

A l'école des jeunes sorciers une maladie étrange se propage. Plusieurs élèves ne parviennent pas à se réveiller et semblent même perdre toute substance pour disparaitre peu à peu. Sauras-tu aider tes camarades à temps ?"
Ce que la langue ne traduit pas,"Le cadre spécifique de la Fédération ASIEMUT, situé dans le 10ᵉ arrondissement, confère à l’exposition une dimension singulière. Ce lieu est à la fois un espace d’apprentissage, de rencontre et de transition, où se dessinent de nouveaux parcours de vie.  
Dans ce contexte, le travail de Zhifang Tang entre en résonance avec le lieu qui l’accueille. Ses œuvres évoquent des formes de déplacement qui ne sont pas seulement géographiques, mais aussi symboliques : passages entre systèmes d’écriture, entre mémoires culturelles, entre expériences individuelles.  
La calligraphie occupe une place centrale dans la pratique de l’artiste. À travers elle, Zhifang Tang convoque une tradition millénaire tout en l’inscrivant dans un dialogue contemporain. L’écriture devient ici bien plus qu’un système de communication : elle se transforme en geste, en rythme et en image. Les caractères apparaissent comme des formes visuelles autonomes, capables de produire du sens même pour celles et ceux qui n’en maîtrisent pas la lecture. Face à ces signes, le regard oscille entre compréhension et mystère, entre reconnaissance et étrangeté.  
Réalisées à l’encre sur papier de riz, selon les techniques traditionnelles, les œuvres de Zhifang Tang dépassent la simple dimension textuelle de l’écriture. Elles invitent à une expérience sensible où le regard se confronte à une langue parfois inconnue, qui devient espace de projection et d’interprétation.  
Dans ce lieu associatif, la présence de ces œuvres d’art acquiert une dimension particulière. Ils rappellent que toute langue est aussi une expérience du seuil : un espace où l’on hésite, où l’on cherche ses mots, où l’on traverse l’inconnu pour progressivement habiter une nouvelle forme d’expression.",Paris,10 rue Buisson Saint-Louis,75010,2026-05-23 08:00:00+00:00,"Evenement : Ce que la langue ne traduit pas. Lieu : 10 rue Buisson Saint-Louis, Paris. Date : 23/05/2026. Description : Le cadre spécifique de la Fédération ASIEMUT, situé dans le 10ᵉ arrondissement, confère à l’exposition une dimension singulière. Ce lieu est à la fois un espace d’apprentissage, de rencontre et de transition, où se dessinent de nouveaux parcours de vie.  
Dans ce contexte, le travail de Zhifang Tang entre en résonance avec le lieu qui l’accueille. Ses œuvres évoquent des formes de déplacement qui ne sont pas seulement géographiques, mais aussi symboliques : passages entre systèmes d’écriture, entre mémoires culturelles, entre expériences individuelles.  
La calligraphie occupe une place centrale dans la pratique de l’artiste. À travers elle, Zhifang Tang convoque une tradition millénaire tout en l’inscrivant dans un dialogue contemporain. L’écriture devient ici bien plus qu’un système de communication : elle se transforme en geste, en rythme et en image. Les caractères apparaissent comme des formes visuelles autonomes, capables de produire du sens même pour celles et ceux qui n’en maîtrisent pas la lecture. Face à ces signes, le regard oscille entre compréhension et mystère, entre reconnaissance et étrangeté.  
Réalisées à l’encre sur papier de riz, selon les techniques traditionnelles, les œuvres de Zhifang Tang dépassent la simple dimension textuelle de l’écriture. Elles invitent à une expérience sensible où le regard se confronte à une langue parfois inconnue, qui devient espace de projection et d’interprétation.  
Dans ce lieu associatif, la présence de ces œuvres d’art acquiert une dimension particulière. Ils rappellent que toute langue est aussi une expérience du seuil : un espace où l’on hésite, où l’on cherche ses mots, où l’on traverse l’inconnu pour progressivement habiter une nouvelle forme d’expression."
NOS ARTISTES ASSOCIÉ·E·S ! NESLES & PETITE GUEULE,"[](https://mothersealmusic.com)

**SOIRÉE NOS ARTISTES ASSOCIÉ·E·S !**

**NESLES &amp; PETITE GUEULE**

Les grandes vérités se disent toujours sur le pas d’une porte… C’est comme ça que l’idée de cette soirée artistes associé.e.s est née !  
Une envie de partage, d’échange, de musique et de poésie !   
On en a bien besoin non ?   
Un concert pas comme les autres.   
Un passage éphémère, inédit, à l’improviste !  
Venez nombreux, passez donc vous aussi, soyez curieux

Liens Nesles : [Linktree](https://linktr.ee/nesles) [Facebook](https://www.facebook.com/NESLES) [Instagram](https://www.instagram.com/neslesofficiel/)  
Liens Petite Gueule : [Linktree](https://linktr.ee/petitegueule) [Facebook](https://www.facebook.com/PetiteGueuleGronde) [Instagram](https://www.instagram.com/petite_gueule)

Crédit photo Nesles : Richard Dumas  
Crédit photo Petite Gueule : Clara Delaporte",Paris,124 avenue de la république 75011 paris,75011,2026-05-22 18:30:00+00:00,"Evenement : NOS ARTISTES ASSOCIÉ·E·S ! NESLES & PETITE GUEULE. Lieu : 124 avenue de la république 75011 paris, Paris. Date : 22/05/2026. Description : [](https://mothersealmusic.com)

**SOIRÉE NOS ARTISTES ASSOCIÉ·E·S !**

**NESLES &amp; PETITE GUEULE**

Les grandes vérités se disent toujours sur le pas d’une porte… C’est comme ça que l’idée de cette soirée artistes associé.e.s est née !  
Une envie de partage, d’échange, de musique et de poésie !   
On en a bien besoin non ?   
Un concert pas comme les autres.   
Un passage éphémère, inédit, à l’improviste !  
Venez nombreux, passez donc vous aussi, soyez curieux

Liens Nesles : [Linktree](https://linktr.ee/nesles) [Facebook](https://www.facebook.com/NESLES) [Instagram](https://www.instagram.com/neslesofficiel/)  
Liens Petite Gueule : [Linktree](https://linktr.ee/petitegueule) [Facebook](https://www.facebook.com/PetiteGueuleGronde) [Instagram](https://www.instagram.com/petite_gueule)

Crédit photo Nesles : Richard Dumas  
Crédit photo Petite Gueule : Clara Delaporte"
Gashka trio - Balkans klezmers et tziganes,"Gashka, c'est un trio envoûtant, à la rencontre des différentes cultures des Balkans. Et pour cause : Gashka signifie une belle bande de canailles en roumain !

Mais ce sont surtout ces magnifiques chansons tziganes, klezmer ou yiddish, un mariage heureux au cœur des racines de chacun des musiciens : Russie, Moldavie, Bulgarie, Pologne et Ukraine. Fort de cet héritage, Gashka est une invitation au voyage, à l'espérance, aux émotions, privilégiant en toutes circonstances la force de la vie par la musique.

Velizar Assenov, né dans une famille de musiciens, a baigné dès son plus jeune âge dans l'univers de la musique. Dès l'âge de cinq ans, il commence son apprentissage au violon sous la tutelle de sa maman, elle-même violoniste confirmé.

Son talent et son dévouement le conduisent à intégrer le conservatoire national de région CNR de Versailles, oui poursuit son apprentissage du violon. En 1999, il est récompensé par l'obtention d'un prix de musique soulignant ainsi son excellence et son engagement dans son art. Toujours en quête d'excellence, Velizar Assenov poursuit sa formation en se perfectionnant auprès de Maurice moulin au CNR de Rueil-Malmaison, afin d'affiner sa technique et d'exploiter de nouveaux horizons musicaux.

Au fil des années Velizar développe une profonde connaissance de la musique traditionnelle de l'Europe de l'Est, un domaine qui le passionne et qui nourrit son inspiration artistique. Cette fascination pour les riches traditions musicales de sa région d'origine se reflète dans son travail artistique, et il enchante son public à travers une série de projets artistiques variés et captivant.

Né en Moldavie, Gheorghe Ciumasu est diplômé de l’Université des Beaux-Arts de Chisinau (direction de chœur, pédagogie musicale, accordéon). Il enseigne l’éveil musical et l’accordéon et dirige l’orchestre Struguras de Valcinet (musique traditionnelle moldave). Arrivé en France en 2001, il développe son activité d’interprète et se produit sur des répertoires très variés (musiques russes, tsigane, balkanique, klezmer, musette, chanson française, séfarade, fado, tango).

À Paris, il a notamment joué dans les lieux suivants : Cité de la Musique, cabaret russe Raspoutine, le Train Bleu, la Mascotte, la Coupole, le Théâtre Essaïon, les Trois Baudets, la Bellevilloise, la Marbrerie de Montreuil, les Yachts de Paris et pour la chaîne de télévision Paris Première.

Il a accompagné les groupes et interprètes suivants : Ben Zimet, Bielka, Michèle Tauber, Nicolas Kedroff, Rona Hartner, Nedim Nalbantoglu, Ghenadie Negru, Violaine Lochu, Pletzl Bandits, Gasska.

Henry Kisiel joue de la contrebasse et de la balalaïka, il est également professionnel dans le domaine du coaching, de la psychologie et du conseil en ressources humaines. Depuis 2021, il dirige Jazz & Soul Conseil, où il accompagne ses clients dans le développement personnel et professionnel, tout en animant l'émission Yiddish Glick sur RadioJ, où il fait redécouvrir le patrimoine musical juif à travers les œuvres des grands chanteurs et musiciens yiddish.",Paris,6 rue Wurtz,75013,2026-05-22 18:30:00+00:00,"Evenement : Gashka trio - Balkans klezmers et tziganes. Lieu : 6 rue Wurtz, Paris. Date : 22/05/2026. Description : Gashka, c'est un trio envoûtant, à la rencontre des différentes cultures des Balkans. Et pour cause : Gashka signifie une belle bande de canailles en roumain !

Mais ce sont surtout ces magnifiques chansons tziganes, klezmer ou yiddish, un mariage heureux au cœur des racines de chacun des musiciens : Russie, Moldavie, Bulgarie, Pologne et Ukraine. Fort de cet héritage, Gashka est une invitation au voyage, à l'espérance, aux émotions, privilégiant en toutes circonstances la force de la vie par la musique.

Velizar Assenov, né dans une famille de musiciens, a baigné dès son plus jeune âge dans l'univers de la musique. Dès l'âge de cinq ans, il commence son apprentissage au violon sous la tutelle de sa maman, elle-même violoniste confirmé.

Son talent et son dévouement le conduisent à intégrer le conservatoire national de région CNR de Versailles, oui poursuit son apprentissage du violon. En 1999, il est récompensé par l'obtention d'un prix de musique soulignant ainsi son excellence et son engagement dans son art. Toujours en quête d'excellence, Velizar Assenov poursuit sa formation en se perfectionnant auprès de Maurice moulin au CNR de Rueil-Malmaison, afin d'affiner sa technique et d'exploiter de nouveaux horizons musicaux.

Au fil des années Velizar développe une profonde connaissance de la musique traditionnelle de l'Europe de l'Est, un domaine qui le passionne et qui nourrit son inspiration artistique. Cette fascination pour les riches traditions musicales de sa région d'origine se reflète dans son travail artistique, et il enchante son public à travers une série de projets artistiques variés et captivant.

Né en Moldavie, Gheorghe Ciumasu est diplômé de l’Université des Beaux-Arts de Chisinau (direction de chœur, pédagogie musicale, accordéon). Il enseigne l’éveil musical et l’accordéon et dirige l’orchestre Struguras de Valcinet (musique traditionnelle moldave). Arrivé en France en 2001, il développe son activité d’interprète et se produit sur des répertoires très variés (musiques russes, tsigane, balkanique, klezmer, musette, chanson française, séfarade, fado, tango).

À Paris, il a notamment joué dans les lieux suivants : Cité de la Musique, cabaret russe Raspoutine, le Train Bleu, la Mascotte, la Coupole, le Théâtre Essaïon, les Trois Baudets, la Bellevilloise, la Marbrerie de Montreuil, les Yachts de Paris et pour la chaîne de télévision Paris Première.

Il a accompagné les groupes et interprètes suivants : Ben Zimet, Bielka, Michèle Tauber, Nicolas Kedroff, Rona Hartner, Nedim Nalbantoglu, Ghenadie Negru, Violaine Lochu, Pletzl Bandits, Gasska.

Henry Kisiel joue de la contrebasse et de la balalaïka, il est également professionnel dans le domaine du coaching, de la psychologie et du conseil en ressources humaines. Depuis 2021, il dirige Jazz & Soul Conseil, où il accompagne ses clients dans le développement personnel et professionnel, tout en animant l'émission Yiddish Glick sur RadioJ, où il fait redécouvrir le patrimoine musical juif à travers les œuvres des grands chanteurs et musiciens yiddish."
JEUDI CHANSON,"Tous les jeudis d’octobre à juin (en dehors des vacances scolaires), une scène ouverte est organisée en entrée libre, pour découvrir de nouveaux artistes et pour présenter le travail des stagiaires de la Manufacture Chanson. Ce sont les Jeudis-Chanson.

Jeudi 21 mai 2026 : Scène ouverte

**POUR RETROUVER LE PROGRAMME COMPLET, CLIQUEZ : [ICI](https://www.manufacturechanson.org/autres-activites/scenes-ouvertes-jeudis-chanson/)**",Paris,124 avenue de la république 75011 paris,75011,2026-05-21 18:30:00+00:00,"Evenement : JEUDI CHANSON. Lieu : 124 avenue de la république 75011 paris, Paris. Date : 21/05/2026. Description : Tous les jeudis d’octobre à juin (en dehors des vacances scolaires), une scène ouverte est organisée en entrée libre, pour découvrir de nouveaux artistes et pour présenter le travail des stagiaires de la Manufacture Chanson. Ce sont les Jeudis-Chanson.

Jeudi 21 mai 2026 : Scène ouverte

**POUR RETROUVER LE PROGRAMME COMPLET, CLIQUEZ : [ICI](https://www.manufacturechanson.org/autres-activites/scenes-ouvertes-jeudis-chanson/)**"
Interdit aux chiens et aux italiens de Alain Ughetto (2022-1h10),"Début du XXe siècle, dans le nord de l’Italie, à Ughettera, berceau de la famille Ughetto.  
La vie dans cette région étant devenue très difficile, les Ughetto rêvent de tout recommencer à l’étranger.  
Selon la légende, Luigi Ughetto traverse alors les Alpes et entame une nouvelle vie en France, changeant à jamais le destin de sa famille tant aimée.  
Son petit-fils retrace ici leur histoire.",Paris,"24 Place Denfert-Rochereau, 75014 Paris",75014,2026-05-21 16:00:00+00:00,"Evenement : Interdit aux chiens et aux italiens de Alain Ughetto (2022-1h10). Lieu : 24 Place Denfert-Rochereau, 75014 Paris, Paris. Date : 21/05/2026. Description : Début du XXe siècle, dans le nord de l’Italie, à Ughettera, berceau de la famille Ughetto.  
La vie dans cette région étant devenue très difficile, les Ughetto rêvent de tout recommencer à l’étranger.  
Selon la légende, Luigi Ughetto traverse alors les Alpes et entame une nouvelle vie en France, changeant à jamais le destin de sa famille tant aimée.  
Son petit-fils retrace ici leur histoire."
Science café : La science sans frontière,"A l'occasion de cette journée très spéciale nous vous invitons au Centre tchèque pour un format novateur, le **Science café**, **qui marquera le lancement d'une nouvelle série de podcasts de la Radio Prague International, intitulée « La science sans frontières » (Science without borders)**, cette fois-ci en version française avec des scientifiques basés en France. Ce podcast est le fruit d'une coproduction de la Radio tchèque, du Centre tchèque à Paris et de Czexpats in Science.  
Pour cette première édition, **Kateřina Jeřábková-Roda**, biologiste en cancérologie, nous fait l’honneur de sa présence lors de cette discussion animée par **Xavier Amedeo Pallas, journaliste à Radio Prague International.**  
La Journée internationale des femmes et des filles de science, célébrée le 11 février, vise à rappeler le rôle essentiel des femmes dans les sciences, les technologies, l'ingénierie et les mathématiques (STEM – Science, Technology, Engineering, Mathematics). Proclamée par l'Assemblée générale des Nations unies en 2015, son but est de promouvoir l'égalité des sexes dans le cadre des objectifs de Développement durable.",Paris,"18 Rue Bonaparte, 75006 Paris",75006,2026-05-21 17:00:00+00:00,"Evenement : Science café : La science sans frontière. Lieu : 18 Rue Bonaparte, 75006 Paris, Paris. Date : 21/05/2026. Description : A l'occasion de cette journée très spéciale nous vous invitons au Centre tchèque pour un format novateur, le **Science café**, **qui marquera le lancement d'une nouvelle série de podcasts de la Radio Prague International, intitulée « La science sans frontières » (Science without borders)**, cette fois-ci en version française avec des scientifiques basés en France. Ce podcast est le fruit d'une coproduction de la Radio tchèque, du Centre tchèque à Paris et de Czexpats in Science.  
Pour cette première édition, **Kateřina Jeřábková-Roda**, biologiste en cancérologie, nous fait l’honneur de sa présence lors de cette discussion animée par **Xavier Amedeo Pallas, journaliste à Radio Prague International.**  
La Journée internationale des femmes et des filles de science, célébrée le 11 février, vise à rappeler le rôle essentiel des femmes dans les sciences, les technologies, l'ingénierie et les mathématiques (STEM – Science, Technology, Engineering, Mathematics). Proclamée par l'Assemblée générale des Nations unies en 2015, son but est de promouvoir l'égalité des sexes dans le cadre des objectifs de Développement durable."
Visite libre de la Fondation Louis-Vuitton,"Laissez-vous séduire par la beauté des galeries, la vue panoramique sur les parcs environnants et l’harmonie entre art, architecture et nature.

La sortie se poursuivra par une promenade au Jardin d’Acclimatation, symbole du Paris moderne de Napoléon. C’est le seul parc d’attractions et de loisirs de la capitale.  
  
**À partir de 60 ans.**

Ouverture des inscriptions : **13 avril 2026** - Inscription individuelle

Vous munir d’un chèque - Le coût de la participation sera communiqué prochai-nement sur le site internet de la ville ou affiché à la résidence des Chênes Verts.  
  
**Limité à 56 personnes.**",Paris,"8 Avenue du Mahatma Gandhi, 75116 Paris",75116,2026-05-21 07:30:00+00:00,"Evenement : Visite libre de la Fondation Louis-Vuitton. Lieu : 8 Avenue du Mahatma Gandhi, 75116 Paris, Paris. Date : 21/05/2026. Description : Laissez-vous séduire par la beauté des galeries, la vue panoramique sur les parcs environnants et l’harmonie entre art, architecture et nature.

La sortie se poursuivra par une promenade au Jardin d’Acclimatation, symbole du Paris moderne de Napoléon. C’est le seul parc d’attractions et de loisirs de la capitale.  
  
**À partir de 60 ans.**

Ouverture des inscriptions : **13 avril 2026** - Inscription individuelle

Vous munir d’un chèque - Le coût de la participation sera communiqué prochai-nement sur le site internet de la ville ou affiché à la résidence des Chênes Verts.  
  
**Limité à 56 personnes.**"
HANTISE,Deux séances en compagnie des membres du Cinéquinze !,Paris,"6 Rue Péclet, Paris",75015,2026-05-20 22:00:00+00:00,"Evenement : HANTISE. Lieu : 6 Rue Péclet, Paris, Paris. Date : 20/05/2026. Description : Deux séances en compagnie des membres du Cinéquinze !"
"ELODIE MILO ""ANATOMIQ""","« ANATOMIQ » c’est la reconquête d’un corps morceau par morceau.

Soigner ses plaies, redéfinir ses contours, honorer sa puissance, célébrer sa beauté… voilà le programme.

« ANATOMIQ » c’est un flow qui prend les beats à bras le corps: Trap pré-menstruelle, reggaeton d’adrénaline, boom-bap de boobs à bloc, électro-booty-shake…

« ANATOMIQ » c’est la danse des atomes d’un body insoumis.

[YouTube](https://www.youtube.com/@elodiemilo) [Instagram](https://www.instagram.com/elodie.milo/) [Facebook](https://www.facebook.com/elodiemilo)

Crédit photo : Jean-Claude Kagan",Paris,124 avenue de la république 75011 paris,75011,2026-05-20 18:30:00+00:00,"Evenement : ELODIE MILO ""ANATOMIQ"". Lieu : 124 avenue de la république 75011 paris, Paris. Date : 20/05/2026. Description : « ANATOMIQ » c’est la reconquête d’un corps morceau par morceau.

Soigner ses plaies, redéfinir ses contours, honorer sa puissance, célébrer sa beauté… voilà le programme.

« ANATOMIQ » c’est un flow qui prend les beats à bras le corps: Trap pré-menstruelle, reggaeton d’adrénaline, boom-bap de boobs à bloc, électro-booty-shake…

« ANATOMIQ » c’est la danse des atomes d’un body insoumis.

[YouTube](https://www.youtube.com/@elodiemilo) [Instagram](https://www.instagram.com/elodie.milo/) [Facebook](https://www.facebook.com/elodiemilo)

Crédit photo : Jean-Claude Kagan"
"OI PaLabRe · Séminaire du 20 mai 2026 · Faire, défaire, refaire : les politiques du patrimoine","La notion de réparation prend de nos jours des formes multiples et soulève des enjeux profonds. Appliquée au patrimoine culturel, elle se décline en registres variés : qu’il s’agisse de la réparation de la matérialité ou des symboles du patrimoine, de la réparation des relations entre les acteurs patrimoniaux ou, plus largement, de la relecture et de la réélaboration de l’histoire, elle constitue un objet de débat majeur. En effet, il s’agit d’une notion en lien direct avec les problématiques de mémoire, de justice et de transmission.  
Issue du latin reparare qui signifie « remettre en état, rétablir » ou « préparer de nouveau », la notion de réparation implique à première vue un retour au statu quo ante. Dans le contexte patrimonial cependant, la notion se charge d’une complexité particulière. Du fait de la préciosité de l’élément culturel endommagé ou disparu, en termes de matérialité, de symboles, de valeurs et de traditions, ce retour au statu quo ante semble parfois impossible.  
En réalité, il apparaît que réparer un élément culturel ne signifie jamais un simple retour à l’identique mais implique, au contraire, une projection vers l’avenir. Dès lors, il semblerait que cette réparation ne puisse se réaliser sans son corollaire, soit une volonté censée la précéder et la gouverner : la volonté de réconciliation. Cette séance, comme son intitulé l’indique, abordera les liens intrinsèques et inévitables qui semblent unir les notions de « réparation » et de « réconciliation ».  
Réparer pour réconcilier est un défi qui fait appel à de multiples disciplines, allant des sciences naturelles aux sciences humaines et sociales en passant par les sciences de l’ingénieur et de l’informatique ou encore la muséologie. Réparer un patrimoine peut en effet signifier restaurer sa matérialité, conserver son intégrité, retrouver son authenticité. Ainsi, dans les sciences fondamentales, de la conservation et de la restauration, la réparation renvoie d’abord à une opération matérielle. Qu’il s’agisse d’un objet meuble ou immeuble, réparer consiste à intervenir sur la matière pour prolonger l’existence et / ou la durée de vie dudit objet.  
Toutefois, la réparation matérielle implique aussi une réflexion éthique et épistémologique : faut-il reconstruire à l’identique ? Préserver les traces de la destruction ? Restaurer selon un état originel supposé ? Ces questionnements font ensuite appel aux sciences humaines et sociales et soulignent la relation d’interdépendance entre l’ensemble des sciences du patrimoine. Au-delà de la matérialité, réparer un patrimoine peut dès lors signifier, dans un sens plus symbolique, la réparation des relations tissées autour de ce patrimoine, la réparation des histoires et identités culturelles traumatisées, la réparation des mémoires atteintes. Dans ce contexte, la réparation apparaît comme un acte de politique patrimoniale ; il s’agit de décider ce qu’il convient de restaurer et dans quel état. La réparation dépasse la matérialité pour s’inscrire dans des dynamiques de justice historique, de mémoire et de reconnaissance. En un mot, la réparation s’inscrit dans une logique de réconciliation.  
Toutes ces compréhensions de la notion nous invitent à délaisser sa forme singulière pour parler des réparations au pluriel. C’est dans cette optique que les réparations seront abordées lors de cette deuxième séance du séminaire 2025/2027 de l’OI Palabre, lui-même intitulé « Faire, défaire, refaire : les politiques du patrimoine ». Titrée « Réparer pour réconcilier. La réparation au sein des politiques patrimoniales », elle s'ancre directement dans l’axe « Refaire » du séminaire, ces trois axes étant toutefois profondément interdépendants. Cette séance sera l’occasion d’entendre des intervenantes et intervenants issus de disciplines variées (droit, histoire, anthropologie, sciences de la conservation, muséologie, etc.) qui proposeront des regards croisés sur une notion à la fois technique, politique et normative. Leur diversité disciplinaire reflète l’ambition du séminaire : faire de la réparation un objet transversal, au croisement des savoirs, afin de penser les politiques du patrimoine comme des espaces de transformation, et parfois de réconciliation.",Paris,"9 rue Malher, 75004 Paris",75004,2026-05-20 07:00:00+00:00,"Evenement : OI PaLabRe · Séminaire du 20 mai 2026 · Faire, défaire, refaire : les politiques du patrimoine. Lieu : 9 rue Malher, 75004 Paris, Paris. Date : 20/05/2026. Description : La notion de réparation prend de nos jours des formes multiples et soulève des enjeux profonds. Appliquée au patrimoine culturel, elle se décline en registres variés : qu’il s’agisse de la réparation de la matérialité ou des symboles du patrimoine, de la réparation des relations entre les acteurs patrimoniaux ou, plus largement, de la relecture et de la réélaboration de l’histoire, elle constitue un objet de débat majeur. En effet, il s’agit d’une notion en lien direct avec les problématiques de mémoire, de justice et de transmission.  
Issue du latin reparare qui signifie « remettre en état, rétablir » ou « préparer de nouveau », la notion de réparation implique à première vue un retour au statu quo ante. Dans le contexte patrimonial cependant, la notion se charge d’une complexité particulière. Du fait de la préciosité de l’élément culturel endommagé ou disparu, en termes de matérialité, de symboles, de valeurs et de traditions, ce retour au statu quo ante semble parfois impossible.  
En réalité, il apparaît que réparer un élément culturel ne signifie jamais un simple retour à l’identique mais implique, au contraire, une projection vers l’avenir. Dès lors, il semblerait que cette réparation ne puisse se réaliser sans son corollaire, soit une volonté censée la précéder et la gouverner : la volonté de réconciliation. Cette séance, comme son intitulé l’indique, abordera les liens intrinsèques et inévitables qui semblent unir les notions de « réparation » et de « réconciliation ».  
Réparer pour réconcilier est un défi qui fait appel à de multiples disciplines, allant des sciences naturelles aux sciences humaines et sociales en passant par les sciences de l’ingénieur et de l’informatique ou encore la muséologie. Réparer un patrimoine peut en effet signifier restaurer sa matérialité, conserver son intégrité, retrouver son authenticité. Ainsi, dans les sciences fondamentales, de la conservation et de la restauration, la réparation renvoie d’abord à une opération matérielle. Qu’il s’agisse d’un objet meuble ou immeuble, réparer consiste à intervenir sur la matière pour prolonger l’existence et / ou la durée de vie dudit objet.  
Toutefois, la réparation matérielle implique aussi une réflexion éthique et épistémologique : faut-il reconstruire à l’identique ? Préserver les traces de la destruction ? Restaurer selon un état originel supposé ? Ces questionnements font ensuite appel aux sciences humaines et sociales et soulignent la relation d’interdépendance entre l’ensemble des sciences du patrimoine. Au-delà de la matérialité, réparer un patrimoine peut dès lors signifier, dans un sens plus symbolique, la réparation des relations tissées autour de ce patrimoine, la réparation des histoires et identités culturelles traumatisées, la réparation des mémoires atteintes. Dans ce contexte, la réparation apparaît comme un acte de politique patrimoniale ; il s’agit de décider ce qu’il convient de restaurer et dans quel état. La réparation dépasse la matérialité pour s’inscrire dans des dynamiques de justice historique, de mémoire et de reconnaissance. En un mot, la réparation s’inscrit dans une logique de réconciliation.  
Toutes ces compréhensions de la notion nous invitent à délaisser sa forme singulière pour parler des réparations au pluriel. C’est dans cette optique que les réparations seront abordées lors de cette deuxième séance du séminaire 2025/2027 de l’OI Palabre, lui-même intitulé « Faire, défaire, refaire : les politiques du patrimoine ». Titrée « Réparer pour réconcilier. La réparation au sein des politiques patrimoniales », elle s'ancre directement dans l’axe « Refaire » du séminaire, ces trois axes étant toutefois profondément interdépendants. Cette séance sera l’occasion d’entendre des intervenantes et intervenants issus de disciplines variées (droit, histoire, anthropologie, sciences de la conservation, muséologie, etc.) qui proposeront des regards croisés sur une notion à la fois technique, politique et normative. Leur diversité disciplinaire reflète l’ambition du séminaire : faire de la réparation un objet transversal, au croisement des savoirs, afin de penser les politiques du patrimoine comme des espaces de transformation, et parfois de réconciliation."
RENCONTRE PROFESSIONNELLE : AZZEDINE DJELIL,"**L'invité : Azzedine Djelil / Fondateur &amp; Producteur - Backdoor Records**

Azzedine Djelil débute son parcours dans la musique à l’âge de 15 ans, lorsqu’il rencontre Fred Chichin, cofondateur du groupe Les Rita Mitsouko. Le musicien et producteur l’accompagne étroitement et lui transmet une culture approfondie du studio, de la production et de la création musicale. Cette période fondatrice permet à Azzedine Djelil de collaborer avec des artistes tels qu’Oxmo Puccino, Ute Lemper ou Maria De Medeiros, et de participer à la réalisation de l’album Variety des Rita Mitsouko, paru en 2007.

Après la disparition de Fred Chichin, Azzedine Djelil poursuit son développement professionnel. Il collabore avec des producteurs tels que Mark Plati, Dimitri Tikovoï et Chris Shaw, et se forme auprès d’ingénieurs du son parmi lesquels Tony Maserati et Eddie Kramer.

En 2011, il enregistre Ring n’ Roll, le premier album solo de Catherine Ringer, avant de produire Minuit. Dans la continuité, Azzedine Djelil fonde Backdoor Records, conçue comme une structure de management artistique, qui évolue vers un modèle de label et de studio d’enregistrement.

En 2019, Backdoor Records signe Lulu Van Trapp. Azzedine Djelil conclut un accord de distribution avec Because Music et s’associe à Strictly Confidential pour accompagner le duo Bandit Bandit. Parallèlement, Backdoor Records accompagne des artistes confirmés et poursuit le développement de nouveaux talents.

**La rencontre démarre à 19h30, le public sur place doit se présenter au plus tard à 19h15.**",Paris,124 avenue de la république 75011 paris,75011,2026-05-19 17:30:00+00:00,"Evenement : RENCONTRE PROFESSIONNELLE : AZZEDINE DJELIL. Lieu : 124 avenue de la république 75011 paris, Paris. Date : 19/05/2026. Description : **L'invité : Azzedine Djelil / Fondateur &amp; Producteur - Backdoor Records**

Azzedine Djelil débute son parcours dans la musique à l’âge de 15 ans, lorsqu’il rencontre Fred Chichin, cofondateur du groupe Les Rita Mitsouko. Le musicien et producteur l’accompagne étroitement et lui transmet une culture approfondie du studio, de la production et de la création musicale. Cette période fondatrice permet à Azzedine Djelil de collaborer avec des artistes tels qu’Oxmo Puccino, Ute Lemper ou Maria De Medeiros, et de participer à la réalisation de l’album Variety des Rita Mitsouko, paru en 2007.

Après la disparition de Fred Chichin, Azzedine Djelil poursuit son développement professionnel. Il collabore avec des producteurs tels que Mark Plati, Dimitri Tikovoï et Chris Shaw, et se forme auprès d’ingénieurs du son parmi lesquels Tony Maserati et Eddie Kramer.

En 2011, il enregistre Ring n’ Roll, le premier album solo de Catherine Ringer, avant de produire Minuit. Dans la continuité, Azzedine Djelil fonde Backdoor Records, conçue comme une structure de management artistique, qui évolue vers un modèle de label et de studio d’enregistrement.

En 2019, Backdoor Records signe Lulu Van Trapp. Azzedine Djelil conclut un accord de distribution avec Because Music et s’associe à Strictly Confidential pour accompagner le duo Bandit Bandit. Parallèlement, Backdoor Records accompagne des artistes confirmés et poursuit le développement de nouveaux talents.

**La rencontre démarre à 19h30, le public sur place doit se présenter au plus tard à 19h15.**"
La poison de Sacha Guitry (1951),"Paul Braconnier, marié depuis des années à une femme acariâtre et alcoolique, décide de la supprimer. Il se rend chez un avocat qui en est à son centième acquittement et grâce à son savoir, apprend comment tuer sa femme de manière non préméditée. Au procès, il est acquitté et son retour au village est un triomphe.",Paris,"24 Place Denfert-Rochereau, 75014 Paris",75014,2026-05-19 18:30:00+00:00,"Evenement : La poison de Sacha Guitry (1951). Lieu : 24 Place Denfert-Rochereau, 75014 Paris, Paris. Date : 19/05/2026. Description : Paul Braconnier, marié depuis des années à une femme acariâtre et alcoolique, décide de la supprimer. Il se rend chez un avocat qui en est à son centième acquittement et grâce à son savoir, apprend comment tuer sa femme de manière non préméditée. Au procès, il est acquitté et son retour au village est un triomphe."
Conférence signature de Anne Berest pour son livre Finistère,"Anne Berest présentera son livre et répondra aux questions du public.  
Le thème en est la mémoire familialle du coté de ses parents bretons, succèdant ainsi à son autre ouvrage Carte postale s'adressant à l'autre branche de sa famille.",Paris,33 rue Péclet 75015,75015,2026-05-19 17:00:00+00:00,"Evenement : Conférence signature de Anne Berest pour son livre Finistère. Lieu : 33 rue Péclet 75015, Paris. Date : 19/05/2026. Description : Anne Berest présentera son livre et répondra aux questions du public.  
Le thème en est la mémoire familialle du coté de ses parents bretons, succèdant ainsi à son autre ouvrage Carte postale s'adressant à l'autre branche de sa famille."
LA PURGE | ORLANDO ARRIAGADA,"Entre 1950 et 1996, des employés des Forces armées canadiennes, de la GRC (Gendarmerie royale du Canada) et de la fonction publique fédérale ont été intimidés, traqués et limogés à cause de leur orientation sexuelle dans le cadre d’une purge systémique du gouvernement canadien. La communauté LGBT a été victime de persécution policière et de discrimination. La campagne visant à repérer et à se débarrasser des fonctionnaires LGBT en raison de leur identité sexuelle ou de leur expression de genre a détruit la vie de milliers d’entre eux. Trois de ces victimes ont accepté de raconter leur histoire.

Le documentaire La purge du cinéaste québécois Orlando Arriagada nous plonge dans ce sombre chapitre de l’histoire canadienne et donne la parole à ces courageux combattants s’étant révoltés pour mener un combat judiciaire ayant abouti aux excuses officielles du gouvernement du Canada en 2017.

Cet événement s’inscrit en marge de la journée internationale contre l’homophobie, la biphobie et la transphobie (IDAHOBIT), ) le 17 mai 2026.",Paris,"130, rue du Faubourg Saint-Honoré 75008 Paris",75008,2026-05-18 17:00:00+00:00,"Evenement : LA PURGE | ORLANDO ARRIAGADA. Lieu : 130, rue du Faubourg Saint-Honoré 75008 Paris, Paris. Date : 18/05/2026. Description : Entre 1950 et 1996, des employés des Forces armées canadiennes, de la GRC (Gendarmerie royale du Canada) et de la fonction publique fédérale ont été intimidés, traqués et limogés à cause de leur orientation sexuelle dans le cadre d’une purge systémique du gouvernement canadien. La communauté LGBT a été victime de persécution policière et de discrimination. La campagne visant à repérer et à se débarrasser des fonctionnaires LGBT en raison de leur identité sexuelle ou de leur expression de genre a détruit la vie de milliers d’entre eux. Trois de ces victimes ont accepté de raconter leur histoire.

Le documentaire La purge du cinéaste québécois Orlando Arriagada nous plonge dans ce sombre chapitre de l’histoire canadienne et donne la parole à ces courageux combattants s’étant révoltés pour mener un combat judiciaire ayant abouti aux excuses officielles du gouvernement du Canada en 2017.

Cet événement s’inscrit en marge de la journée internationale contre l’homophobie, la biphobie et la transphobie (IDAHOBIT), ) le 17 mai 2026."
DIBBOUK,"Chorégraphie et interprétation **Philippe Lebhar**

Ce projet est né d’un bouleversement intime : la mort de mon père, le 12 juillet 2022.  
Il s’est noyé en Israël, un pays qui n’était pas tout à fait le sien, mais dans lequel il se sentait profondément chez lui. Ce drame, survenu pendant ce qui devait être des vacances, a marqué un tournant radical dans ma vie. Une rupture. Une transformation intérieure irréversible. Dans le sillage de ce choc, une question centrale a émergé : celle de mon identité. Mon héritage culturel. Ma judéité. Des dimensions que j’avais parfois mises à distance ou laissées en suspens, et qui aujourd’hui résonnent autrement, avec urgence et nécessité.  
  
Dibbouk est donc une réponse artistique à cette secousse. Un solo comme un espace de fouille, de réappropriation, de création. Je cherche à y tisser une parole physique, nourrie de traditions, de fragments personnels, de fantaisies et de croyances. C’est une pièce qui croise le sensible et le spirituel, la mémoire et le mouvement, le deuil et le désir de transformation. Un corps seul en scène, mais traversé par des présences multiples – les voix du passé, celles qu’on hérite, celles qu’on invente.",Bagnolet,20 rue Marie-Anne Colombier 93170 Bagnolet,75020,2026-05-18 17:30:00+00:00,"Evenement : DIBBOUK. Lieu : 20 rue Marie-Anne Colombier 93170 Bagnolet, Bagnolet. Date : 18/05/2026. Description : Chorégraphie et interprétation **Philippe Lebhar**

Ce projet est né d’un bouleversement intime : la mort de mon père, le 12 juillet 2022.  
Il s’est noyé en Israël, un pays qui n’était pas tout à fait le sien, mais dans lequel il se sentait profondément chez lui. Ce drame, survenu pendant ce qui devait être des vacances, a marqué un tournant radical dans ma vie. Une rupture. Une transformation intérieure irréversible. Dans le sillage de ce choc, une question centrale a émergé : celle de mon identité. Mon héritage culturel. Ma judéité. Des dimensions que j’avais parfois mises à distance ou laissées en suspens, et qui aujourd’hui résonnent autrement, avec urgence et nécessité.  
  
Dibbouk est donc une réponse artistique à cette secousse. Un solo comme un espace de fouille, de réappropriation, de création. Je cherche à y tisser une parole physique, nourrie de traditions, de fragments personnels, de fantaisies et de croyances. C’est une pièce qui croise le sensible et le spirituel, la mémoire et le mouvement, le deuil et le désir de transformation. Un corps seul en scène, mais traversé par des présences multiples – les voix du passé, celles qu’on hérite, celles qu’on invente."
Ouverture exceptionnelle et visites guidées - Exposition Contraste et indifférence,"Pour la dernière journée de l’exposition Contraste et indifférence, le Centre culturel canadien ouvre exceptionnellement ses portes le samedi 16 mai de 14h à 20h, comme toujours en entrée libre, et propose trois visites guidées (14h - 16h - 18h) de l’exposition par la commissaire Catherine Bédard sur réservation.

Une exposition en deux volets, co-produite par le Centre culturel canadien et la Fondation Grantham pour l’art et l’environnement.

Les artistes réunies dans l’exposition Contraste et indifférence parcourent le monde et se confrontent, en permanence, à des contextes étrangers dans lesquels elles s’autorisent à entrer, avec douceur et attention, pour témoigner ce qui s’y passe. Le déplacement est essentiel à leur démarche, tout comme une forme de solitude propice à l’observation et aux rencontres.

Guidées par une conscience critique et une sensibilité à l’autre, elles dévoilent quelques disproportions vertigineuses qui affectent l’humanité ici et là sur notre planète. À l’écart du spectaculaire, en reliant sans cesse les enjeux de surface et les profondeurs, elles racontent les tensions du monde contemporain.

Commissaire : Catherine Bédard

Le premier volet de cette exposition a été présenté à la Fondation Grantham pour l’art et l’environnement, à Saint-Edmond-de-Grantham, au Québec, du 13 septembre au 23 novembre 2025.",Paris,"130, rue du Faubourg Saint-Honoré 75008 Paris",75008,2026-05-16 12:00:00+00:00,"Evenement : Ouverture exceptionnelle et visites guidées - Exposition Contraste et indifférence. Lieu : 130, rue du Faubourg Saint-Honoré 75008 Paris, Paris. Date : 16/05/2026. Description : Pour la dernière journée de l’exposition Contraste et indifférence, le Centre culturel canadien ouvre exceptionnellement ses portes le samedi 16 mai de 14h à 20h, comme toujours en entrée libre, et propose trois visites guidées (14h - 16h - 18h) de l’exposition par la commissaire Catherine Bédard sur réservation.

Une exposition en deux volets, co-produite par le Centre culturel canadien et la Fondation Grantham pour l’art et l’environnement.

Les artistes réunies dans l’exposition Contraste et indifférence parcourent le monde et se confrontent, en permanence, à des contextes étrangers dans lesquels elles s’autorisent à entrer, avec douceur et attention, pour témoigner ce qui s’y passe. Le déplacement est essentiel à leur démarche, tout comme une forme de solitude propice à l’observation et aux rencontres.

Guidées par une conscience critique et une sensibilité à l’autre, elles dévoilent quelques disproportions vertigineuses qui affectent l’humanité ici et là sur notre planète. À l’écart du spectaculaire, en reliant sans cesse les enjeux de surface et les profondeurs, elles racontent les tensions du monde contemporain.

Commissaire : Catherine Bédard

Le premier volet de cette exposition a été présenté à la Fondation Grantham pour l’art et l’environnement, à Saint-Edmond-de-Grantham, au Québec, du 13 septembre au 23 novembre 2025."
Jean-Luc Verna : SOLOSHOW,"Du 26 mars au 16 mai 2026, la galerie Ceysson & Bénétière présente pour la première fois dans son espace parisien, une exposition monographique consacrée à Jean-Luc Verna. Avec _SOLOSHOW_, l’artiste pluridisciplinaire déploie un ensemble d’œuvres récentes, révélatrices de son univers singulier. Cette présentation inédite offre l’occasion d’appréhender la richesse et la complexité d’une pratique qui engage pleinement l’espace et les codes de la représentation.",Paris,23 rue du Renard 75004 Paris,75004,2026-05-16 09:00:00+00:00,"Evenement : Jean-Luc Verna : SOLOSHOW. Lieu : 23 rue du Renard 75004 Paris, Paris. Date : 16/05/2026. Description : Du 26 mars au 16 mai 2026, la galerie Ceysson & Bénétière présente pour la première fois dans son espace parisien, une exposition monographique consacrée à Jean-Luc Verna. Avec _SOLOSHOW_, l’artiste pluridisciplinaire déploie un ensemble d’œuvres récentes, révélatrices de son univers singulier. Cette présentation inédite offre l’occasion d’appréhender la richesse et la complexité d’une pratique qui engage pleinement l’espace et les codes de la représentation."
"Exposition ""Contraste et indifférence""
Larissa Fassler, Cécile Hartmann, Isabelle Hayeur, Capucine Vever","**Vernissage le mercredi 11 février 2026 à partir de 18h00 jusqu’à 21h (Dernière entrée 20h30. Entrée libre)**  
Les artistes réunies dans l’exposition Contraste et indifférence parcourent le monde, pour se confronter, en permanence, à des contextes étrangers dans lesquels elles s’autorisent à entrer, avec douceur et attention, pour témoigner ce qui s’y passe. Le déplacement est essentiel à leur démarche, tout comme une forme de solitude propice à l’observation et aux rencontres.  
Guidées par une conscience critique et une sensibilité à l’autre, elles dévoilent quelques disproportions vertigineuses qui affectent l’humanité ici et là sur notre planète. À l’écart du spectaculaire, en reliant sans cesse les enjeux de surface et les profondeurs, elles racontent les tensions du monde contemporain.  
**Commissaire** : Catherine Bédard

**Nocturnes et ouvertures exceptionnelles :**  
\- Jeudi 19 mars : ouverture jusqu’à 21h00  
\- Mardi 31 mars : ouverture jusqu’à 21h00 (avec [visite guidée sur inscription](https://canada-culture.org/event/visite-guidee/) à 18h00)  
\- Mardi 7 avril : ouverture jusqu’à 21h00 (avec [visite guidée sur inscription](https://canada-culture.org/event/visite-guidee-2/) à 18h00)  
\- Jeudi 14 mai : ouverture jusqu’à 21h00 (avec [visite guidée sur inscription](https://canada-culture.org/event/visite-guidee-3/) à 18h00)  
\- Samedi 16 mai : Nuit européenne des musées – ouverture exceptionnelle jusqu’à 23h00 (visites guidées sur inscription à [18h00](https://canada-culture.org/event/visite-guidee-4/) – [20h00](https://canada-culture.org/event/visite-guidee-5/) – [21h30](https://canada-culture.org/event/visite-guidee-6/))  
_Le premier volet de cette exposition a été présenté à la Fondation Grantham pour l’art et l’environnement, à Saint-Edmond-de-Grantham, au Québec, du 13 septembre au 23 novembre 2025._",Paris,"130, rue du Faubourg Saint-Honoré 75008 Paris",75008,2026-05-15 08:00:00+00:00,"Evenement : Exposition ""Contraste et indifférence""
Larissa Fassler, Cécile Hartmann, Isabelle Hayeur, Capucine Vever. Lieu : 130, rue du Faubourg Saint-Honoré 75008 Paris, Paris. Date : 15/05/2026. Description : **Vernissage le mercredi 11 février 2026 à partir de 18h00 jusqu’à 21h (Dernière entrée 20h30. Entrée libre)**  
Les artistes réunies dans l’exposition Contraste et indifférence parcourent le monde, pour se confronter, en permanence, à des contextes étrangers dans lesquels elles s’autorisent à entrer, avec douceur et attention, pour témoigner ce qui s’y passe. Le déplacement est essentiel à leur démarche, tout comme une forme de solitude propice à l’observation et aux rencontres.  
Guidées par une conscience critique et une sensibilité à l’autre, elles dévoilent quelques disproportions vertigineuses qui affectent l’humanité ici et là sur notre planète. À l’écart du spectaculaire, en reliant sans cesse les enjeux de surface et les profondeurs, elles racontent les tensions du monde contemporain.  
**Commissaire** : Catherine Bédard

**Nocturnes et ouvertures exceptionnelles :**  
\- Jeudi 19 mars : ouverture jusqu’à 21h00  
\- Mardi 31 mars : ouverture jusqu’à 21h00 (avec [visite guidée sur inscription](https://canada-culture.org/event/visite-guidee/) à 18h00)  
\- Mardi 7 avril : ouverture jusqu’à 21h00 (avec [visite guidée sur inscription](https://canada-culture.org/event/visite-guidee-2/) à 18h00)  
\- Jeudi 14 mai : ouverture jusqu’à 21h00 (avec [visite guidée sur inscription](https://canada-culture.org/event/visite-guidee-3/) à 18h00)  
\- Samedi 16 mai : Nuit européenne des musées – ouverture exceptionnelle jusqu’à 23h00 (visites guidées sur inscription à [18h00](https://canada-culture.org/event/visite-guidee-4/) – [20h00](https://canada-culture.org/event/visite-guidee-5/) – [21h30](https://canada-culture.org/event/visite-guidee-6/))  
_Le premier volet de cette exposition a été présenté à la Fondation Grantham pour l’art et l’environnement, à Saint-Edmond-de-Grantham, au Québec, du 13 septembre au 23 novembre 2025._"
"Récital, Laurent Deleuil et Pierre-André Doucet","Plongez au cœur d’un patrimoine musical méconnu avec _Notre passé composé_, un récital consacré aux mélodies canadiennes françaises du tournant du XXᵉ siècle. Le baryton Laurent Deleuil et le pianiste Pierre-André Doucet redonnent vie à des œuvres oubliées, exhumées des archives et signées par Lavallée, Contant, Fortier, Descarries et bien d’autres compositeurs dont l’héritage mérite d’être réentendu. À travers ces pages inspirées tant par les grands poètes français que par les voix fondatrices de la littérature québécoise, les artistes révèlent toute la richesse d’une tradition musicale longtemps demeurée dans l’ombre.

Laurent Deleuil — baryton

Le baryton franco-canadien Laurent Deleuil a fait ses débuts à l’Opéra National du Rhin, pendant son passage à l’opéra studio, avec le rôle-titre de l’opéra de Britten, Owen Wingrave. Il s’établit à Paris en 2013 pour participer à l’Académie de l’Opéra Comique, pendant laquelle il chante dans les versions pour enfants des opéras Lakmé de Delibes et Ali Baba de Lecoq (rôles: Frédérik et Ali baba), ainsi que des récitals de mélodies françaises. Laurent Deleuil est titulaire d’un master en opéra du Conservatoire d’Amsterdam, qu’il a complété après un premier master en piano à l’Université de Montréal. Il est lauréat de plusieurs concours nationaux et internationaux, et a été nommé artiste Génération Spedidam (2018) et Jeune Ambassadeur Lyrique (2020).

Pierre-André Doucet — piano

Pianiste, écrivain et travailleur culturel, Pierre-André Doucet est une figure de proue de la nouvelle génération d’artistes canadien·nes. Salué pour « l’émotion de son jeu et son contrôle impeccable » (_Audiophilia_), il s’est produit dans toutes les provinces du Canada, en Afrique du Sud, aux États-Unis, en Europe. Pierre-André Doucet détient un doctorat en interprétation du piano de l’Université de Montréal, où il a également été professeur invité, ainsi qu’un Graduate Diploma in Performance en piano d’accompagnement de McGill University.",Paris,"130, rue du Faubourg Saint-Honoré 75008 Paris",75008,2026-05-14 18:00:00+00:00,"Evenement : Récital, Laurent Deleuil et Pierre-André Doucet. Lieu : 130, rue du Faubourg Saint-Honoré 75008 Paris, Paris. Date : 14/05/2026. Description : Plongez au cœur d’un patrimoine musical méconnu avec _Notre passé composé_, un récital consacré aux mélodies canadiennes françaises du tournant du XXᵉ siècle. Le baryton Laurent Deleuil et le pianiste Pierre-André Doucet redonnent vie à des œuvres oubliées, exhumées des archives et signées par Lavallée, Contant, Fortier, Descarries et bien d’autres compositeurs dont l’héritage mérite d’être réentendu. À travers ces pages inspirées tant par les grands poètes français que par les voix fondatrices de la littérature québécoise, les artistes révèlent toute la richesse d’une tradition musicale longtemps demeurée dans l’ombre.

Laurent Deleuil — baryton

Le baryton franco-canadien Laurent Deleuil a fait ses débuts à l’Opéra National du Rhin, pendant son passage à l’opéra studio, avec le rôle-titre de l’opéra de Britten, Owen Wingrave. Il s’établit à Paris en 2013 pour participer à l’Académie de l’Opéra Comique, pendant laquelle il chante dans les versions pour enfants des opéras Lakmé de Delibes et Ali Baba de Lecoq (rôles: Frédérik et Ali baba), ainsi que des récitals de mélodies françaises. Laurent Deleuil est titulaire d’un master en opéra du Conservatoire d’Amsterdam, qu’il a complété après un premier master en piano à l’Université de Montréal. Il est lauréat de plusieurs concours nationaux et internationaux, et a été nommé artiste Génération Spedidam (2018) et Jeune Ambassadeur Lyrique (2020).

Pierre-André Doucet — piano

Pianiste, écrivain et travailleur culturel, Pierre-André Doucet est une figure de proue de la nouvelle génération d’artistes canadien·nes. Salué pour « l’émotion de son jeu et son contrôle impeccable » (_Audiophilia_), il s’est produit dans toutes les provinces du Canada, en Afrique du Sud, aux États-Unis, en Europe. Pierre-André Doucet détient un doctorat en interprétation du piano de l’Université de Montréal, où il a également été professeur invité, ainsi qu’un Graduate Diploma in Performance en piano d’accompagnement de McGill University."
Exposition Pixels et poétique,"**Pouvons-nous réellement nous fier à ce que nous voyons ? Au travers d'un dialogue photographique mêlant tradition et modernité, Pixels et poétique explore les manipulations de l'image depuis le XXe siècle jusqu'à nos jours, notamment avec l'émergence des technologies génératives qui ne cessent de d'impacter notre rapport à la réalité et à la vérité.**  
_Pixels et Poétique : Sudek, Funke et l’impact des nouvelles technologies sur la photographie_ connecte la pratique **photographique analogique** de l’entre-deux-guerres à **l’esthétique visuelle de l’ère numérique**. Les visiteurs profiteront de cette opportunité unique pour tenter de comparer et de comprendre **deux siècles d’évolution de l’image** : des traces tangibles de la lumière jusqu’aux représentations synthétiques générées par l’intelligence artificielle.  
L’exposition présente des œuvres emblématiques de J**osef Sudek** et de **Jaromír Funke**, dont les photographies démontrent comment la lumière, la composition et l’atmosphère peuvent transformer la réalité en univers visuel poétique ou constructiviste. Ces approches classiques sont accompagnées de photomontages historiques, de doubles expositions et de manipulations analogiques, illustrant à quel point le **désir de remodeler l'image est profondément ancré dans la tradition photographique.**  
La seconde partie de l’exposition, davantage contemporaine, nourrit le dialogue des artistes qui ont recours à **l’I.A et aux technologies génératives.** Dans son œuvre _Your Addiction Is the Message,_ Barbora Trnková lève le voile sur les mécanismes de dépendance visuelle dans l’environnement numérique et le rôle des technologies dans le façonnement de nos perceptions. Lenka Hamošová explore quant à elle, dans son projet _Troubling GAN_ et dans la série _Strange Attractions_, l’esthétique et les limites des réseaux neuronaux, mettant en évidence comment les algorithmes génèrent et reproduisent des **stéréotypes ou des hallucinations visuelles.** Enfin, le projet _Generation of Princesses_, fruit de la collaboration entre Trnková et Javůrek, utilise les modèles génératifs afin de mener une **réflexion critique sur les idéaux de féminités** prônés par la pop culture et leurs constructions numériques.  
Accessible à tous, cette exposition offre une perspective aussi visuellement saisissante qu’intelligible dans son exploration de notre rapport à l’image, à la réalité et à ce que nous consentons à croire quand nous regardons.

L'exposition est organisée par le Centre tchèque de Paris avec le soutien de la Fondation PPF.  
Commissaire d'exposition : Johana Rittmeyer",Paris,"18 Rue Bonaparte, 75006 Paris",75006,2026-05-14 11:00:00+00:00,"Evenement : Exposition Pixels et poétique. Lieu : 18 Rue Bonaparte, 75006 Paris, Paris. Date : 14/05/2026. Description : **Pouvons-nous réellement nous fier à ce que nous voyons ? Au travers d'un dialogue photographique mêlant tradition et modernité, Pixels et poétique explore les manipulations de l'image depuis le XXe siècle jusqu'à nos jours, notamment avec l'émergence des technologies génératives qui ne cessent de d'impacter notre rapport à la réalité et à la vérité.**  
_Pixels et Poétique : Sudek, Funke et l’impact des nouvelles technologies sur la photographie_ connecte la pratique **photographique analogique** de l’entre-deux-guerres à **l’esthétique visuelle de l’ère numérique**. Les visiteurs profiteront de cette opportunité unique pour tenter de comparer et de comprendre **deux siècles d’évolution de l’image** : des traces tangibles de la lumière jusqu’aux représentations synthétiques générées par l’intelligence artificielle.  
L’exposition présente des œuvres emblématiques de J**osef Sudek** et de **Jaromír Funke**, dont les photographies démontrent comment la lumière, la composition et l’atmosphère peuvent transformer la réalité en univers visuel poétique ou constructiviste. Ces approches classiques sont accompagnées de photomontages historiques, de doubles expositions et de manipulations analogiques, illustrant à quel point le **désir de remodeler l'image est profondément ancré dans la tradition photographique.**  
La seconde partie de l’exposition, davantage contemporaine, nourrit le dialogue des artistes qui ont recours à **l’I.A et aux technologies génératives.** Dans son œuvre _Your Addiction Is the Message,_ Barbora Trnková lève le voile sur les mécanismes de dépendance visuelle dans l’environnement numérique et le rôle des technologies dans le façonnement de nos perceptions. Lenka Hamošová explore quant à elle, dans son projet _Troubling GAN_ et dans la série _Strange Attractions_, l’esthétique et les limites des réseaux neuronaux, mettant en évidence comment les algorithmes génèrent et reproduisent des **stéréotypes ou des hallucinations visuelles.** Enfin, le projet _Generation of Princesses_, fruit de la collaboration entre Trnková et Javůrek, utilise les modèles génératifs afin de mener une **réflexion critique sur les idéaux de féminités** prônés par la pop culture et leurs constructions numériques.  
Accessible à tous, cette exposition offre une perspective aussi visuellement saisissante qu’intelligible dans son exploration de notre rapport à l’image, à la réalité et à ce que nous consentons à croire quand nous regardons.

L'exposition est organisée par le Centre tchèque de Paris avec le soutien de la Fondation PPF.  
Commissaire d'exposition : Johana Rittmeyer"
FRANCOIS PUYALTO & NOUR AZZAM : RIMES & DEPENDANCES,"[](https://mothersealmusic.com)

Des chansons sur les addictions, t'en veux ? On en a !  
De la marijuana, à l'héroïne, en passant par l'alcool, la cigarette, ou toute autres formes de dépendances: aux jeux, aux antidépresseurs, au sexe... Tout ce qui sert à remplir plus ou moins sainement notre vide existentiel.  
Dans le répertoire français, il y en a à la pelle, chez Brigitte Fontaine, Marie Dubas, Sanseverino, Boris Vian, Jacques Higelin, Allain Leprest, Dominique A, NTM ou HF Thiéfaine... Mais aussi dans le répertoire anglo-saxon, chez Nina Simone, Ray Charles, Asia ou encore Neil Young ou Amy Whinehouse, qui seront traduites en français pour l'occasion.  
Venez planer en musique, vous verrez, c'est d'la bonne !

Nour Azzam : Contrebasse – Chant  
François Puyalto: Basse - Chant

[Site internet](https://www.puyalto.fr/rimesetdependances) [YouTube](https://www.youtube.com/watch?v=gTA3OPHlMzE&t=2s)

Crédit photo : Thomas Bader",Paris,124 avenue de la république 75011 paris,75011,2026-05-13 18:30:00+00:00,"Evenement : FRANCOIS PUYALTO & NOUR AZZAM : RIMES & DEPENDANCES. Lieu : 124 avenue de la république 75011 paris, Paris. Date : 13/05/2026. Description : [](https://mothersealmusic.com)

Des chansons sur les addictions, t'en veux ? On en a !  
De la marijuana, à l'héroïne, en passant par l'alcool, la cigarette, ou toute autres formes de dépendances: aux jeux, aux antidépresseurs, au sexe... Tout ce qui sert à remplir plus ou moins sainement notre vide existentiel.  
Dans le répertoire français, il y en a à la pelle, chez Brigitte Fontaine, Marie Dubas, Sanseverino, Boris Vian, Jacques Higelin, Allain Leprest, Dominique A, NTM ou HF Thiéfaine... Mais aussi dans le répertoire anglo-saxon, chez Nina Simone, Ray Charles, Asia ou encore Neil Young ou Amy Whinehouse, qui seront traduites en français pour l'occasion.  
Venez planer en musique, vous verrez, c'est d'la bonne !

Nour Azzam : Contrebasse – Chant  
François Puyalto: Basse - Chant

[Site internet](https://www.puyalto.fr/rimesetdependances) [YouTube](https://www.youtube.com/watch?v=gTA3OPHlMzE&t=2s)

Crédit photo : Thomas Bader"
Voix-là #5 : Récital de Pavla Radostová,"La soprano tchèque [**Pavla Radostová**](https://www.instagram.com/paja.radostova/) a fait ses débuts sur la scène de l’Opéra d’État du Théâtre national dans les rôles d’Amor et de Clarine. Diplômée du Conservatoire de Brno et de la JAMU, elle se consacre à l’opéra ainsi qu’à la musique de la Renaissance, baroque et contemporaine. Dès son enfance, elle chante avec l’ensemble familial Musica Laetitia et collabore régulièrement comme soliste et chanteuse d’ensemble avec des formations prestigieuses en République tchèque et à l’étranger, participant souvent à des créations en première tchèque ou mondiale. Elle prend également part à des projets d’opéra de chambre et à des masterclasses internationales sous la direction de pédagogues tchèques et étrangers de renom.

**David Mařatka,** né en 2004, est un jeune pianiste franco-tchèque issu d’une famille de musiciens. Il étudie actuellement à l’Université des Arts de Vienne auprès d’Avedis Kouyoumdjian. Il commence le piano à l’âge de quatre ans et se produit très tôt dans des concours et cycles de concerts prestigieux, bénéficiant des conseils de musiciens renommés. Il se produit comme soliste et musicien de chambre et a participé à de nombreuses académies et festivals internationaux, notamment à Prades, Paris et Vienne. Avec son frère, le clarinettiste Yan Mařatka, il forme un duo qui partage son univers musical dans un esprit familial et avec un style raffiné.  
Retrouvez le programme [ici](https://paris.czechcentres.cz/fr/programme/voix-la-5-recital-de-pavla-radostova).  
Uniquement sur reservation via [Eventbrite](https://www.eventbrite.fr/e/voix-la-5-recital-de-pavla-radostova-tickets-1986428425895?aff=oddtdtcreator)",Paris,"18 Rue Bonaparte, 75006 Paris",75006,2026-05-13 17:00:00+00:00,"Evenement : Voix-là #5 : Récital de Pavla Radostová. Lieu : 18 Rue Bonaparte, 75006 Paris, Paris. Date : 13/05/2026. Description : La soprano tchèque [**Pavla Radostová**](https://www.instagram.com/paja.radostova/) a fait ses débuts sur la scène de l’Opéra d’État du Théâtre national dans les rôles d’Amor et de Clarine. Diplômée du Conservatoire de Brno et de la JAMU, elle se consacre à l’opéra ainsi qu’à la musique de la Renaissance, baroque et contemporaine. Dès son enfance, elle chante avec l’ensemble familial Musica Laetitia et collabore régulièrement comme soliste et chanteuse d’ensemble avec des formations prestigieuses en République tchèque et à l’étranger, participant souvent à des créations en première tchèque ou mondiale. Elle prend également part à des projets d’opéra de chambre et à des masterclasses internationales sous la direction de pédagogues tchèques et étrangers de renom.

**David Mařatka,** né en 2004, est un jeune pianiste franco-tchèque issu d’une famille de musiciens. Il étudie actuellement à l’Université des Arts de Vienne auprès d’Avedis Kouyoumdjian. Il commence le piano à l’âge de quatre ans et se produit très tôt dans des concours et cycles de concerts prestigieux, bénéficiant des conseils de musiciens renommés. Il se produit comme soliste et musicien de chambre et a participé à de nombreuses académies et festivals internationaux, notamment à Prades, Paris et Vienne. Avec son frère, le clarinettiste Yan Mařatka, il forme un duo qui partage son univers musical dans un esprit familial et avec un style raffiné.  
Retrouvez le programme [ici](https://paris.czechcentres.cz/fr/programme/voix-la-5-recital-de-pavla-radostova).  
Uniquement sur reservation via [Eventbrite](https://www.eventbrite.fr/e/voix-la-5-recital-de-pavla-radostova-tickets-1986428425895?aff=oddtdtcreator)"
Ouverture du Festival de Cannes 2026 - LA VÉNUS ÉLECTRIQUE,Projection en direct de la Cérémonie d'ouverture suivie du Film d'Ouverture LA VENUS ELECTRIQUE,Paris,"98 Bd du Montparnasse, Paris",75006,2026-05-12 17:00:00+00:00,"Evenement : Ouverture du Festival de Cannes 2026 - LA VÉNUS ÉLECTRIQUE. Lieu : 98 Bd du Montparnasse, Paris, Paris. Date : 12/05/2026. Description : Projection en direct de la Cérémonie d'ouverture suivie du Film d'Ouverture LA VENUS ELECTRIQUE"
Ouverture du Festival de Cannes 2026 · LA VÉNUS ÉLECTRIQUE,Mardi 12 mai・19h,Paris,"170 boulevard de Magenta, Paris 10e arrondissement",75010,2026-05-12 17:00:00+00:00,"Evenement : Ouverture du Festival de Cannes 2026 · LA VÉNUS ÉLECTRIQUE. Lieu : 170 boulevard de Magenta, Paris 10e arrondissement, Paris. Date : 12/05/2026. Description : Mardi 12 mai・19h"
Ouverture du Festival de Cannes ✨,Le Festival de Cannes comme si vous y étiez !,Paris,"100, rue Mouffetard, Paris",75005,2026-05-12 17:00:00+00:00,"Evenement : Ouverture du Festival de Cannes ✨. Lieu : 100, rue Mouffetard, Paris, Paris. Date : 12/05/2026. Description : Le Festival de Cannes comme si vous y étiez !"
"Rencontre entre Mai-Thu Perret, Anne Dressen et Ida Soulard","MAI-THU PERRET
Née en 1976 à Genève, Mai-Thu Perret étudie la littérature anglaise à l’Université de Cambridge avant d’intégrer le Whitney Independent Study Program à New York. Depuis le début des années 2000, son travail artistique est présenté à l’international, en solo comme dans des expositions collectives, au sein de nombreuses galeries et institutions. Elle a exposé entre autres à la Renaissance Society (Chicago), au Nasher Sculpture Center (Dallas), à Spike Island (Bristol), au MAMCO (Genève) et au Swiss Institute (Rome). Son oeuvre a également été présentée à la Biennale de Lyon (2007) et la Biennale de Venise (2011). Depuis 2008, elle enseigne à la HEAD – Genève. En 2026, elle exposera au MASI (Lugano), au Consortium Museum (Dijon) ainsi qu’à la Plataforma Arte Contemporaneo (Guadalajara).

ANNE DRESSEN
Anne Dressen (née en 1976 à Paris) est commissaire d’exposition à l’ARC (Animation-Recherche-Confrontation), le département contemporain du Musée d’art moderne de Paris. Ses expositions interrogent les pratiques artistiques officieuses ou périphériques au regard des beaux-arts, notamment autour du son et du clip vidéo, de la copie et de la reproduction, de l’artisanat et du décoratif, ou encore de la pornographie, en lien étroit avec les études culturelles, postcoloniales et de genre.

IDA SOULARD
Ida Soulard est docteure en histoire de l’art (ENS / Université PSL) et curatrice indépendante. Elle est co-directrice de Glass Bead, une plateforme de recherche et une revue artistique, en ligne et bilingue.

[Plus d’informations sur notre site web](https://ccsparis.com/evenements/rencontre-entre-mai-thu-perret-anne-dressen-ida-soulard/)",Paris,"32 rue des Francs-Bourgeois, Paris",75003,2026-05-12 17:00:00+00:00,"Evenement : Rencontre entre Mai-Thu Perret, Anne Dressen et Ida Soulard. Lieu : 32 rue des Francs-Bourgeois, Paris, Paris. Date : 12/05/2026. Description : MAI-THU PERRET
Née en 1976 à Genève, Mai-Thu Perret étudie la littérature anglaise à l’Université de Cambridge avant d’intégrer le Whitney Independent Study Program à New York. Depuis le début des années 2000, son travail artistique est présenté à l’international, en solo comme dans des expositions collectives, au sein de nombreuses galeries et institutions. Elle a exposé entre autres à la Renaissance Society (Chicago), au Nasher Sculpture Center (Dallas), à Spike Island (Bristol), au MAMCO (Genève) et au Swiss Institute (Rome). Son oeuvre a également été présentée à la Biennale de Lyon (2007) et la Biennale de Venise (2011). Depuis 2008, elle enseigne à la HEAD – Genève. En 2026, elle exposera au MASI (Lugano), au Consortium Museum (Dijon) ainsi qu’à la Plataforma Arte Contemporaneo (Guadalajara).

ANNE DRESSEN
Anne Dressen (née en 1976 à Paris) est commissaire d’exposition à l’ARC (Animation-Recherche-Confrontation), le département contemporain du Musée d’art moderne de Paris. Ses expositions interrogent les pratiques artistiques officieuses ou périphériques au regard des beaux-arts, notamment autour du son et du clip vidéo, de la copie et de la reproduction, de l’artisanat et du décoratif, ou encore de la pornographie, en lien étroit avec les études culturelles, postcoloniales et de genre.

IDA SOULARD
Ida Soulard est docteure en histoire de l’art (ENS / Université PSL) et curatrice indépendante. Elle est co-directrice de Glass Bead, une plateforme de recherche et une revue artistique, en ligne et bilingue.

[Plus d’informations sur notre site web](https://ccsparis.com/evenements/rencontre-entre-mai-thu-perret-anne-dressen-ida-soulard/)"
BERGER/SANSON: QUELQUES MOTS D'AMOUR EN RAPPELS,"[](https://mothersealmusic.com)

Dans le sillon de leur spectacle *Toute une vie sans se voir* qui met en scène un opéra pop autour des chansons de Véronique Sanson et Michel Berger, Julie Rousseau et Bastien Lucas continuent leur exploration de cette correspondance en chansons pour en dévoiler de nouveaux trésors avec cette fois pour but le plaisir simple du concert. Ils partagent ainsi par d'autres titres les coulisses du travail d'arrangement à deux pianos et de la mise en relief de ce dialogue. Une soirée entière de rappels !

[Facebook](https://www.facebook.com/Touteuneviesanssevoir) [Instagram](https://www.instagram.com/touteunevie_sans_sevoir/)

Crédit photo :Alice Daguzé",Paris,124 avenue de la république 75011 paris,75011,2026-05-11 18:30:00+00:00,"Evenement : BERGER/SANSON: QUELQUES MOTS D'AMOUR EN RAPPELS. Lieu : 124 avenue de la république 75011 paris, Paris. Date : 11/05/2026. Description : [](https://mothersealmusic.com)

Dans le sillon de leur spectacle *Toute une vie sans se voir* qui met en scène un opéra pop autour des chansons de Véronique Sanson et Michel Berger, Julie Rousseau et Bastien Lucas continuent leur exploration de cette correspondance en chansons pour en dévoiler de nouveaux trésors avec cette fois pour but le plaisir simple du concert. Ils partagent ainsi par d'autres titres les coulisses du travail d'arrangement à deux pianos et de la mise en relief de ce dialogue. Une soirée entière de rappels !

[Facebook](https://www.facebook.com/Touteuneviesanssevoir) [Instagram](https://www.instagram.com/touteunevie_sans_sevoir/)

Crédit photo :Alice Daguzé"
"Le Ciné Kino d'ARTMELE présente ""Papa est en voyage d'affaire""","Sarajevo, juin 1950. Dénoncé pour avoir tenu des propos politiques ambigus, Mesa est envoyé dans un camp de travail. Pour protéger le jeune Malik, sa famille prétend qu'il est parti en voyage.",Paris,Place Marthe Simard,75014,2026-05-09 18:00:00+00:00,"Evenement : Le Ciné Kino d'ARTMELE présente ""Papa est en voyage d'affaire"". Lieu : Place Marthe Simard, Paris. Date : 09/05/2026. Description : Sarajevo, juin 1950. Dénoncé pour avoir tenu des propos politiques ambigus, Mesa est envoyé dans un camp de travail. Pour protéger le jeune Malik, sa famille prétend qu'il est parti en voyage."
Papa est en voyage d'affaires de Emir Kusturica (1985),"En Yougoslavie, en 1952, à l'heure où Tito divorce d'avec Staline, il n'est pas bon de laisser paraître des penchants staliniens. Mesa, le père de Malik, victime d'une vengeance de sa maîtresse, est envoyé en camp de travail. Pour ses enfants, il est en voyage d'affaires. Alors que son frère passe son temps au cinéma, Malik, en réaction aux crises que traversent sa famille et son pays, se réfugie dans le somnambulisme.",Paris,1/7 avenue de la Porte de Vanves paris 14,75014,2026-05-09 18:00:00+00:00,"Evenement : Papa est en voyage d'affaires de Emir Kusturica (1985). Lieu : 1/7 avenue de la Porte de Vanves paris 14, Paris. Date : 09/05/2026. Description : En Yougoslavie, en 1952, à l'heure où Tito divorce d'avec Staline, il n'est pas bon de laisser paraître des penchants staliniens. Mesa, le père de Malik, victime d'une vengeance de sa maîtresse, est envoyé en camp de travail. Pour ses enfants, il est en voyage d'affaires. Alors que son frère passe son temps au cinéma, Malik, en réaction aux crises que traversent sa famille et son pays, se réfugie dans le somnambulisme."
Tommi Toija. Fragments.,"L’Institut finlandais présente _**Fragments**_, une exposition de l’artiste **Tommi Toija**, connu pour ses sculptures et installations mettant en scène des personnages parfois grotesques, enfantins, sensibles ou étranges, mais toujours profondément humains.

L’exposition dévoile une sélection de **sculptures, reliefs et dessins** réalisés au cours des deux dernières décennies, formant un ensemble à l’interprétation libre, **invitant chacun à explorer son propre univers intérieur**. Dans ses œuvres, Toija ne s’intéresse pas tant à exprimer ses propres pensées, qu’à ce qu’elles agissent comme **un miroir tendu au spectateur**, suscitant des rencontres uniques et personnelles. Ses personnages paraissent solitaires, déconnectés les uns des autres, et pourtant on se reconnaît en eux. Une connexion est née.

Tommi Toija se saisit de l’imperfection ; un fragment brisé, isolé ou réparé, a plus d’intérêt qu’une forme lisse et intacte. Une brèche qui évoque nos expériences cachées d’isolement et de peur, et qui, simultanément, **encourage la connexion, l’empathie, et un sentiment de communauté**, à condition que nous ne détournions pas le regard.

Ainsi, les œuvres deviennent le théâtre d’une coexistence d’émotions en apparence contradictoires. La lumière côtoie l’obscurité, la joie et la tristesse se rencontrent, l’humour se mêle au sérieux. Le monde de Toija, avec ses personnages profondément authentiques, prend finalement une dimension **universelle et libératrice**.

_**Tommi Toija**_ _(né en 1974) est un sculpteur et artiste pluridisciplinaire finlandais. Ses œuvres explorent les thèmes de l’humanité, de la vulnérabilité et de la solitude, dans un univers artistique qui invite le public à réfléchir avec humour et perspicacité aux questions fondamentales de l’existence._",Paris,60 rue des Écoles,75005,2026-05-09 09:00:00+00:00,"Evenement : Tommi Toija. Fragments.. Lieu : 60 rue des Écoles, Paris. Date : 09/05/2026. Description : L’Institut finlandais présente _**Fragments**_, une exposition de l’artiste **Tommi Toija**, connu pour ses sculptures et installations mettant en scène des personnages parfois grotesques, enfantins, sensibles ou étranges, mais toujours profondément humains.

L’exposition dévoile une sélection de **sculptures, reliefs et dessins** réalisés au cours des deux dernières décennies, formant un ensemble à l’interprétation libre, **invitant chacun à explorer son propre univers intérieur**. Dans ses œuvres, Toija ne s’intéresse pas tant à exprimer ses propres pensées, qu’à ce qu’elles agissent comme **un miroir tendu au spectateur**, suscitant des rencontres uniques et personnelles. Ses personnages paraissent solitaires, déconnectés les uns des autres, et pourtant on se reconnaît en eux. Une connexion est née.

Tommi Toija se saisit de l’imperfection ; un fragment brisé, isolé ou réparé, a plus d’intérêt qu’une forme lisse et intacte. Une brèche qui évoque nos expériences cachées d’isolement et de peur, et qui, simultanément, **encourage la connexion, l’empathie, et un sentiment de communauté**, à condition que nous ne détournions pas le regard.

Ainsi, les œuvres deviennent le théâtre d’une coexistence d’émotions en apparence contradictoires. La lumière côtoie l’obscurité, la joie et la tristesse se rencontrent, l’humour se mêle au sérieux. Le monde de Toija, avec ses personnages profondément authentiques, prend finalement une dimension **universelle et libératrice**.

_**Tommi Toija**_ _(né en 1974) est un sculpteur et artiste pluridisciplinaire finlandais. Ses œuvres explorent les thèmes de l’humanité, de la vulnérabilité et de la solitude, dans un univers artistique qui invite le public à réfléchir avec humour et perspicacité aux questions fondamentales de l’existence._"
Théâtre National de l'Opéra-Comique,"Samedi 9 mai  
10h15 et 11h15  
**Bébés chœurs**  
Offrez à votre enfant (0-3 ans) une première expérience musicale magique !  
De 10h à 12h30  
**Visites guidées de l'Opéra-Comique**  
10h30 et 13h  
**Ateliers chant**  
Un moment convivial sur la place Boieldieu pour chanter en chœur.  
De 10h à 13h et de 14h à 17h  
**Visite des ateliers de création de costumes et perruques**  
Gratuit sur réservation  
12h et 14h  
**Chantez les vaudevilles**  
Venez découvrir les chansons populaires de la troupe à l’origine de l’Opéra-Comique dans une conférence participative.  
13h et 16h  
**Visite chantée**  
Le ténor conférencier Grégoire Ichou vous invite à découvrir le lieu en chanson.  
De 14h à 15h  
**Atelier de chant Relax**  
Un moment avec une cheffe de chœur pour découvrir les secrets de votre voix chantée. Un atelier inclusif pour les personnes en situation de handicap psychique et mental.  
De 15h à 17h30  
**La fabrique d’un opéra**  
_Podcast : Clara et les sortilèges_  
Deux apprenti.e.s couturier.e.s redonnent vie aux costumes du théâtre.  
_Carmen à emporter : les coulisses de l’Opéra-Comique_  
Une valise pédagogique pour découvrir la fabrication d’un opéra à travers des objets, des odeurs, des jeux…  
15h et 17h  
**Masterclasse de l'Académie avec Louis Langrée**  
Phrasé, style, répertoire. Le directeur transmet sa passion et son expérience lors de cette masterclasse ouverte à toutes et tous !  
Toute la journée  
**Exposition de maquettes de décor** de l'opéra Lucie de Lamermoor par les étudiant.e.s en scénographie de l'Ecole bleue  
**Exposition de costumes** : le savoir-faire de la teinture naturelle  
**Costumez-vous !** Enfilez les accessoires et costumes de scène le temps d’une photo.  
**Visite libre**  
**Guinguette** sur place Boieldieu, en partenariat avec The Wild Bakery.",Paris,5 rue Favart,75002,2026-05-09 08:00:00+00:00,"Evenement : Théâtre National de l'Opéra-Comique. Lieu : 5 rue Favart, Paris. Date : 09/05/2026. Description : Samedi 9 mai  
10h15 et 11h15  
**Bébés chœurs**  
Offrez à votre enfant (0-3 ans) une première expérience musicale magique !  
De 10h à 12h30  
**Visites guidées de l'Opéra-Comique**  
10h30 et 13h  
**Ateliers chant**  
Un moment convivial sur la place Boieldieu pour chanter en chœur.  
De 10h à 13h et de 14h à 17h  
**Visite des ateliers de création de costumes et perruques**  
Gratuit sur réservation  
12h et 14h  
**Chantez les vaudevilles**  
Venez découvrir les chansons populaires de la troupe à l’origine de l’Opéra-Comique dans une conférence participative.  
13h et 16h  
**Visite chantée**  
Le ténor conférencier Grégoire Ichou vous invite à découvrir le lieu en chanson.  
De 14h à 15h  
**Atelier de chant Relax**  
Un moment avec une cheffe de chœur pour découvrir les secrets de votre voix chantée. Un atelier inclusif pour les personnes en situation de handicap psychique et mental.  
De 15h à 17h30  
**La fabrique d’un opéra**  
_Podcast : Clara et les sortilèges_  
Deux apprenti.e.s couturier.e.s redonnent vie aux costumes du théâtre.  
_Carmen à emporter : les coulisses de l’Opéra-Comique_  
Une valise pédagogique pour découvrir la fabrication d’un opéra à travers des objets, des odeurs, des jeux…  
15h et 17h  
**Masterclasse de l'Académie avec Louis Langrée**  
Phrasé, style, répertoire. Le directeur transmet sa passion et son expérience lors de cette masterclasse ouverte à toutes et tous !  
Toute la journée  
**Exposition de maquettes de décor** de l'opéra Lucie de Lamermoor par les étudiant.e.s en scénographie de l'Ecole bleue  
**Exposition de costumes** : le savoir-faire de la teinture naturelle  
**Costumez-vous !** Enfilez les accessoires et costumes de scène le temps d’une photo.  
**Visite libre**  
**Guinguette** sur place Boieldieu, en partenariat avec The Wild Bakery."
Le P'tit Barouf,"Le P'tit Barouf s'invite sous chapiteau à Etréchy avec milles mélodies soufflées par les cuivres, l'envie de partager ce moment avec vous, les passants...",Paris,place charles de Gaulle,75008,2026-05-09 15:30:00+00:00,"Evenement : Le P'tit Barouf. Lieu : place charles de Gaulle, Paris. Date : 09/05/2026. Description : Le P'tit Barouf s'invite sous chapiteau à Etréchy avec milles mélodies soufflées par les cuivres, l'envie de partager ce moment avec vous, les passants..."
Atelier Réparélec,"Atelier de diagnostic et de réparation de vos petits appareils électroniques.  
Apportez votre appareil pour le tester.  
L’équipe de La Ressourcerie Créative sera là pour vous aider.  
\- niveau débutant -  
\- matériel fourni -

📅 Samedi 9 mai de 14h30 à 17h30  
📍 Local Tisseur de Liens : 6, rue Henri Barboux, 75014 Paris.  
🎟️ Gratuit",Paris,6 rue henri barboux 75014,75014,2026-05-09 12:30:00+00:00,"Evenement : Atelier Réparélec. Lieu : 6 rue henri barboux 75014, Paris. Date : 09/05/2026. Description : Atelier de diagnostic et de réparation de vos petits appareils électroniques.  
Apportez votre appareil pour le tester.  
L’équipe de La Ressourcerie Créative sera là pour vous aider.  
\- niveau débutant -  
\- matériel fourni -

📅 Samedi 9 mai de 14h30 à 17h30  
📍 Local Tisseur de Liens : 6, rue Henri Barboux, 75014 Paris.  
🎟️ Gratuit"
Visites guidées + goûter,"[...] Pour prolonger ce moment d’échange, un goûter est offert à la buvette dans la cour du Centre culturel suisse.

MAI-THU PERRET – OTHERMOTHERS
Première exposition institutionnelle de Mai-Thu Perret (née en 1976, vit et travaille à Genève) à Paris, Othermothers nous transporte dans un espace-temps cosmique. Univers matriciel peuplé de divinités puissantes et de créatures espiègles, l’exposition convoque une histoire chimérique de la représentation, introduisant une nouvelle généalogie de déesses. En passant du son à la céramique, du bronze au néon, de la tapisserie au verre soufflé, l’artiste hybride les matières et les mythologies. Déployant un regard à la fois critique et spirituel, Othermothers convoque de nouvelles cosmogonies dissidentes et la possibilité d’une narration contemporaine mutante et sororale.

INGEBORG LÜSCHER – FLAMMES
Retraçant la pratique d’Ingeborg Lüscher (née 1936 en Allemagne ; vit et travaille au Tessin) l’exposition Flammes dévoile le rapport à l’embrasement qu’a développé l’artiste depuis ses premières expérimentations jusqu’à nos jours. Du souffre à la cendre, des braises aux volutes de fumée, les œuvres présentées explorent la vitalité du feu et sa puissance créatrice et indocile. Après un premier parcours de comédienne, Ingeborg Lüscher débute à la fin des années 1960 une recherche plastique, picturale et performative qui ne la quittera plus. Elle déploie également une pratique photographique unique, documentant ses proches, les rencontres faites et les paysages parcourus lors de ses voyages et dans son quotidien. Dès 1975, l’artiste compose également des œuvres conceptuelles et autobiographiques autour du hasard, de l’amour ou des rêves. Flammes explore la vitalité d’une riche carrière artistique nourrie par une quête continue de la transformation, un intérêt profond pour les processus cycliques de la destruction au renouveau, de la matière et des corps, de l’absence à la renaissance.

AKOSUA VIKTORIA ADU-SANYAH – NO FLOWERS
Première exposition monographique en France d’Akosua Viktoria Adu-Sanyah (née en 1990, vit et travaille à Zurich), no flowers engage une réflexion sur l’absence, le deuil et la violence inhérente aux systèmes médicaux et technologiques. L’exposition présente une pièce centrale du corpus DELIRIUM, initié en 2022, et no flowers, le chapitre développé autour du livre éponyme de l’artiste, co-édité avec le Centre culturel suisse. Tandis que DELIRIUM marquait un moment de déstabilisation où le portrait du père de l’artiste entamait un processus génératif de distorsion, no flowers s’oriente vers un acte de préservation. Des photographies analogiques de bouquets de fleurs séchées constituent la base matérielle du projet. En 2022, certaines ont été traitées par un système génératif d’images sans prompt, produisant des mutations visuelles retranscrites ensuite sur négatifs et imprimées en chambre noire. Elles côtoient les fragments du parcours médical du père de l’artiste et des observations cliniques rédigées par son dernier médecin à Accra. Sous la forme de tirages par contact, ce langage clinique — précis et procédural — réapparaît comme une matière physique. La répétition de fleurs, parfois intactes, parfois altérées, entoure la figure du père comme un geste posthume : non pas une conclusion, mais une présence. Entre désorientation, persévérance et attention, no flowers compose un espace de résistance à la disparition par la présence matérielle de l’image.

[Plus d’informations sur notre site web](https://ccsparis.com/evenements/visites-guidees-gouter/)",Paris,"32 rue des Francs-Bourgeois, Paris",75003,2026-05-09 14:00:00+00:00,"Evenement : Visites guidées + goûter. Lieu : 32 rue des Francs-Bourgeois, Paris, Paris. Date : 09/05/2026. Description : [...] Pour prolonger ce moment d’échange, un goûter est offert à la buvette dans la cour du Centre culturel suisse.

MAI-THU PERRET – OTHERMOTHERS
Première exposition institutionnelle de Mai-Thu Perret (née en 1976, vit et travaille à Genève) à Paris, Othermothers nous transporte dans un espace-temps cosmique. Univers matriciel peuplé de divinités puissantes et de créatures espiègles, l’exposition convoque une histoire chimérique de la représentation, introduisant une nouvelle généalogie de déesses. En passant du son à la céramique, du bronze au néon, de la tapisserie au verre soufflé, l’artiste hybride les matières et les mythologies. Déployant un regard à la fois critique et spirituel, Othermothers convoque de nouvelles cosmogonies dissidentes et la possibilité d’une narration contemporaine mutante et sororale.

INGEBORG LÜSCHER – FLAMMES
Retraçant la pratique d’Ingeborg Lüscher (née 1936 en Allemagne ; vit et travaille au Tessin) l’exposition Flammes dévoile le rapport à l’embrasement qu’a développé l’artiste depuis ses premières expérimentations jusqu’à nos jours. Du souffre à la cendre, des braises aux volutes de fumée, les œuvres présentées explorent la vitalité du feu et sa puissance créatrice et indocile. Après un premier parcours de comédienne, Ingeborg Lüscher débute à la fin des années 1960 une recherche plastique, picturale et performative qui ne la quittera plus. Elle déploie également une pratique photographique unique, documentant ses proches, les rencontres faites et les paysages parcourus lors de ses voyages et dans son quotidien. Dès 1975, l’artiste compose également des œuvres conceptuelles et autobiographiques autour du hasard, de l’amour ou des rêves. Flammes explore la vitalité d’une riche carrière artistique nourrie par une quête continue de la transformation, un intérêt profond pour les processus cycliques de la destruction au renouveau, de la matière et des corps, de l’absence à la renaissance.

AKOSUA VIKTORIA ADU-SANYAH – NO FLOWERS
Première exposition monographique en France d’Akosua Viktoria Adu-Sanyah (née en 1990, vit et travaille à Zurich), no flowers engage une réflexion sur l’absence, le deuil et la violence inhérente aux systèmes médicaux et technologiques. L’exposition présente une pièce centrale du corpus DELIRIUM, initié en 2022, et no flowers, le chapitre développé autour du livre éponyme de l’artiste, co-édité avec le Centre culturel suisse. Tandis que DELIRIUM marquait un moment de déstabilisation où le portrait du père de l’artiste entamait un processus génératif de distorsion, no flowers s’oriente vers un acte de préservation. Des photographies analogiques de bouquets de fleurs séchées constituent la base matérielle du projet. En 2022, certaines ont été traitées par un système génératif d’images sans prompt, produisant des mutations visuelles retranscrites ensuite sur négatifs et imprimées en chambre noire. Elles côtoient les fragments du parcours médical du père de l’artiste et des observations cliniques rédigées par son dernier médecin à Accra. Sous la forme de tirages par contact, ce langage clinique — précis et procédural — réapparaît comme une matière physique. La répétition de fleurs, parfois intactes, parfois altérées, entoure la figure du père comme un geste posthume : non pas une conclusion, mais une présence. Entre désorientation, persévérance et attention, no flowers compose un espace de résistance à la disparition par la présence matérielle de l’image.

[Plus d’informations sur notre site web](https://ccsparis.com/evenements/visites-guidees-gouter/)"
L'Opéra fait son cinéma à Bastille,"Le département de la Communication de l'Opéra national de Paris dévoile certaines de ses pépites audio-visuelles dans le studio de Bastille, petite salle de cinéma de 200 places **: ADO** ou _apprentissage de l'Orchestre_, _Danser à Tokyo_, les deux ballets sur la musique de Ravel _Bolero_ et _Ma Mère l'Oye_ et extraits de la série _Les Métiers d'art_  
Réservation obligatoire à partir du 5 mai 14h30 sur le site de l'Opéra",Paris,place de la Bastille,75012,2026-05-09 14:00:00+00:00,"Evenement : L'Opéra fait son cinéma à Bastille. Lieu : place de la Bastille, Paris. Date : 09/05/2026. Description : Le département de la Communication de l'Opéra national de Paris dévoile certaines de ses pépites audio-visuelles dans le studio de Bastille, petite salle de cinéma de 200 places **: ADO** ou _apprentissage de l'Orchestre_, _Danser à Tokyo_, les deux ballets sur la musique de Ravel _Bolero_ et _Ma Mère l'Oye_ et extraits de la série _Les Métiers d'art_  
Réservation obligatoire à partir du 5 mai 14h30 sur le site de l'Opéra"
Mettez vos oreilles au diapason à Bastille,"De 14h15 à 16h30, **Alexander Martin**, directeur de la Musique de Scène à l'Opéra de Paris nous offre quelques tubes avec ses musiciens ...",Paris,place de la Bastille,75012,2026-05-09 12:15:00+00:00,"Evenement : Mettez vos oreilles au diapason à Bastille. Lieu : place de la Bastille, Paris. Date : 09/05/2026. Description : De 14h15 à 16h30, **Alexander Martin**, directeur de la Musique de Scène à l'Opéra de Paris nous offre quelques tubes avec ses musiciens ..."
Opéra Bastille - déambulation libre ou accompagnée,"Le samedi 9 mai visitez librement ou de manière accompagnée le théâtre de la fin du siècle dernier, tout de verre et de marbre. Mastercalsse et ateliers sont proposés- de 10h à 17h (dernière entrée à 16h15).  
niveau 0, 4 ou 7 des surprises émaillent votre déambulation.",Paris,place de la Bastille,75012,2026-05-09 08:00:00+00:00,"Evenement : Opéra Bastille - déambulation libre ou accompagnée. Lieu : place de la Bastille, Paris. Date : 09/05/2026. Description : Le samedi 9 mai visitez librement ou de manière accompagnée le théâtre de la fin du siècle dernier, tout de verre et de marbre. Mastercalsse et ateliers sont proposés- de 10h à 17h (dernière entrée à 16h15).  
niveau 0, 4 ou 7 des surprises émaillent votre déambulation."
Masterclasse - Violon -Opéra Bastille,"Le premier violon de l'Orchestre de l'Opéra national de Paris **Petteri Iivonen** fera travailler en public  
**Simon Grimoin** et **Meiko Nakahira**, violonistes en résidence à l’Académie de l’Opéra.  
réservation obligatoire à partir du 5 mai sur le site de l'Opéra de Paris",Paris,place de la Bastille,75012,2026-05-09 12:30:00+00:00,"Evenement : Masterclasse - Violon -Opéra Bastille. Lieu : place de la Bastille, Paris. Date : 09/05/2026. Description : Le premier violon de l'Orchestre de l'Opéra national de Paris **Petteri Iivonen** fera travailler en public  
**Simon Grimoin** et **Meiko Nakahira**, violonistes en résidence à l’Académie de l’Opéra.  
réservation obligatoire à partir du 5 mai sur le site de l'Opéra de Paris"
Visitez le Palais Garnier,"De 10 à 17h , visitez le Palais Garnier  
Réservation obligatoire sur le site à partir du 5 mai (www.operadeparis.fr)  
Dernier créneau de visite à 15h30 et dernière entrée à 16h  
Entrée par la Billetterie (à l'angle des res Scribe et Auber)",Paris,place de l'Opéra,75009,2026-05-09 08:00:00+00:00,"Evenement : Visitez le Palais Garnier. Lieu : place de l'Opéra, Paris. Date : 09/05/2026. Description : De 10 à 17h , visitez le Palais Garnier  
Réservation obligatoire sur le site à partir du 5 mai (www.operadeparis.fr)  
Dernier créneau de visite à 15h30 et dernière entrée à 16h  
Entrée par la Billetterie (à l'angle des res Scribe et Auber)"
Barre publique Opera Bastille,"Cours de danse donné par Andrey Klemm avec un chef de chant (pianiste)  
Pas de vestiaire.  
Les participants doivent porter leur tenue de travail sous leurs habits de ville.  
Au pied : chaussettes ou demi-pointes",Paris,place de la Bastille,75012,2026-05-09 08:30:00+00:00,"Evenement : Barre publique Opera Bastille. Lieu : place de la Bastille, Paris. Date : 09/05/2026. Description : Cours de danse donné par Andrey Klemm avec un chef de chant (pianiste)  
Pas de vestiaire.  
Les participants doivent porter leur tenue de travail sous leurs habits de ville.  
Au pied : chaussettes ou demi-pointes"
ABDELKADER BENCHAMMA Signs and Wonders,"« \[…\] L'œuvre d'Abdelkader Benchamma, le dessin, son médium de prédilection, ne se conçoit pas comme un objet fixe, défini par le rectangle de la feuille de papier, mais comme une énergie envahissant l'espace et le temps. »  
Jeanne Brun, à propos de l'installation Au bord des mondes (2024), d'Abdelkader Benchamma, pour le Prix Marcel Duchamp.  
Jouant subtilement des effets d'échelle et de paréidolie, ses œuvres transforment les surfaces en de véritables espaces de résonance où se déploient flux, figures, turbulences, mondes cosmiques et paysages mentaux. Longtemps dominé par le noir et blanc et par des installations éphémères, son travail accorde désormais une place importante à la couleur, déployée dans des formats inédits, entre fresque et tableau. Abdelkader Benchamma y développe un langage fondé sur un dessin nerveux et hypnotique, nourri d'influences littéraires, ethnologiques et ésotériques, qu'il puise dans un vaste corpus de récits et d'images qu'il collecte, archive et enrichit depuis plusieurs années. Ces représentations, très diverses, alimentent le travail de l'artiste et semblent se situer à la lisière du monde connu, cet espace mouvant entre science et magie, comme un atlas insaisissable des mondes invisibles.

Les œuvres exposées prennent ainsi leur source dans deux ouvrages de référence chers à l'artiste. Le Kitab al-Bulhan \[Les merveilles des choses créées et les curiosités des choses existantes\], plus communément appelé Le Livre des merveilles, manuscrit arabe des XIVe et XVe siècles, provenant de la Mésopotamie médiévale et qui aurait été écrit par Abd Al-Hassan AL-ISFAHANI. Dans ces enluminures singulières, l'étude des astres côtoie talismans magiques, constructions humaines dites « merveilles » et descriptions de djinns — entités invisibles faites de fumée, apparentées à des esprits susceptibles d'apparaître dans nos rêves. Des siècles avant l'apparition des premiers atlas scientifiques européens, le Kitab al-Bulhan fascine par sa puissance poétique, faisant coexister le monde visible et l'invisible au sein d'enluminures demeurées énigmatiques, donnant l'impression d'un réel toujours fuyant, impossible à saisir pleinement.  
Dans un registre différent, les gravures allemandes du XVIe siècle issues du Book of Miracles \[Livre des miracles\], continuent de fasciner l'artiste. Ce manuscrit anonyme, relatant des phénomènes surnaturels, mêle récits bibliques, folklore et visions apocalyptiques. Dans ces pages à la modernité troublante, la relation entre le monde céleste et le monde terrestre apparaît profondément conflictuelle : les phénomènes mis en scène dans ces gravures se transforment alors en objets ou événements annonciateurs d'apocalypses et porteurs de menaces pour l'humanité. L'inconnu redevient inquiétant, ravivant la crainte de ce qui échappe à la compréhension humaine.  
L'artiste met en relation ces craintes célestes avec des récits plus contemporains qui s'en font étrangement l'écho, comme les auditions du Congrès américain alertant sur une possible menace extraterrestre. Les croyances traversent ainsi les siècles, s'adaptant aux technologies de leur temps tout en rejouant les mêmes peurs millénaires.

Avec Signs and Wonders, pensée comme les pages d'un grand manuscrit, Abdelkader Benchamma transforme ainsi la galerie en un espace intermédiaire, organisme fertile en perpétuel mouvement, traversé de passages vers d'autres mondes, oscillant entre inquiétude et désir de réenchantement. Les enluminures, porteuses de mémoire, s'extraient de leurs cadres pour envahir, contaminer et redéfinir l'espace : des pages où certaines étoiles scintillantes seraient devenues des drones errants ou des OVNI, et où, par miracle, le culte des arbres et des pierres existerait toujours.

Cette exposition s'inscrit dans un moment charnière du parcours de l'artiste. En septembre 2026, Abdelkader Benchamma rejoindra la Villa Albertine à New York pour une résidence durant laquelle il explorera notamment les archives de l'American Society for Psychical Research (ASPR). Ce fonds exceptionnel, dédié aux phénomènes parapsychologiques, prolongera sa recherche sur l'invisible et ses représentations.  
L'exposition coïncide également avec l'inauguration à l'hiver prochain de la gare Mairie-de-Vitry-sur-Seine du Grand Paris Express, qu'Abdelkader Benchamma a transformée en une grotte monumentale, recouverte de fresques faisant écho à ses mondes archaïques et poétiques.

Biographie

Diplômé des Beaux-Arts de Montpellier et de l'École des Beaux-Arts, Paris en 2003, Abdelkader Benchamma travaille entre Paris et Montpellier. Lauréat du Prix Drawing Now en 2015, il a été invité la même année par le Drawing Center de New York à inaugurer leur programme de dessin mural avec Representation of Dark Matter (2015-2016). Ces dernières années, il a bénéficié de nombreuses expositions personnelles, au Het Noordbrabants Museum (HNBM), Pays-Bas (2024), au Power Plant de Toronto (2023), à la Fondation Schneider (2023), à la Collection Lambert en Avignon (2022), au MRAC de Sérignan (2020), au Centquatre et au Collège des Bernardins à Paris (2018), au BlueProject Foundation de Barcelone (2016) et au FRAC Auvergne (2015).

Il a également participé à de nombreuses expositions collectives : « Apocalypse. Hier et demain », BnF, Paris ; « Lire le ciel », Mucem, Marseille (2025) ; « Le jour des peintres », musée d'Orsay, Paris (2024), « Immortelle », MO.CO., Montpellier (2023), POLA Museum of Art à Hakone, Japon (2019), Eldorado Lille 3000 (2019); « Melancholia » à la Fondation Boghossian de Bruxelles (2018); « Tamawuj », Sharjah Biennal, Sharjah (2017); « On aime l'art…!, Collection agnès b. », Fondation Yvon Lambert, Avignon (2017); « The Future of a Promise », 54e Biennale de Venise (2011); « Told, Untold, Retold » MATHAF, Arab Museum of Modern Art, Doha, Qatar (2010).

En 2024, Abdelkader Benchamma a été finaliste du prix Marcel Duchamp où il a présenté l'installation « Au bord des mondes » au Centre Pompidou.

Ses œuvres sont également présentées jusqu'au mois de mai 2026 dans l'exposition collective L'École des beaux-arts de Montpellier : une histoire singulière, au MO.CO. à Montpellier et au Mac Marseille du 4 avril au 20 septembre 2026 dans le cadre de l'exposition La vie climatique. Histoires sensibles des collections privées – Triennale De leur temps #8.  
Le musée Espai d'Art Contemporani de Castelló (EACC), à Castelló de la Plana en Espagne, lui consacrera une importante exposition personnelle au mois de juin 2026.  
Enfin, du mois d'octobre au mois de décembre 2026, Abdelkader Benchamma rejoindra le programme de résidence de la Villa Albertine à New York, prolongeant ainsi son dialogue avec la scène artistique américaine.  
Abdelkader Benchamma est représenté par la galerie Templon depuis 2019.",Paris,"30 rue Beaubourg, 75003 Paris",75003,2026-05-08 08:00:00+00:00,"Evenement : ABDELKADER BENCHAMMA Signs and Wonders. Lieu : 30 rue Beaubourg, 75003 Paris, Paris. Date : 08/05/2026. Description : « \[…\] L'œuvre d'Abdelkader Benchamma, le dessin, son médium de prédilection, ne se conçoit pas comme un objet fixe, défini par le rectangle de la feuille de papier, mais comme une énergie envahissant l'espace et le temps. »  
Jeanne Brun, à propos de l'installation Au bord des mondes (2024), d'Abdelkader Benchamma, pour le Prix Marcel Duchamp.  
Jouant subtilement des effets d'échelle et de paréidolie, ses œuvres transforment les surfaces en de véritables espaces de résonance où se déploient flux, figures, turbulences, mondes cosmiques et paysages mentaux. Longtemps dominé par le noir et blanc et par des installations éphémères, son travail accorde désormais une place importante à la couleur, déployée dans des formats inédits, entre fresque et tableau. Abdelkader Benchamma y développe un langage fondé sur un dessin nerveux et hypnotique, nourri d'influences littéraires, ethnologiques et ésotériques, qu'il puise dans un vaste corpus de récits et d'images qu'il collecte, archive et enrichit depuis plusieurs années. Ces représentations, très diverses, alimentent le travail de l'artiste et semblent se situer à la lisière du monde connu, cet espace mouvant entre science et magie, comme un atlas insaisissable des mondes invisibles.

Les œuvres exposées prennent ainsi leur source dans deux ouvrages de référence chers à l'artiste. Le Kitab al-Bulhan \[Les merveilles des choses créées et les curiosités des choses existantes\], plus communément appelé Le Livre des merveilles, manuscrit arabe des XIVe et XVe siècles, provenant de la Mésopotamie médiévale et qui aurait été écrit par Abd Al-Hassan AL-ISFAHANI. Dans ces enluminures singulières, l'étude des astres côtoie talismans magiques, constructions humaines dites « merveilles » et descriptions de djinns — entités invisibles faites de fumée, apparentées à des esprits susceptibles d'apparaître dans nos rêves. Des siècles avant l'apparition des premiers atlas scientifiques européens, le Kitab al-Bulhan fascine par sa puissance poétique, faisant coexister le monde visible et l'invisible au sein d'enluminures demeurées énigmatiques, donnant l'impression d'un réel toujours fuyant, impossible à saisir pleinement.  
Dans un registre différent, les gravures allemandes du XVIe siècle issues du Book of Miracles \[Livre des miracles\], continuent de fasciner l'artiste. Ce manuscrit anonyme, relatant des phénomènes surnaturels, mêle récits bibliques, folklore et visions apocalyptiques. Dans ces pages à la modernité troublante, la relation entre le monde céleste et le monde terrestre apparaît profondément conflictuelle : les phénomènes mis en scène dans ces gravures se transforment alors en objets ou événements annonciateurs d'apocalypses et porteurs de menaces pour l'humanité. L'inconnu redevient inquiétant, ravivant la crainte de ce qui échappe à la compréhension humaine.  
L'artiste met en relation ces craintes célestes avec des récits plus contemporains qui s'en font étrangement l'écho, comme les auditions du Congrès américain alertant sur une possible menace extraterrestre. Les croyances traversent ainsi les siècles, s'adaptant aux technologies de leur temps tout en rejouant les mêmes peurs millénaires.

Avec Signs and Wonders, pensée comme les pages d'un grand manuscrit, Abdelkader Benchamma transforme ainsi la galerie en un espace intermédiaire, organisme fertile en perpétuel mouvement, traversé de passages vers d'autres mondes, oscillant entre inquiétude et désir de réenchantement. Les enluminures, porteuses de mémoire, s'extraient de leurs cadres pour envahir, contaminer et redéfinir l'espace : des pages où certaines étoiles scintillantes seraient devenues des drones errants ou des OVNI, et où, par miracle, le culte des arbres et des pierres existerait toujours.

Cette exposition s'inscrit dans un moment charnière du parcours de l'artiste. En septembre 2026, Abdelkader Benchamma rejoindra la Villa Albertine à New York pour une résidence durant laquelle il explorera notamment les archives de l'American Society for Psychical Research (ASPR). Ce fonds exceptionnel, dédié aux phénomènes parapsychologiques, prolongera sa recherche sur l'invisible et ses représentations.  
L'exposition coïncide également avec l'inauguration à l'hiver prochain de la gare Mairie-de-Vitry-sur-Seine du Grand Paris Express, qu'Abdelkader Benchamma a transformée en une grotte monumentale, recouverte de fresques faisant écho à ses mondes archaïques et poétiques.

Biographie

Diplômé des Beaux-Arts de Montpellier et de l'École des Beaux-Arts, Paris en 2003, Abdelkader Benchamma travaille entre Paris et Montpellier. Lauréat du Prix Drawing Now en 2015, il a été invité la même année par le Drawing Center de New York à inaugurer leur programme de dessin mural avec Representation of Dark Matter (2015-2016). Ces dernières années, il a bénéficié de nombreuses expositions personnelles, au Het Noordbrabants Museum (HNBM), Pays-Bas (2024), au Power Plant de Toronto (2023), à la Fondation Schneider (2023), à la Collection Lambert en Avignon (2022), au MRAC de Sérignan (2020), au Centquatre et au Collège des Bernardins à Paris (2018), au BlueProject Foundation de Barcelone (2016) et au FRAC Auvergne (2015).

Il a également participé à de nombreuses expositions collectives : « Apocalypse. Hier et demain », BnF, Paris ; « Lire le ciel », Mucem, Marseille (2025) ; « Le jour des peintres », musée d'Orsay, Paris (2024), « Immortelle », MO.CO., Montpellier (2023), POLA Museum of Art à Hakone, Japon (2019), Eldorado Lille 3000 (2019); « Melancholia » à la Fondation Boghossian de Bruxelles (2018); « Tamawuj », Sharjah Biennal, Sharjah (2017); « On aime l'art…!, Collection agnès b. », Fondation Yvon Lambert, Avignon (2017); « The Future of a Promise », 54e Biennale de Venise (2011); « Told, Untold, Retold » MATHAF, Arab Museum of Modern Art, Doha, Qatar (2010).

En 2024, Abdelkader Benchamma a été finaliste du prix Marcel Duchamp où il a présenté l'installation « Au bord des mondes » au Centre Pompidou.

Ses œuvres sont également présentées jusqu'au mois de mai 2026 dans l'exposition collective L'École des beaux-arts de Montpellier : une histoire singulière, au MO.CO. à Montpellier et au Mac Marseille du 4 avril au 20 septembre 2026 dans le cadre de l'exposition La vie climatique. Histoires sensibles des collections privées – Triennale De leur temps #8.  
Le musée Espai d'Art Contemporani de Castelló (EACC), à Castelló de la Plana en Espagne, lui consacrera une importante exposition personnelle au mois de juin 2026.  
Enfin, du mois d'octobre au mois de décembre 2026, Abdelkader Benchamma rejoindra le programme de résidence de la Villa Albertine à New York, prolongeant ainsi son dialogue avec la scène artistique américaine.  
Abdelkader Benchamma est représenté par la galerie Templon depuis 2019."
JITISH KALLAT Point of Incidence,"« POINT OF INCIDENCE » se déploie autour d'un axe Terre-Lune, faisant dialoguer deux œuvres majeures - Albedo (Point of Incidence) et Lunar Redux - avec un ensemble de toiles et sculptures satellites. Sans représenter directement ni la Terre ni la Lune, l'exposition esquisse un glissement de la matérialité planétaire vers la spéculation cosmique, là où se rencontrent pensée humaine, droit et imaginaire.

Le parcours débute avec Moon Treaty, une œuvre sculpturale issue du Traité de l'ONU sur la Lune (1979), jamais ratifié, qui introduit des questions de responsabilité planétaire partagée et de droit extraterrestre. En déclarant la Lune comme « patrimoine commun de l'humanité », ce traité posait alors les bases d'une gouvernance commune. Son adoption limitée a révélé l'écart grandissant entre les principes internationaux et la réalité géopolitique à l'aube de l'exploration spatiale. Représentées sous forme de pages froissées, semblables à des globes, celles-ci apparaissent comme des pactes abandonnés, établissant ainsi la dimension éthique de l'exposition.

Lunar Redux se déploie ensuite comme une archive ouverte dans la salle principale de la galerie. Composée de 190 panneaux lenticulaires, l'œuvre traduit le document déclassifié de la Guerre froide Project A119 - une proposition visant à faire exploser un engin nucléaire sur la Lune - en un champ d'instabilité visuelle. À mesure que les images et les textes apparaissent et disparaissent, les archives semblent caviardées puis dissoutes, transformant une spéculation méthodique en scintillement, rémanence et incertitude perceptive.

Plus loin, Albedo (Point of Incidence) opère un mouvement de retour vers l'intérieur. Ici, la peinture devient un processus proche du terraformage. Des couches de peinture routière à base d'eau, de pigments thermochromiques et de gesso réagissent à l'air, à la chaleur et au temps, produisant des surfaces qui évoquent l'érosion, la fonte et l'altération. Plutôt que de représenter directement la Terre, ces œuvres incarnent ses conditions de transformation, capturant les flux planétaires et les traces de l'intervention humaine. Cette série interroge l'équilibre fragile des écosystèmes terrestres à travers une abstraction spéculative, nourrie par des intuitions liées à la lumière, à la température, à la réflexion et au renouvellement.

Le titre fait référence à « l'albédo », c'est-à-dire la capacité d'une surface à réfléchir la lumière plutôt qu'à l'absorber, un indicateur clé de l'évaluation du bilan énergétique de la planète qui retient aujourd'hui plus de chaleur qu'elle n'en libère. La blancheur diffuse des surfaces forme un atlas fragmenté des processus planétaires, évoquant la fonte des glaciers, les déluges, les sécheresses et les flux géologiques, tout en retraçant discrètement des cycles de dégradation et de régénération.

Le parcours se prolonge à l'étage inférieur, où Hexalemma (Earthling Chant) inscrit l'exposition dans une perspective sensible, reliant les visions cosmiques et les systèmes abstraits à l'expérience humaine. Un assemblage d'images, tirées des notes de recherche de l'artiste et de références d'atelier, s'entrelace avec un message interstellaire codé, incarnant une adresse planétaire envoyée depuis un monde divisé. Un arbre phylogénétique abstrait, habituellement symbole d'évolution et de filiation, est pris dans une bourrasque invisible ; sa logique de descendance, habituellement linéaire, s'en trouvant bouleversée. Des fleurs striées, des cavités d'explosions nucléaires et des mains modelant la terre convergent avec des visions de bouleversements planétaires, évoquant la précarité, la mutation et le paradoxe à travers un prisme cosmique.

La composition est imprégnée d'une teinte chaude, patinée par le temps, connue sous le nom de « cosmic latte », terme utilisé par les astronomes pour décrire la couleur moyenne de la lumière émise par l'univers observable. Des symboles découpés, dérivés de « Cosmic Call », un message interstellaire transmis depuis le radiotélescope de Yevpatoria en Ukraine, perforent la surface, reflétant à la fois l'élan de l'humanité vers la connexion et sa capacité d'autodestruction. À travers des échelles de temps et d'espace changeantes, Jitish Kallat invite à réfléchir à l'empreinte de l'humanité sur la Terre et à ses aspirations au-delà.

Biographie

Né à Mumbai (Inde), où il vit et travaille actuellement, Jitish Kallat est l'une des voix les plus importantes de sa génération. Son œuvre a fait l'objet de nombreuses expositions personnelles à l'Art Institute de Chicago, Chicago, États-Unis (2024); Somerset House, Londres, Royaume-Uni, (2023); Ishara Art Foundation and the Prabhakar Collection, Dubai, Émirats Arabes Unis, (2022); Norrtälje Konsthall, Norrtälje, Suède (2021); Frist Art Museum, Nashville, États-Unis, (2020); Philadelphia Museum of Art, États-Unis, (2016-17); Art Gallery of New South Wales, Sydney, Australie, (2015); San Jose Museum of Art, San Jose, États-Unis, (2013); Ian Potter Museum of Art, Melbourne, Australie, (2012); the Bhau Daji Lad Museum, Mumbai, Inde (2011); the Art Institute of Chicago, États-Unis, (2010-2011). En 2017, la National Gallery of Modern Art de New Delhi en Inde a présenté une rétrospective intitulée Here After Here 1992-2017, dont le commissariat était assuré par Catherine David.  
Il a également largement exposé dans de nombreux musées et institutions comme le Tate Modern, Londres, Royaume-Uni, MartinGropius-Bau, Berlin, Allemagne, Gallery of Modern Art, Brisbane, Australie, Kunstmuseum, Bern, Allemagne, Serpentine Galleries, Londres, Royaume-Uni, Mori Art Museum, Tokyo, Japon, BOZAR: Centre For Fine Arts, Bruxelles, Belgique, Pirelli Hangar Bicocca, Milan, Italie, Busan Museum of Art, Busan, Corée du Sud, entres autres.  
Les œuvres de Kallat ont également été exposées à la 58ème Biennale de Venise, Havana Biennale, Gwangju Biennale, Asia Pacific Triennale, Fukuoka Asian Art Triennale, Asian Art Biennale, Curitiba Biennale, Guangzhou Triennale et Kiev Biennale.  
Jitish Kallat a également organisé le projet curatorial inaugural ""I draw, therefore I think"" pour la South South Platform en 2021 et il a été commissaire et directeur artistique de la Kochi-Muziris Biennale en 2014. Le travail de Kallat figure dans des collections publiques et privées à travers le monde, notamment le Centre Pompidou, Paris, France ; Art Institute of Chicago, États-Unis ; Guggenheim Abu Dhabi, United Arab Emirates ; Museum of Contemporary Art, Los Angeles, États-Unis ; M+ Collection, Hong Kong, China ; National Museum of Asian Art, Washington DC, États-Unis, Smithsonian Institution, Washington DC, États-Unis ; National Gallery of Modern Art of New Delhi, Inde; Philadelphia Museum of Art, Philadelphia, États-Unis ; Vanhaerents Art Collection, Bruxelles, Belgique; et le Victoria and Albert Museum, Londres, Royaume-Uni.  
Jitish Kallat est représenté par la galerie Templon depuis 2013.",Paris,"28 rue du Grenier-Saint-Lazare, 75003 Paris",75003,2026-05-08 08:00:00+00:00,"Evenement : JITISH KALLAT Point of Incidence. Lieu : 28 rue du Grenier-Saint-Lazare, 75003 Paris, Paris. Date : 08/05/2026. Description : « POINT OF INCIDENCE » se déploie autour d'un axe Terre-Lune, faisant dialoguer deux œuvres majeures - Albedo (Point of Incidence) et Lunar Redux - avec un ensemble de toiles et sculptures satellites. Sans représenter directement ni la Terre ni la Lune, l'exposition esquisse un glissement de la matérialité planétaire vers la spéculation cosmique, là où se rencontrent pensée humaine, droit et imaginaire.

Le parcours débute avec Moon Treaty, une œuvre sculpturale issue du Traité de l'ONU sur la Lune (1979), jamais ratifié, qui introduit des questions de responsabilité planétaire partagée et de droit extraterrestre. En déclarant la Lune comme « patrimoine commun de l'humanité », ce traité posait alors les bases d'une gouvernance commune. Son adoption limitée a révélé l'écart grandissant entre les principes internationaux et la réalité géopolitique à l'aube de l'exploration spatiale. Représentées sous forme de pages froissées, semblables à des globes, celles-ci apparaissent comme des pactes abandonnés, établissant ainsi la dimension éthique de l'exposition.

Lunar Redux se déploie ensuite comme une archive ouverte dans la salle principale de la galerie. Composée de 190 panneaux lenticulaires, l'œuvre traduit le document déclassifié de la Guerre froide Project A119 - une proposition visant à faire exploser un engin nucléaire sur la Lune - en un champ d'instabilité visuelle. À mesure que les images et les textes apparaissent et disparaissent, les archives semblent caviardées puis dissoutes, transformant une spéculation méthodique en scintillement, rémanence et incertitude perceptive.

Plus loin, Albedo (Point of Incidence) opère un mouvement de retour vers l'intérieur. Ici, la peinture devient un processus proche du terraformage. Des couches de peinture routière à base d'eau, de pigments thermochromiques et de gesso réagissent à l'air, à la chaleur et au temps, produisant des surfaces qui évoquent l'érosion, la fonte et l'altération. Plutôt que de représenter directement la Terre, ces œuvres incarnent ses conditions de transformation, capturant les flux planétaires et les traces de l'intervention humaine. Cette série interroge l'équilibre fragile des écosystèmes terrestres à travers une abstraction spéculative, nourrie par des intuitions liées à la lumière, à la température, à la réflexion et au renouvellement.

Le titre fait référence à « l'albédo », c'est-à-dire la capacité d'une surface à réfléchir la lumière plutôt qu'à l'absorber, un indicateur clé de l'évaluation du bilan énergétique de la planète qui retient aujourd'hui plus de chaleur qu'elle n'en libère. La blancheur diffuse des surfaces forme un atlas fragmenté des processus planétaires, évoquant la fonte des glaciers, les déluges, les sécheresses et les flux géologiques, tout en retraçant discrètement des cycles de dégradation et de régénération.

Le parcours se prolonge à l'étage inférieur, où Hexalemma (Earthling Chant) inscrit l'exposition dans une perspective sensible, reliant les visions cosmiques et les systèmes abstraits à l'expérience humaine. Un assemblage d'images, tirées des notes de recherche de l'artiste et de références d'atelier, s'entrelace avec un message interstellaire codé, incarnant une adresse planétaire envoyée depuis un monde divisé. Un arbre phylogénétique abstrait, habituellement symbole d'évolution et de filiation, est pris dans une bourrasque invisible ; sa logique de descendance, habituellement linéaire, s'en trouvant bouleversée. Des fleurs striées, des cavités d'explosions nucléaires et des mains modelant la terre convergent avec des visions de bouleversements planétaires, évoquant la précarité, la mutation et le paradoxe à travers un prisme cosmique.

La composition est imprégnée d'une teinte chaude, patinée par le temps, connue sous le nom de « cosmic latte », terme utilisé par les astronomes pour décrire la couleur moyenne de la lumière émise par l'univers observable. Des symboles découpés, dérivés de « Cosmic Call », un message interstellaire transmis depuis le radiotélescope de Yevpatoria en Ukraine, perforent la surface, reflétant à la fois l'élan de l'humanité vers la connexion et sa capacité d'autodestruction. À travers des échelles de temps et d'espace changeantes, Jitish Kallat invite à réfléchir à l'empreinte de l'humanité sur la Terre et à ses aspirations au-delà.

Biographie

Né à Mumbai (Inde), où il vit et travaille actuellement, Jitish Kallat est l'une des voix les plus importantes de sa génération. Son œuvre a fait l'objet de nombreuses expositions personnelles à l'Art Institute de Chicago, Chicago, États-Unis (2024); Somerset House, Londres, Royaume-Uni, (2023); Ishara Art Foundation and the Prabhakar Collection, Dubai, Émirats Arabes Unis, (2022); Norrtälje Konsthall, Norrtälje, Suède (2021); Frist Art Museum, Nashville, États-Unis, (2020); Philadelphia Museum of Art, États-Unis, (2016-17); Art Gallery of New South Wales, Sydney, Australie, (2015); San Jose Museum of Art, San Jose, États-Unis, (2013); Ian Potter Museum of Art, Melbourne, Australie, (2012); the Bhau Daji Lad Museum, Mumbai, Inde (2011); the Art Institute of Chicago, États-Unis, (2010-2011). En 2017, la National Gallery of Modern Art de New Delhi en Inde a présenté une rétrospective intitulée Here After Here 1992-2017, dont le commissariat était assuré par Catherine David.  
Il a également largement exposé dans de nombreux musées et institutions comme le Tate Modern, Londres, Royaume-Uni, MartinGropius-Bau, Berlin, Allemagne, Gallery of Modern Art, Brisbane, Australie, Kunstmuseum, Bern, Allemagne, Serpentine Galleries, Londres, Royaume-Uni, Mori Art Museum, Tokyo, Japon, BOZAR: Centre For Fine Arts, Bruxelles, Belgique, Pirelli Hangar Bicocca, Milan, Italie, Busan Museum of Art, Busan, Corée du Sud, entres autres.  
Les œuvres de Kallat ont également été exposées à la 58ème Biennale de Venise, Havana Biennale, Gwangju Biennale, Asia Pacific Triennale, Fukuoka Asian Art Triennale, Asian Art Biennale, Curitiba Biennale, Guangzhou Triennale et Kiev Biennale.  
Jitish Kallat a également organisé le projet curatorial inaugural ""I draw, therefore I think"" pour la South South Platform en 2021 et il a été commissaire et directeur artistique de la Kochi-Muziris Biennale en 2014. Le travail de Kallat figure dans des collections publiques et privées à travers le monde, notamment le Centre Pompidou, Paris, France ; Art Institute of Chicago, États-Unis ; Guggenheim Abu Dhabi, United Arab Emirates ; Museum of Contemporary Art, Los Angeles, États-Unis ; M+ Collection, Hong Kong, China ; National Museum of Asian Art, Washington DC, États-Unis, Smithsonian Institution, Washington DC, États-Unis ; National Gallery of Modern Art of New Delhi, Inde; Philadelphia Museum of Art, Philadelphia, États-Unis ; Vanhaerents Art Collection, Bruxelles, Belgique; et le Victoria and Albert Museum, Londres, Royaume-Uni.  
Jitish Kallat est représenté par la galerie Templon depuis 2013."
Cérémonie Officielle Armistice 1945,Cérémonies officielles célébrant l'armistice du 08 mai 1945 dans les villes de CORMEILLES-EN-PARISIS et LA FRETTE-SUR-SEINE,CORMEILLES EN PARISIS,"94 rue de St Germain  ,  CORMEILLES EN PARISIS",95240,2026-05-08 07:00:00+00:00,"Evenement : Cérémonie Officielle Armistice 1945. Lieu : 94 rue de St Germain  ,  CORMEILLES EN PARISIS, CORMEILLES EN PARISIS. Date : 08/05/2026. Description : Cérémonies officielles célébrant l'armistice du 08 mai 1945 dans les villes de CORMEILLES-EN-PARISIS et LA FRETTE-SUR-SEINE"
JEUDI CHANSON,"Tous les jeudis d’octobre à juin (en dehors des vacances scolaires), une scène ouverte est organisée en entrée libre, pour découvrir de nouveaux artistes et pour présenter le travail des stagiaires de la Manufacture Chanson. Ce sont les Jeudis-Chanson.

Jeudi 7 mai 2026 : Open Mic pour les jeunes du 11eme

**POUR RETROUVER LE PROGRAMME COMPLET, CLIQUEZ : [ICI](https://www.manufacturechanson.org/autres-activites/scenes-ouvertes-jeudis-chanson/)**",Paris,124 avenue de la république 75011 paris,75011,2026-05-07 18:30:00+00:00,"Evenement : JEUDI CHANSON. Lieu : 124 avenue de la république 75011 paris, Paris. Date : 07/05/2026. Description : Tous les jeudis d’octobre à juin (en dehors des vacances scolaires), une scène ouverte est organisée en entrée libre, pour découvrir de nouveaux artistes et pour présenter le travail des stagiaires de la Manufacture Chanson. Ce sont les Jeudis-Chanson.

Jeudi 7 mai 2026 : Open Mic pour les jeunes du 11eme

**POUR RETROUVER LE PROGRAMME COMPLET, CLIQUEZ : [ICI](https://www.manufacturechanson.org/autres-activites/scenes-ouvertes-jeudis-chanson/)**"
L'Inconnu du ciné-club • 7 mai,Le rendez-vous cinéphile de Télérama,Paris,"13, rue Victor-Cousin, Paris",75005,2026-05-07 18:00:00+00:00,"Evenement : L'Inconnu du ciné-club • 7 mai. Lieu : 13, rue Victor-Cousin, Paris, Paris. Date : 07/05/2026. Description : Le rendez-vous cinéphile de Télérama"
APRÈS MAI · Rencontre avec Olivier Assayas,Jeudi 7 mai · 19h30,Paris,"170 boulevard de Magenta, Paris 10e arrondissement",75010,2026-05-07 17:30:00+00:00,"Evenement : APRÈS MAI · Rencontre avec Olivier Assayas. Lieu : 170 boulevard de Magenta, Paris 10e arrondissement, Paris. Date : 07/05/2026. Description : Jeudi 7 mai · 19h30"
Cédric Djedje - Vielleicht,"[...] Pensé comme un rituel polyphonique, il mélange enquête documentaire, fiction, paroles intimes, activisme, théories post-coloniales et performance, et prend comme fil conducteur les mobilisations des associations africaines et afro-allemandes pour changer trois noms de rues honorant des colonisateurs dans le « Quartier Africain » à Berlin.

Comment s’attache-t-on à un espace ? Comment l’histoire coloniale résonne-t-elle avec cet attachement ? Comment dialoguent Histoire et vécu intime et quotidien ? Dans le « quartier africain » de Berlin, rôdent encore les fantômes de trois colonisateurs allemands honorés par des noms de rue, mais y résonnent aussi les nombreuses voix de militant·es pour la rebaptisation de ces rues, voix que Cédric Djedje à recueillies lors d’une résidence de recherche. Sur scène, Safi Martin Yé, chercheuse-performeuse, et Cédric Djedje, artiste, alternent entre jeux, récits de violences et de résistances, scènes de la vie berlinoise, et se racontent de façon plus intime, le tout avec humour, amour et engagement. *Vielleicht* entremêle le passé, le présent et futurs rêvés. Vielleicht en allemand signifie « peut-être »….

[Plus d’informations sur notre site web](https://ccsparis.com/evenements/cedric-dje-dje-vielleicht/)",Paris,"32 rue des Francs-Bourgeois, Paris",75003,2026-05-07 17:00:00+00:00,"Evenement : Cédric Djedje - Vielleicht. Lieu : 32 rue des Francs-Bourgeois, Paris, Paris. Date : 07/05/2026. Description : [...] Pensé comme un rituel polyphonique, il mélange enquête documentaire, fiction, paroles intimes, activisme, théories post-coloniales et performance, et prend comme fil conducteur les mobilisations des associations africaines et afro-allemandes pour changer trois noms de rues honorant des colonisateurs dans le « Quartier Africain » à Berlin.

Comment s’attache-t-on à un espace ? Comment l’histoire coloniale résonne-t-elle avec cet attachement ? Comment dialoguent Histoire et vécu intime et quotidien ? Dans le « quartier africain » de Berlin, rôdent encore les fantômes de trois colonisateurs allemands honorés par des noms de rue, mais y résonnent aussi les nombreuses voix de militant·es pour la rebaptisation de ces rues, voix que Cédric Djedje à recueillies lors d’une résidence de recherche. Sur scène, Safi Martin Yé, chercheuse-performeuse, et Cédric Djedje, artiste, alternent entre jeux, récits de violences et de résistances, scènes de la vie berlinoise, et se racontent de façon plus intime, le tout avec humour, amour et engagement. *Vielleicht* entremêle le passé, le présent et futurs rêvés. Vielleicht en allemand signifie « peut-être »….

[Plus d’informations sur notre site web](https://ccsparis.com/evenements/cedric-dje-dje-vielleicht/)"
SOIRÉE SPÉCIALE MURAT,"[](https://mothersealmusic.com)

**SOIRÉE SPÉCIALE MURAT**

Avec le Murat’s Lovely Hearts Club Band (Matt Low, Mathieu Geghre, JP Nataf et Nesles) + invité·e·s (Armelle Pioline, Silvain Vanot, The Rodeo…).  
Une proposition de Nesles sur une idée d'Olivier Bas.  
   
Artiste, même s’il préférait le terme « artisan », Murat l’était assurément.  
Mais un artiste amoureux. Constamment. Amoureux de son Auvergne natale, de grands paysages, mais aussi d’histoire, de cinéma, de poésie, de musique, et de langue française - cette langue qu’il n’a cessé de défendre envers et contre tout, assumant ses origines, son accent, ses défauts, ses contradictions, et n’hésitant pas à qualifier de traîtres celles et ceux qui « chantonnaient dans un anglais de cuisine ». Une forme de résistance qu’il convient aujourd’hui de célébrer en rendant hommage à une œuvre foisonnante, dense, exigeante, foutraque et luxuriante.

Crédit photo : DR",Paris,124 avenue de la république 75011 paris,75011,2026-05-06 18:30:00+00:00,"Evenement : SOIRÉE SPÉCIALE MURAT. Lieu : 124 avenue de la république 75011 paris, Paris. Date : 06/05/2026. Description : [](https://mothersealmusic.com)

**SOIRÉE SPÉCIALE MURAT**

Avec le Murat’s Lovely Hearts Club Band (Matt Low, Mathieu Geghre, JP Nataf et Nesles) + invité·e·s (Armelle Pioline, Silvain Vanot, The Rodeo…).  
Une proposition de Nesles sur une idée d'Olivier Bas.  
   
Artiste, même s’il préférait le terme « artisan », Murat l’était assurément.  
Mais un artiste amoureux. Constamment. Amoureux de son Auvergne natale, de grands paysages, mais aussi d’histoire, de cinéma, de poésie, de musique, et de langue française - cette langue qu’il n’a cessé de défendre envers et contre tout, assumant ses origines, son accent, ses défauts, ses contradictions, et n’hésitant pas à qualifier de traîtres celles et ceux qui « chantonnaient dans un anglais de cuisine ». Une forme de résistance qu’il convient aujourd’hui de célébrer en rendant hommage à une œuvre foisonnante, dense, exigeante, foutraque et luxuriante.

Crédit photo : DR"
Avant-première • 6 mai,FLANA de Zahraa Ghandour,Paris,"13, rue Victor-Cousin, Paris",75005,2026-05-06 17:00:00+00:00,"Evenement : Avant-première • 6 mai. Lieu : 13, rue Victor-Cousin, Paris, Paris. Date : 06/05/2026. Description : FLANA de Zahraa Ghandour"
Shaun le mouton et Quiz des enfants !,Venez jouer avec Shaun 🐑,Paris,"100, rue Mouffetard, Paris",75005,2026-05-06 11:45:00+00:00,"Evenement : Shaun le mouton et Quiz des enfants !. Lieu : 100, rue Mouffetard, Paris, Paris. Date : 06/05/2026. Description : Venez jouer avec Shaun 🐑"
Histoires ? Raconte ! Histoires tunisiennes qui donnent le sourire,"De l'autre côté de la Méditerranée, quatre animaux décident de fuir le monde des hommes. Ils y sont trop maltraités. Ces nouveaux amis s'enfoncent dans la montagne, en bordure de désert.

Mais les lions y rôdent...

Comment vont-ils survivre ?

En se serrant les coudes sans jamais désespérer.

Contes de résistance pour temps troubles, à mettre entre toutes les oreilles.

Sylvain Gagnier raconte pour tous les publics, faisant danser la parole avec l'imaginaire, surgir le merveilleux. Il puise dans les contes traditionnels du monde entier pour tracer son chemin, provoque les rencontres, et cultive l'imprévu. Des contes en musique pour des oreilles d'aujourd'hui.",Paris,6 rue Wurtz,75013,2026-05-06 12:00:00+00:00,"Evenement : Histoires ? Raconte ! Histoires tunisiennes qui donnent le sourire. Lieu : 6 rue Wurtz, Paris. Date : 06/05/2026. Description : De l'autre côté de la Méditerranée, quatre animaux décident de fuir le monde des hommes. Ils y sont trop maltraités. Ces nouveaux amis s'enfoncent dans la montagne, en bordure de désert.

Mais les lions y rôdent...

Comment vont-ils survivre ?

En se serrant les coudes sans jamais désespérer.

Contes de résistance pour temps troubles, à mettre entre toutes les oreilles.

Sylvain Gagnier raconte pour tous les publics, faisant danser la parole avec l'imaginaire, surgir le merveilleux. Il puise dans les contes traditionnels du monde entier pour tracer son chemin, provoque les rencontres, et cultive l'imprévu. Des contes en musique pour des oreilles d'aujourd'hui."
"LA VIE APRÈS SIHAM · ""Dernière parisienne"" & rencontre avec Namir Abdel Messeeh",Mardi 5 mai · 20h,Paris,"170 boulevard de Magenta, Paris 10e arrondissement",75010,2026-05-05 18:00:00+00:00,"Evenement : LA VIE APRÈS SIHAM · ""Dernière parisienne"" & rencontre avec Namir Abdel Messeeh. Lieu : 170 boulevard de Magenta, Paris 10e arrondissement, Paris. Date : 05/05/2026. Description : Mardi 5 mai · 20h"
Nouvel Hollywood - Héritage,Le ciné-club animé par Thierry Laurentin fait son retour pour une 2ème saison.,Paris,"98 Bd du Montparnasse, Paris",75006,2026-05-05 18:00:00+00:00,"Evenement : Nouvel Hollywood - Héritage. Lieu : 98 Bd du Montparnasse, Paris, Paris. Date : 05/05/2026. Description : Le ciné-club animé par Thierry Laurentin fait son retour pour une 2ème saison."
Ciné club des Cahiers • 5 mai,LA FEMME DE L'AVIATEUR de Eric Rohmer,Paris,"13, rue Victor-Cousin, Paris",75005,2026-05-05 18:00:00+00:00,"Evenement : Ciné club des Cahiers • 5 mai. Lieu : 13, rue Victor-Cousin, Paris, Paris. Date : 05/05/2026. Description : LA FEMME DE L'AVIATEUR de Eric Rohmer"
Lost in Frenchlation,The Best of French Cinema with English Subs,Paris,"100, rue Mouffetard, Paris",75005,2026-05-05 18:00:00+00:00,"Evenement : Lost in Frenchlation. Lieu : 100, rue Mouffetard, Paris, Paris. Date : 05/05/2026. Description : The Best of French Cinema with English Subs"
RENCONTRE PROFESSIONNELLE : NICOLAS LEFÈVRE,"**L'invité : Nicolas Lefèvre / Directeur - FAIR**

Nicolas Lefèvre est un professionnel des musiques actuelles depuis plus de 20 ans, spécialisé dans l’accompagnement et la professionnalisation des artistes. Il a pris la direction du FAIR (Fonds d’Action et d’Initiative Rock) à Paris le 8 septembre 2025, dispositif national de soutien et de développement de carrières d’artistes reconnu depuis 36 ans. Il fut auparavant Directeur de la Cave aux Poètes de Roubaix de 2012 à 2025, Scène Conventionnée d’Intérêt National « Art et Création » - Mention Musiques Actuelles, il défendait un projet artistique et culturel autour des musiques urbaines, le jeune public et l’accompagnement des artistes de la Région Hauts de France vers la professionnalisation « Hello music ». il est également intervenant en « scènes artistiques contemporaines » en musiques actuelles en MBA – Ingénierie Culturelle à l’ICART. Sa carrière professionnelle a démarré en tant qu’auteur-compositeur-interprète et producteur pendant plus de 10 ans.

**La rencontre démarre à 19h30, le public sur place doit se présenter au plus tard à 19h15.**",Paris,124 avenue de la république 75011 paris,75011,2026-05-05 17:30:00+00:00,"Evenement : RENCONTRE PROFESSIONNELLE : NICOLAS LEFÈVRE. Lieu : 124 avenue de la république 75011 paris, Paris. Date : 05/05/2026. Description : **L'invité : Nicolas Lefèvre / Directeur - FAIR**

Nicolas Lefèvre est un professionnel des musiques actuelles depuis plus de 20 ans, spécialisé dans l’accompagnement et la professionnalisation des artistes. Il a pris la direction du FAIR (Fonds d’Action et d’Initiative Rock) à Paris le 8 septembre 2025, dispositif national de soutien et de développement de carrières d’artistes reconnu depuis 36 ans. Il fut auparavant Directeur de la Cave aux Poètes de Roubaix de 2012 à 2025, Scène Conventionnée d’Intérêt National « Art et Création » - Mention Musiques Actuelles, il défendait un projet artistique et culturel autour des musiques urbaines, le jeune public et l’accompagnement des artistes de la Région Hauts de France vers la professionnalisation « Hello music ». il est également intervenant en « scènes artistiques contemporaines » en musiques actuelles en MBA – Ingénierie Culturelle à l’ICART. Sa carrière professionnelle a démarré en tant qu’auteur-compositeur-interprète et producteur pendant plus de 10 ans.

**La rencontre démarre à 19h30, le public sur place doit se présenter au plus tard à 19h15.**"
"“AU BORD DU MONDE”, un film de Sophie Muselle & Guérin Van de Vorst","Synopsis :  
Alexia, 25 ans, volontaire et idéaliste, arrive comme infirmière stagiaire dans le service fermé d’un hôpital psychiatrique, et rencontre Joëlle, l’infirmière en chef, qui lui apprend le métier. Alexia va être touchée par la colère de Mila, une patiente de 20 ans, qui pense qu’elle n’a rien à faire là. Malgré les avertissements de Joëlle sur la distance à garder avec les patients, Alexia va se rapprocher de Mila et s’investir à fond pour essayer de la faire sortir.

(2024 – Belgique – 1h45)  
Meilleur film et meilleure actrice Festival de Mar Del Plata 2024. Sélectionné au BRIFF 2025 et au Tournai Ramdam Festival 2025. Festival de Saint-Jean-de-Luz 2025.",Paris,46 rue Quincampoix,75004,2026-05-05 18:00:00+00:00,"Evenement : “AU BORD DU MONDE”, un film de Sophie Muselle & Guérin Van de Vorst. Lieu : 46 rue Quincampoix, Paris. Date : 05/05/2026. Description : Synopsis :  
Alexia, 25 ans, volontaire et idéaliste, arrive comme infirmière stagiaire dans le service fermé d’un hôpital psychiatrique, et rencontre Joëlle, l’infirmière en chef, qui lui apprend le métier. Alexia va être touchée par la colère de Mila, une patiente de 20 ans, qui pense qu’elle n’a rien à faire là. Malgré les avertissements de Joëlle sur la distance à garder avec les patients, Alexia va se rapprocher de Mila et s’investir à fond pour essayer de la faire sortir.

(2024 – Belgique – 1h45)  
Meilleur film et meilleure actrice Festival de Mar Del Plata 2024. Sélectionné au BRIFF 2025 et au Tournai Ramdam Festival 2025. Festival de Saint-Jean-de-Luz 2025."
Le voyage dans la lune de Marcel Dzama,"Marcel Dzama, artiste canadien internationalement reconnu, développe depuis la fin des années 1990 une œuvre foisonnante et onirique, au sein de laquelle les pratiques du dessin et du film sont centrales.

Grand admirateur et fin connaisseur des débuts du cinéma, Marcel Dzama est aussi, et plus largement, curieux d’univers variés : l’esprit surréaliste et Dada, les débuts du modernisme, la pop culture, l’illustration, la musique underground, etc. Ces références nourrissent un univers de fantaisie immédiatement reconnaissable, tantôt merveilleux, tantôt cruel, tantôt poétique ou tantôt politique.

En écho à l’exposition de Marcel Dzama en cours à La Criée centre d’art contemporain de Rennes, cette soirée est l’occasion de découvrir une sélection de sept films de l’artiste, des débuts à aujourd’hui, rarement ou jamais montrés en France. Ils seront introduits par Sophie Kaplan, directrice du centre d’art et commissaire de l’exposition.

En partenariat avec la [Criée centre d’art contemporain de Rennes](https://www.la-criee.org/fr/).",Paris,"130, rue du Faubourg Saint-Honoré 75008 Paris",75008,2026-05-05 18:00:00+00:00,"Evenement : Le voyage dans la lune de Marcel Dzama. Lieu : 130, rue du Faubourg Saint-Honoré 75008 Paris, Paris. Date : 05/05/2026. Description : Marcel Dzama, artiste canadien internationalement reconnu, développe depuis la fin des années 1990 une œuvre foisonnante et onirique, au sein de laquelle les pratiques du dessin et du film sont centrales.

Grand admirateur et fin connaisseur des débuts du cinéma, Marcel Dzama est aussi, et plus largement, curieux d’univers variés : l’esprit surréaliste et Dada, les débuts du modernisme, la pop culture, l’illustration, la musique underground, etc. Ces références nourrissent un univers de fantaisie immédiatement reconnaissable, tantôt merveilleux, tantôt cruel, tantôt poétique ou tantôt politique.

En écho à l’exposition de Marcel Dzama en cours à La Criée centre d’art contemporain de Rennes, cette soirée est l’occasion de découvrir une sélection de sept films de l’artiste, des débuts à aujourd’hui, rarement ou jamais montrés en France. Ils seront introduits par Sophie Kaplan, directrice du centre d’art et commissaire de l’exposition.

En partenariat avec la [Criée centre d’art contemporain de Rennes](https://www.la-criee.org/fr/)."
MIROIR D’UN NAUFRAGÉ,"Écriture et mise en scène **Marcos Malavia**  
Avec **Amélie Dumetz, Abder Ouldhaddi, Marcos Malavia**

Trois Blaise sont enfermés dans un lieu qui pourrait bien symboliser leur propre psyché. Et si ces trois personnages n’étaient en réalité que les fragments d’un seul esprit ?  
Au fil de leur dialogue, se révèlent peu à peu trois dimensions fondamentales du monde intérieur, trois voix qui cohabitent, s’interrogent, se heurtent. Tous les trois attendent l’arrivée d’un cafard. Visiteur inattendu, perturbateur ou messager, il pourrait bien être le guide vers la compréhension de l’enfermement... et peut-être, vers une libération.  
  
**Marcos Malavia / Une quête dans l’écriture**  
Il arrive que certaines œuvres, écrites dans l’élan de la jeunesse, résistent au temps, non pas parce qu’elles sont abouties, mais parce qu’elles contiennent un noyau énigmatique, un appel que l’on n’a pas encore les moyens d’entendre. Miroir d’un Naufragé fut pour moi cette pièce (écrite en 1999). Elle a continué de m’habiter en silence, sans que je parvienne à en percer totalement le sens.  
Lorsque Laurent Terzieff en fit une lecture, un dialogue s’engagea. Ses mots, ses silences, sa manière de laisser résonner le texte m’ont ouvert un espace inattendu : celui d’un théâtre qui ne serait pas seulement adresse ou récit, mais interrogation de l’ être.  
Vingt-cinq ans plus tard, je suis revenu à cette pièce. Non par nostalgie, mais parce qu’elle me rappelait à elle. Quelque chose n’avait pas été dit. Ou pas entendu. Ce que j’avais pris pour des zones d’ombre était peut-être, en réalité, l’essentiel.  
Reprendre le texte, c’était comme reprendre un tableau ancien — non pour le retoucher, mais pour y tracer un autre éclairage, une lumière nouvelle.  
  
Marcos Malavia est auteur, acteur et metteur en scène au sein de la compagnie Mona Lisa Klaxon. Il co-dirige le Festival Auteurs en Acte, qu’il a créé, d’abord à L’Isle sur la Sorgue dans le Vaucluse, puis à Bagneux dans les Hauts de Seine. Il est directeur et fondateur de l'École Nationale de Théâtre de Bolivie. Il à écris et publié de nombreuses pièces de théâtre, ainsi que de romans et scenarios.",Bagnolet,20 rue Marie-Anne Colombier 93170 Bagnolet,75020,2026-05-05 17:30:00+00:00,"Evenement : MIROIR D’UN NAUFRAGÉ. Lieu : 20 rue Marie-Anne Colombier 93170 Bagnolet, Bagnolet. Date : 05/05/2026. Description : Écriture et mise en scène **Marcos Malavia**  
Avec **Amélie Dumetz, Abder Ouldhaddi, Marcos Malavia**

Trois Blaise sont enfermés dans un lieu qui pourrait bien symboliser leur propre psyché. Et si ces trois personnages n’étaient en réalité que les fragments d’un seul esprit ?  
Au fil de leur dialogue, se révèlent peu à peu trois dimensions fondamentales du monde intérieur, trois voix qui cohabitent, s’interrogent, se heurtent. Tous les trois attendent l’arrivée d’un cafard. Visiteur inattendu, perturbateur ou messager, il pourrait bien être le guide vers la compréhension de l’enfermement... et peut-être, vers une libération.  
  
**Marcos Malavia / Une quête dans l’écriture**  
Il arrive que certaines œuvres, écrites dans l’élan de la jeunesse, résistent au temps, non pas parce qu’elles sont abouties, mais parce qu’elles contiennent un noyau énigmatique, un appel que l’on n’a pas encore les moyens d’entendre. Miroir d’un Naufragé fut pour moi cette pièce (écrite en 1999). Elle a continué de m’habiter en silence, sans que je parvienne à en percer totalement le sens.  
Lorsque Laurent Terzieff en fit une lecture, un dialogue s’engagea. Ses mots, ses silences, sa manière de laisser résonner le texte m’ont ouvert un espace inattendu : celui d’un théâtre qui ne serait pas seulement adresse ou récit, mais interrogation de l’ être.  
Vingt-cinq ans plus tard, je suis revenu à cette pièce. Non par nostalgie, mais parce qu’elle me rappelait à elle. Quelque chose n’avait pas été dit. Ou pas entendu. Ce que j’avais pris pour des zones d’ombre était peut-être, en réalité, l’essentiel.  
Reprendre le texte, c’était comme reprendre un tableau ancien — non pour le retoucher, mais pour y tracer un autre éclairage, une lumière nouvelle.  
  
Marcos Malavia est auteur, acteur et metteur en scène au sein de la compagnie Mona Lisa Klaxon. Il co-dirige le Festival Auteurs en Acte, qu’il a créé, d’abord à L’Isle sur la Sorgue dans le Vaucluse, puis à Bagneux dans les Hauts de Seine. Il est directeur et fondateur de l'École Nationale de Théâtre de Bolivie. Il à écris et publié de nombreuses pièces de théâtre, ainsi que de romans et scenarios."
Lancement de la campagne photo,"_Découvrez le fonds photographique hérité du concours « C’était Paris en 1970 » conservé à la Bibliothèque historique de la Ville de Paris (BHVP), une source abondante en possibilités de reconductions photographiques dans la capitale. Le CAUE de Paris présentera les enjeux de l’Atlas de paysages et détaillera les modalités de participation à cette première campagne photo._  
**En participant à cette soirée, découvrez comment contribuer à l’Observatoire photo et rejoindre une dynamique collective de suivi et de récit du territoire.**  
**En 1970**, la Fnac organise un grand concours photo ouvert à tous les photographes amateurs avec un seul mot d’ordre : capturer Paris sous tous ses angles pour fixer l’image de la ville dans une période de grande mutation urbaine. Le territoire est découpé en 1755 carrés de 250 mètres de côté, attribués à 15 000 candidats. Des dizaines de milliers de photographies sont remises, et données plus tard à la Bibliothèque historique de la Ville de Paris qui conserve aujourd’hui ce fonds d’une richesse sans équivalent.  
**En 2022**, l’État et la Ville de Paris s’associent pour la réalisation d’un Atlas de paysages de Paris, le dernier manquant en Île-de-France. Cet outil porte l’ambition de fournir une meilleure connaissance de l’ensemble des paysages parisiens dans les projets urbains à venir. Confié à l’équipe de recherche du HRC - EPFL dirigée par Paola Viganò, avec les apports du CAUE pour le volet participatif, [**l’Atlas est publié en ligne**](https://www.paysages-paris.fr/) en 2024.  
**En 2026**, dans la continuité de cet objectif de connaissance des paysages de Paris, la Ville et le CAUE ouvrent à toutes et tous la contribution à l’observatoire photographique pour une première campagne participative. En prenant appui sur l’extraordinaire richesse du fonds « C’était Paris en 1970 », en partie numérisé et rendu accessible par la BHVP, c’est l’opportunité de reconductions photographiques à plus d’un demi-siècle d’intervalle qui se présente, mêlant chasse au trésor et machine à remonter le temps.  
Venez découvrir comment photographie, ville et paysage sont liés, et contribuez à cette campagne photographique participative !

**Programme et intervenants**
-----------------------------

### Introduction

_Présentation de l’Atlas de paysages de Paris_

### Les observatoires de paysage

_Des outils de connaissance et de suivi de l’évolution des paysages_  
• **Frédérique Mocquet**, architecte, docteur en architecture et maîtresse de conférence à l’ENSA Paris-Est

### C’était Paris en 1970

_Concours et fonds photographique_  
• **Juliette Eymeoud**, conservatrice du département de la photographie et de l’iconographie à la Bibliothèque historique de la Ville de Paris, chargée de conservation du fonds du concours Fnac « C’était Paris en 1970 »  
• **Claude Charensol**, photographe amateur ayant participé au concours

### Présentation de la campagne

_Règles de contribution, outil de versement et programme de promenades associées._  
_Modération par Vincent Guiné, paysagiste-urbaniste, chargé de mission au CAUE de Paris._  
**Cette soirée est ouverte à toutes et tous dans la limite des places disponibles, sur inscription individuelle obligatoire.**  
→ **Pour aller plus loin sur le concours « C’était Paris en 1970 »**, découvrez le [**cycle dédié**](https://www.paris.fr/evenements/cycle-c-etait-paris-en-1970-106712) organisé par la Bibliothèque historique de la Ville de Paris, à partir du 1er juin.",Paris,15 avenue du Général Leclerc 75014 Paris,75014,2026-05-05 17:00:00+00:00,"Evenement : Lancement de la campagne photo. Lieu : 15 avenue du Général Leclerc 75014 Paris, Paris. Date : 05/05/2026. Description : _Découvrez le fonds photographique hérité du concours « C’était Paris en 1970 » conservé à la Bibliothèque historique de la Ville de Paris (BHVP), une source abondante en possibilités de reconductions photographiques dans la capitale. Le CAUE de Paris présentera les enjeux de l’Atlas de paysages et détaillera les modalités de participation à cette première campagne photo._  
**En participant à cette soirée, découvrez comment contribuer à l’Observatoire photo et rejoindre une dynamique collective de suivi et de récit du territoire.**  
**En 1970**, la Fnac organise un grand concours photo ouvert à tous les photographes amateurs avec un seul mot d’ordre : capturer Paris sous tous ses angles pour fixer l’image de la ville dans une période de grande mutation urbaine. Le territoire est découpé en 1755 carrés de 250 mètres de côté, attribués à 15 000 candidats. Des dizaines de milliers de photographies sont remises, et données plus tard à la Bibliothèque historique de la Ville de Paris qui conserve aujourd’hui ce fonds d’une richesse sans équivalent.  
**En 2022**, l’État et la Ville de Paris s’associent pour la réalisation d’un Atlas de paysages de Paris, le dernier manquant en Île-de-France. Cet outil porte l’ambition de fournir une meilleure connaissance de l’ensemble des paysages parisiens dans les projets urbains à venir. Confié à l’équipe de recherche du HRC - EPFL dirigée par Paola Viganò, avec les apports du CAUE pour le volet participatif, [**l’Atlas est publié en ligne**](https://www.paysages-paris.fr/) en 2024.  
**En 2026**, dans la continuité de cet objectif de connaissance des paysages de Paris, la Ville et le CAUE ouvrent à toutes et tous la contribution à l’observatoire photographique pour une première campagne participative. En prenant appui sur l’extraordinaire richesse du fonds « C’était Paris en 1970 », en partie numérisé et rendu accessible par la BHVP, c’est l’opportunité de reconductions photographiques à plus d’un demi-siècle d’intervalle qui se présente, mêlant chasse au trésor et machine à remonter le temps.  
Venez découvrir comment photographie, ville et paysage sont liés, et contribuez à cette campagne photographique participative !

**Programme et intervenants**
-----------------------------

### Introduction

_Présentation de l’Atlas de paysages de Paris_

### Les observatoires de paysage

_Des outils de connaissance et de suivi de l’évolution des paysages_  
• **Frédérique Mocquet**, architecte, docteur en architecture et maîtresse de conférence à l’ENSA Paris-Est

### C’était Paris en 1970

_Concours et fonds photographique_  
• **Juliette Eymeoud**, conservatrice du département de la photographie et de l’iconographie à la Bibliothèque historique de la Ville de Paris, chargée de conservation du fonds du concours Fnac « C’était Paris en 1970 »  
• **Claude Charensol**, photographe amateur ayant participé au concours

### Présentation de la campagne

_Règles de contribution, outil de versement et programme de promenades associées._  
_Modération par Vincent Guiné, paysagiste-urbaniste, chargé de mission au CAUE de Paris._  
**Cette soirée est ouverte à toutes et tous dans la limite des places disponibles, sur inscription individuelle obligatoire.**  
→ **Pour aller plus loin sur le concours « C’était Paris en 1970 »**, découvrez le [**cycle dédié**](https://www.paris.fr/evenements/cycle-c-etait-paris-en-1970-106712) organisé par la Bibliothèque historique de la Ville de Paris, à partir du 1er juin."
CARRÉ 35 · Les rendez-vous cinéma de La Louve,Lundi 4 mai · 20h30,Paris,"170 boulevard de Magenta, Paris 10e arrondissement",75010,2026-05-04 18:30:00+00:00,"Evenement : CARRÉ 35 · Les rendez-vous cinéma de La Louve. Lieu : 170 boulevard de Magenta, Paris 10e arrondissement, Paris. Date : 04/05/2026. Description : Lundi 4 mai · 20h30"
Lost in Frenchlation • 4 mai,LA FEMME DE - Screening with English subtitles,Paris,"13, rue Victor-Cousin, Paris",75005,2026-05-04 18:00:00+00:00,"Evenement : Lost in Frenchlation • 4 mai. Lieu : 13, rue Victor-Cousin, Paris, Paris. Date : 04/05/2026. Description : LA FEMME DE - Screening with English subtitles"
Séance exceptionnelle en présence du réalisateur italien Silvio Soldini,"Les Goûteuses d'Hitler, de Silvio Soldini",Paris,"101, rue Saint-Lazare, Paris 9e arrondissement",75009,2026-05-03 18:00:00+00:00,"Evenement : Séance exceptionnelle en présence du réalisateur italien Silvio Soldini. Lieu : 101, rue Saint-Lazare, Paris 9e arrondissement, Paris. Date : 03/05/2026. Description : Les Goûteuses d'Hitler, de Silvio Soldini"
L'Ecole des femmes,"C’est l’histoire d’une journée dans la demeure d’Arnolphe.  
Ce jour-là le tuteur décide d’épouser la jeune fille qu’il tient enfermée.  
Mais voilà que celle-ci se prend, depuis son balcon, à découvrir le monde…  
Ce jour sera aussi celui où la prisonnière, amoureuse, quittera son geôlier.

Avec L’École des femmes Frédérique Lazarini reprend le fil de son hommage aux héroïnes qui résistent, ou s’affranchissent… et interroge le destin d’Agnès, confiée à Arnolphe alors qu’elle n’avait que quatre ans et élevée dans un couvent.

Dans sa chambre d’enfant aux parois de verre, la pupille n’a jamais été bercée que par un discours unique et son éducation s’est construite sur les seuls préceptes de son protecteur, jaloux et possessif. Constamment surveillée, maintenue sous dépendance, celle qui un jour se confronte au dehors (et à l’amour) a atteint l’âge des bouleversements du corps et des émois du cœur, mais souffre de la naïveté extrême qu’on a soigneusement entretenue en son esprit.

Pourtant, sous l’étoffe de son innocence, chrysalide qui peu à peu se craquelle, Agnès, devenant presque hardie, se tient au seuil de sa métamorphose, prête à exister… et son épanouissement soudain et irréductible entraîne Arnolphe dans une descente aux enfers.

Cette école des femmes questionnera notre monde. Un monde où les Arnolphe sont en principe punis, où les jeunes filles pensent suivre leurs propres inclinations, où les jeunes gens semblent si libres… Un monde où, comme en tout monde, les transports amoureux de ces êtres, qui mutuellement se cherchent, se trouvent, sont inaliénables.

Et où l’amour et le rire sont parfois sans pitié.

Une nouvelle lecture de l’œuvre de Molière, limpide et organique, vivante et visuelle, séduisante et subversive !",Paris,45 bis rue Richard Lenoir - 75011 Paris,75011,2026-05-03 13:00:00+00:00,"Evenement : L'Ecole des femmes. Lieu : 45 bis rue Richard Lenoir - 75011 Paris, Paris. Date : 03/05/2026. Description : C’est l’histoire d’une journée dans la demeure d’Arnolphe.  
Ce jour-là le tuteur décide d’épouser la jeune fille qu’il tient enfermée.  
Mais voilà que celle-ci se prend, depuis son balcon, à découvrir le monde…  
Ce jour sera aussi celui où la prisonnière, amoureuse, quittera son geôlier.

Avec L’École des femmes Frédérique Lazarini reprend le fil de son hommage aux héroïnes qui résistent, ou s’affranchissent… et interroge le destin d’Agnès, confiée à Arnolphe alors qu’elle n’avait que quatre ans et élevée dans un couvent.

Dans sa chambre d’enfant aux parois de verre, la pupille n’a jamais été bercée que par un discours unique et son éducation s’est construite sur les seuls préceptes de son protecteur, jaloux et possessif. Constamment surveillée, maintenue sous dépendance, celle qui un jour se confronte au dehors (et à l’amour) a atteint l’âge des bouleversements du corps et des émois du cœur, mais souffre de la naïveté extrême qu’on a soigneusement entretenue en son esprit.

Pourtant, sous l’étoffe de son innocence, chrysalide qui peu à peu se craquelle, Agnès, devenant presque hardie, se tient au seuil de sa métamorphose, prête à exister… et son épanouissement soudain et irréductible entraîne Arnolphe dans une descente aux enfers.

Cette école des femmes questionnera notre monde. Un monde où les Arnolphe sont en principe punis, où les jeunes filles pensent suivre leurs propres inclinations, où les jeunes gens semblent si libres… Un monde où, comme en tout monde, les transports amoureux de ces êtres, qui mutuellement se cherchent, se trouvent, sont inaliénables.

Et où l’amour et le rire sont parfois sans pitié.

Une nouvelle lecture de l’œuvre de Molière, limpide et organique, vivante et visuelle, séduisante et subversive !"
Abdelkader Benchamma  — Signs and Wonders,"Abdelkader Benchamma présente _Signs and Wonders_, sa quatrième exposition personnelle à la Galerie Templon. L’artiste transforme l’espace en un vaste manuscrit contemporain, où le dessin devient énergie, envahissant murs et surfaces dans un jeu d’échelles fascinant. Longtemps marqué par le noir et blanc, son travail explore désormais la couleur à travers des formats inédits, entre fresque et tableau. Nourries de références littéraires, ethnologiques et ésotériques, ses œuvres composent un atlas imaginaire situé à la frontière du visible et de l’invisible.  
L’exposition puise notamment dans deux manuscrits anciens : _Kitab al-Bulhan_ (Livre des merveilles), traité médiéval mêlant astronomie, magie et figures mythiques, et le _Book of Miracles_, recueil allemand du XVIᵉ siècle relatant prodiges et visions apocalyptiques. En écho à ces récits anciens, Benchamma convoque également des mythologies contemporaines, des phénomènes célestes aux spéculations sur les OVNI, révélant la permanence des peurs et des croyances à travers les siècles.  
Pensée comme un organisme en mouvement, _Signs and Wonders_ fait de la galerie un espace traversé de passages vers d’autres mondes, oscillant entre inquiétude cosmique et désir de réenchantement. L’exposition marque un moment clé dans le parcours de l’artiste, qui rejoindra en 2026 la Villa Albertine à New York pour une résidence de recherche consacrée aux archives de l’American Society for Psychical Research.",Paris,"30 rue Beaubourg, 75003 Paris",75003,2026-05-02 08:00:00+00:00,"Evenement : Abdelkader Benchamma  — Signs and Wonders. Lieu : 30 rue Beaubourg, 75003 Paris, Paris. Date : 02/05/2026. Description : Abdelkader Benchamma présente _Signs and Wonders_, sa quatrième exposition personnelle à la Galerie Templon. L’artiste transforme l’espace en un vaste manuscrit contemporain, où le dessin devient énergie, envahissant murs et surfaces dans un jeu d’échelles fascinant. Longtemps marqué par le noir et blanc, son travail explore désormais la couleur à travers des formats inédits, entre fresque et tableau. Nourries de références littéraires, ethnologiques et ésotériques, ses œuvres composent un atlas imaginaire situé à la frontière du visible et de l’invisible.  
L’exposition puise notamment dans deux manuscrits anciens : _Kitab al-Bulhan_ (Livre des merveilles), traité médiéval mêlant astronomie, magie et figures mythiques, et le _Book of Miracles_, recueil allemand du XVIᵉ siècle relatant prodiges et visions apocalyptiques. En écho à ces récits anciens, Benchamma convoque également des mythologies contemporaines, des phénomènes célestes aux spéculations sur les OVNI, révélant la permanence des peurs et des croyances à travers les siècles.  
Pensée comme un organisme en mouvement, _Signs and Wonders_ fait de la galerie un espace traversé de passages vers d’autres mondes, oscillant entre inquiétude cosmique et désir de réenchantement. L’exposition marque un moment clé dans le parcours de l’artiste, qui rejoindra en 2026 la Villa Albertine à New York pour une résidence de recherche consacrée aux archives de l’American Society for Psychical Research."
Atelier enfant - Instruments de musique,"**Atelier enfant - Instruments de musique**
-------------------------------------------

### _Venez créer votre propre instrument de musique !_

Dans cet atelier, vous apprendrez à combiner créativité et musique afin de créer des instruments uniques à partir de matériaux de seconde main.  
\- niveau débutant - matériels fournis -

### _Infos pratiques_

De 6 à 14 ans  
Les enfants doivent obligatoirement être accompagnés d'un adulte  
Les adultes doivent également s'inscrire (gratuit)  
**LIEU**  
L'Atelier de La Ressourcerie Créative, 95 avenue du Général Leclerc, 75014 Paris  
**HORAIRES**  
Samedi 02 mai • 14h30 - 17h00

[\> S'inscrire ici !](https://www.laressourceriecreative.com/les-ateliers-vacances-creatives)",Paris,"95, Avenue du Général Leclerc, 75014 Paris",75014,2026-05-02 12:30:00+00:00,"Evenement : Atelier enfant - Instruments de musique. Lieu : 95, Avenue du Général Leclerc, 75014 Paris, Paris. Date : 02/05/2026. Description : **Atelier enfant - Instruments de musique**
-------------------------------------------

### _Venez créer votre propre instrument de musique !_

Dans cet atelier, vous apprendrez à combiner créativité et musique afin de créer des instruments uniques à partir de matériaux de seconde main.  
\- niveau débutant - matériels fournis -

### _Infos pratiques_

De 6 à 14 ans  
Les enfants doivent obligatoirement être accompagnés d'un adulte  
Les adultes doivent également s'inscrire (gratuit)  
**LIEU**  
L'Atelier de La Ressourcerie Créative, 95 avenue du Général Leclerc, 75014 Paris  
**HORAIRES**  
Samedi 02 mai • 14h30 - 17h00

[\> S'inscrire ici !](https://www.laressourceriecreative.com/les-ateliers-vacances-creatives)"
L'Italie à travers son cinéma • 2 mai,LE DERNIER POUR LA ROUTE de Francesco Sossai,Paris,"13, rue Victor-Cousin, Paris",75005,2026-05-02 09:30:00+00:00,"Evenement : L'Italie à travers son cinéma • 2 mai. Lieu : 13, rue Victor-Cousin, Paris, Paris. Date : 02/05/2026. Description : LE DERNIER POUR LA ROUTE de Francesco Sossai"
Baba Yaga la sorcière,"Plongez au cœur du folklore slave et découvrez comment la Baba Yaga est devenue la Baba Yaga dans ce conte original en théâtre d’ombres !

”Viens-tu ici pour accomplir une tâche, ou pour fuir une tâche ?”  
C’est ce que demande la sorcière Baba Yaga à la petite Anoushka, qui s’est perdue dans la forêt en cherchant son petit oiseau.  
En échange de sa bonne conduite, Baba Yaga promet de répondre à trois de ses questions : Pourquoi sa maison a-t-elle des pattes de poulet ? Pourquoi vit-elle toute seule dans la forêt ? Où se trouve son petit oiseau ?

Baba Yaga est sans aucun doute la figure la plus connue du folklore slave, bien qu’elle ne soit qu’un personnage secondaire aidant ou mettant des bâtons dans les roues au protagoniste principal. Mais jamais l’héroïne de sa propre histoire.  
Eh bien cette injustice change aujourd’hui, dans ce conte !

TEASER : [https://www.youtube.com/watch?v=4Gdf1sGc8RM](https://www.youtube.com/watch?v=4Gdf1sGc8RM)

Ce spectacle fait partie de notre répertoire des contes du monde en théâtre d’ombres. Une invitation à explorer la richesse des récits traditionnels et des légendes qui ont traversé les âges.  
À travers des silhouettes délicatement découpées et projetées sur grand écran, chaque conte prend vie, transportant petits et grands dans des voyages imaginaires au cœur de cultures variées.

Alors venez découvrir l’histoire de la Baba Yaga, et restez à la fin pour poser vos questions et en découvrir plus sur le théâtre d’ombres et le fonctionnement de ses marionnettes !

Spectacle jeune public | 45 min | à partir de 5 ans

Les 29, 30 avril et 1er mai 2026 à 14h30.

Réservation : [https://www.theatredariusmilhaud.fr/spectacles-enfants/baba-yaga-la-sorciere/](https://www.theatredariusmilhaud.fr/spectacles-enfants/baba-yaga-la-sorciere/)

Théâtre Darius Milhaud  
80 allée Darius Milhaud, 75019, Paris.

Renseignements et réservations : 01 42 01 92 26  
E.mail : [theatre@tdmparis.fr](mailto:theatre@tdmparis.fr)",Paris,"80 allée Darius Milhaud, 75019, Paris.",75019,2026-05-01 12:30:00+00:00,"Evenement : Baba Yaga la sorcière. Lieu : 80 allée Darius Milhaud, 75019, Paris., Paris. Date : 01/05/2026. Description : Plongez au cœur du folklore slave et découvrez comment la Baba Yaga est devenue la Baba Yaga dans ce conte original en théâtre d’ombres !

”Viens-tu ici pour accomplir une tâche, ou pour fuir une tâche ?”  
C’est ce que demande la sorcière Baba Yaga à la petite Anoushka, qui s’est perdue dans la forêt en cherchant son petit oiseau.  
En échange de sa bonne conduite, Baba Yaga promet de répondre à trois de ses questions : Pourquoi sa maison a-t-elle des pattes de poulet ? Pourquoi vit-elle toute seule dans la forêt ? Où se trouve son petit oiseau ?

Baba Yaga est sans aucun doute la figure la plus connue du folklore slave, bien qu’elle ne soit qu’un personnage secondaire aidant ou mettant des bâtons dans les roues au protagoniste principal. Mais jamais l’héroïne de sa propre histoire.  
Eh bien cette injustice change aujourd’hui, dans ce conte !

TEASER : [https://www.youtube.com/watch?v=4Gdf1sGc8RM](https://www.youtube.com/watch?v=4Gdf1sGc8RM)

Ce spectacle fait partie de notre répertoire des contes du monde en théâtre d’ombres. Une invitation à explorer la richesse des récits traditionnels et des légendes qui ont traversé les âges.  
À travers des silhouettes délicatement découpées et projetées sur grand écran, chaque conte prend vie, transportant petits et grands dans des voyages imaginaires au cœur de cultures variées.

Alors venez découvrir l’histoire de la Baba Yaga, et restez à la fin pour poser vos questions et en découvrir plus sur le théâtre d’ombres et le fonctionnement de ses marionnettes !

Spectacle jeune public | 45 min | à partir de 5 ans

Les 29, 30 avril et 1er mai 2026 à 14h30.

Réservation : [https://www.theatredariusmilhaud.fr/spectacles-enfants/baba-yaga-la-sorciere/](https://www.theatredariusmilhaud.fr/spectacles-enfants/baba-yaga-la-sorciere/)

Théâtre Darius Milhaud  
80 allée Darius Milhaud, 75019, Paris.

Renseignements et réservations : 01 42 01 92 26  
E.mail : [theatre@tdmparis.fr](mailto:theatre@tdmparis.fr)"
Séance spéciale - SORDA,Projection du film précédée d'une expérience immersive autour de l'accessibilité sensorielle,Paris,"98 Bd du Montparnasse, Paris",75006,2026-04-30 18:00:00+00:00,"Evenement : Séance spéciale - SORDA. Lieu : 98 Bd du Montparnasse, Paris, Paris. Date : 30/04/2026. Description : Projection du film précédée d'une expérience immersive autour de l'accessibilité sensorielle"
PLUIE NOIRE de Shōhei Imamura  · séance présentée par Claude Leblanc,Jeudi  30 avril · 19h,Paris,"170 boulevard de Magenta, Paris 10e arrondissement",75010,2026-04-30 17:00:00+00:00,"Evenement : PLUIE NOIRE de Shōhei Imamura  · séance présentée par Claude Leblanc. Lieu : 170 boulevard de Magenta, Paris 10e arrondissement, Paris. Date : 30/04/2026. Description : Jeudi  30 avril · 19h"
Jazz au Café Maa n°4 : Aki Rissanen et Dominique Pifarély,"**Jazz au Café Maa n°4 : Aki Rissanen et Dominique Pifarély**  
**Jeudi 30 avril 2026 à 20 h**  
  
À l’occasion de la Journée internationale du Jazz de l’UNESCO, l’Institut finlandais présente un concert exceptionnel réunissant deux figures majeures de la scène européenne du jazz : le pianiste finlandais Aki Rissanen et le violoniste français Dominique Pifarély.

En écho à un premier duo en Finlande en 2015, les deux protagonistes, instrumentistes, compositeurs et improvisateurs hors pairs, se retrouvent au Café Maa pour une première française. Après une introduction en solo qui déclinera l’univers sculptural de l’Omniwerk, instrument unique au monde, Aki Rissanen sera rejoint par Dominique Pifarély et sa poésie intuitive. Ils poursuivront leur dialogue par un retour au duo entre violon et piano, sur le magnifique Steinway de l’Institut finlandais. Cette quatrième édition de Jazz au Café Maa s’annonce comme une soirée musicale rare et profondément humaine.

**Aki Rissanen : Omniwerk, piano**  
Depuis une dizaine d’années, Aki Rissanen s’est imposé comme l’une des voix les plus originales et créatives du jazz contemporain européen. Formé au piano classique puis au jazz, il allie sensibilité lyrique, improvisation audacieuse et rigueur formelle, explorant des territoires sonores inédits aussi bien dans ses projets solos que collaboratifs. Son trio initié en 2013 avec le contrebassiste Antti Lötjönen et le batteur Teppo Mäkynen constitue une des formations les plus emblématiques de la scène du jazz nordique.

Avec l’Omniwerk, projet encore inédit en France, Aki Rissanen juxtapose esthétique ancienne et modernité contemporaine. Instrument unique au monde conçu par les artisans finlandais Jukka Ollikka et Jonte Knif, l’Omniwerk est inspiré par les concepts de Léonard de Vinci. Il réunit deux instruments historiques — le Geigenwerk (instrument à cordes frottées imaginé par Léonard) et le Lautenwerk (un luth à clavier baroque) — offrant une palette sonore qui oscille entre clavecin, orchestre à cordes, vielle à roue ou harpe. À travers ce programme, Rissanen puise dans des fragments et idées attribué.e.s à Léonard de Vinci pour créer une dramaturgie musicale où dialogue baroque, minimalisme contemporain et improvisation se mêlent en une expérience sonore vivante et singulière.

**Dominique Pifarély, violon**  
Musicien d’envergure internationale, le violoniste Dominique Pifarély débute sa carrière dès la fin des années 1970 sur les scènes française et européenne. Il se forge une voix unique sur son instrument, naviguant sans cesse entre jazz, musique improvisée et composition contemporaine. Son travail reflète une grande liberté musicale, tant dans ses récitals en solo que dans ses collaborations avec des ensembles et artistes de premier plan. Il est sollicité pour son sens aigu du son, sa musicalité expressive et sa capacité à transcender les genres. Entamé en 1996, son dialogue avec le pianiste Francois Couturier a fait l’objet d’un deuxième album pour le label ECM paru en 2025. « Preludes and songs » a été unanimement salué par la critique.

_Direction artistique par Charles Gil, producteur de tournées basé à Helsinki et fondateur de l’agence Vapaat äänet._",Paris,60 rue des Écoles,75005,2026-04-30 18:00:00+00:00,"Evenement : Jazz au Café Maa n°4 : Aki Rissanen et Dominique Pifarély. Lieu : 60 rue des Écoles, Paris. Date : 30/04/2026. Description : **Jazz au Café Maa n°4 : Aki Rissanen et Dominique Pifarély**  
**Jeudi 30 avril 2026 à 20 h**  
  
À l’occasion de la Journée internationale du Jazz de l’UNESCO, l’Institut finlandais présente un concert exceptionnel réunissant deux figures majeures de la scène européenne du jazz : le pianiste finlandais Aki Rissanen et le violoniste français Dominique Pifarély.

En écho à un premier duo en Finlande en 2015, les deux protagonistes, instrumentistes, compositeurs et improvisateurs hors pairs, se retrouvent au Café Maa pour une première française. Après une introduction en solo qui déclinera l’univers sculptural de l’Omniwerk, instrument unique au monde, Aki Rissanen sera rejoint par Dominique Pifarély et sa poésie intuitive. Ils poursuivront leur dialogue par un retour au duo entre violon et piano, sur le magnifique Steinway de l’Institut finlandais. Cette quatrième édition de Jazz au Café Maa s’annonce comme une soirée musicale rare et profondément humaine.

**Aki Rissanen : Omniwerk, piano**  
Depuis une dizaine d’années, Aki Rissanen s’est imposé comme l’une des voix les plus originales et créatives du jazz contemporain européen. Formé au piano classique puis au jazz, il allie sensibilité lyrique, improvisation audacieuse et rigueur formelle, explorant des territoires sonores inédits aussi bien dans ses projets solos que collaboratifs. Son trio initié en 2013 avec le contrebassiste Antti Lötjönen et le batteur Teppo Mäkynen constitue une des formations les plus emblématiques de la scène du jazz nordique.

Avec l’Omniwerk, projet encore inédit en France, Aki Rissanen juxtapose esthétique ancienne et modernité contemporaine. Instrument unique au monde conçu par les artisans finlandais Jukka Ollikka et Jonte Knif, l’Omniwerk est inspiré par les concepts de Léonard de Vinci. Il réunit deux instruments historiques — le Geigenwerk (instrument à cordes frottées imaginé par Léonard) et le Lautenwerk (un luth à clavier baroque) — offrant une palette sonore qui oscille entre clavecin, orchestre à cordes, vielle à roue ou harpe. À travers ce programme, Rissanen puise dans des fragments et idées attribué.e.s à Léonard de Vinci pour créer une dramaturgie musicale où dialogue baroque, minimalisme contemporain et improvisation se mêlent en une expérience sonore vivante et singulière.

**Dominique Pifarély, violon**  
Musicien d’envergure internationale, le violoniste Dominique Pifarély débute sa carrière dès la fin des années 1970 sur les scènes française et européenne. Il se forge une voix unique sur son instrument, naviguant sans cesse entre jazz, musique improvisée et composition contemporaine. Son travail reflète une grande liberté musicale, tant dans ses récitals en solo que dans ses collaborations avec des ensembles et artistes de premier plan. Il est sollicité pour son sens aigu du son, sa musicalité expressive et sa capacité à transcender les genres. Entamé en 1996, son dialogue avec le pianiste Francois Couturier a fait l’objet d’un deuxième album pour le label ECM paru en 2025. « Preludes and songs » a été unanimement salué par la critique.

_Direction artistique par Charles Gil, producteur de tournées basé à Helsinki et fondateur de l’agence Vapaat äänet._"
Stage - Atelier Ecriture de textes (au semestre),"**Stage - Atelier Ecriture de textes (au semestre)**  
Débloquez votre imaginaire dans un stage dédié à l'écriture de chansons ! En petit groupe et encadré par des professionnels, développez de nouvelles techniques pour enrichir vos textes.",Paris,124 avenue de la république 75011 paris,75011,2026-04-30 17:00:00+00:00,"Evenement : Stage - Atelier Ecriture de textes (au semestre). Lieu : 124 avenue de la république 75011 paris, Paris. Date : 30/04/2026. Description : **Stage - Atelier Ecriture de textes (au semestre)**  
Débloquez votre imaginaire dans un stage dédié à l'écriture de chansons ! En petit groupe et encadré par des professionnels, développez de nouvelles techniques pour enrichir vos textes."
Théâtre Guignol,"Au programme : des situations cocasses, des quiproquos savoureux et une bonne dose de satire sociale.

**23 et 24 avril : Les Souris de Brigandouille**  
Le riche mais avare Brigandouille charge Guignol de faire le ménage chez lui – et surtout de chasser toutes les souris qui ont depuis peu envahi sa maison. Ça tombe bien, Guignol en cherche, du travail ! Mais sera-t-il payé à la hauteur de ce qu'il mérite ?  
Et c'est parti pour le grand nettoyage !

**29 et 30 avril : Le Marchand de coups de bâton**  
Et si les coups de bâton étaient à vendre ?  
En s'essayant à ce commerce d'un nouveau genre, Guignol va trouver là un moyen de gagner de l'argent facilement, mais va aussi se rendre compte que cette activité est plus dangereuse qu'elle n'en a l'air...

Réservation : [https://www.billetreduc.com/spectacle/le-marchand-de-coups-de-baton-370478](https://www.billetreduc.com/spectacle/les-lutins-se-rebellent-364907)

Un spectacle pour tous !  
 Que vous soyez en famille, entre amis ou en solo, nos spectacles de Guignol promettent des rires et des émotions pour petits et grands. Avec des marionnettes magnifiquement réalisées et des mises en scène dynamiques, chaque représentation est une véritable fête !

Le castelet est adaptable et se déplace partout, en intérieur comme en extérieur : centres événementiels, bibliothèques, centres de loisir, dans la rue… il ne reste plus qu'à réserver !

Ne manquez pas cette expérience unique !  
 Réservez vos places dès maintenant et rejoignez-nous pour un moment inoubliable où la tradition rencontre la créativité. Guignol vous attend pour des aventures palpitantes et des éclats de rire à n’en plus finir !

Retrouvez le Guignol de la Compagnie Karrak tous les premiers dimanches du mois et pendant les vacances scolaires au Théâtre Monde du Rêve à Saint-Thibault des Vignes (77).

Ces spectacles, adaptés aux petits comme aux grands, sont une véritable ode à la tradition du théâtre de marionnettes. Ne manquez pas cette occasion de rire ensemble et de redécouvrir les aventures intemporelles de Guignol !

Théâtre Pixel  
18 rue Championnet, 75018 Paris  
Renseignements : 01.42.54.00.92  
[pixel75018@yahoo.com](mailto:pixel75018@yahoo.com)",Paris,18 rue championnet 75018 paris,75018,2026-04-30 13:00:00+00:00,"Evenement : Théâtre Guignol. Lieu : 18 rue championnet 75018 paris, Paris. Date : 30/04/2026. Description : Au programme : des situations cocasses, des quiproquos savoureux et une bonne dose de satire sociale.

**23 et 24 avril : Les Souris de Brigandouille**  
Le riche mais avare Brigandouille charge Guignol de faire le ménage chez lui – et surtout de chasser toutes les souris qui ont depuis peu envahi sa maison. Ça tombe bien, Guignol en cherche, du travail ! Mais sera-t-il payé à la hauteur de ce qu'il mérite ?  
Et c'est parti pour le grand nettoyage !

**29 et 30 avril : Le Marchand de coups de bâton**  
Et si les coups de bâton étaient à vendre ?  
En s'essayant à ce commerce d'un nouveau genre, Guignol va trouver là un moyen de gagner de l'argent facilement, mais va aussi se rendre compte que cette activité est plus dangereuse qu'elle n'en a l'air...

Réservation : [https://www.billetreduc.com/spectacle/le-marchand-de-coups-de-baton-370478](https://www.billetreduc.com/spectacle/les-lutins-se-rebellent-364907)

Un spectacle pour tous !  
 Que vous soyez en famille, entre amis ou en solo, nos spectacles de Guignol promettent des rires et des émotions pour petits et grands. Avec des marionnettes magnifiquement réalisées et des mises en scène dynamiques, chaque représentation est une véritable fête !

Le castelet est adaptable et se déplace partout, en intérieur comme en extérieur : centres événementiels, bibliothèques, centres de loisir, dans la rue… il ne reste plus qu'à réserver !

Ne manquez pas cette expérience unique !  
 Réservez vos places dès maintenant et rejoignez-nous pour un moment inoubliable où la tradition rencontre la créativité. Guignol vous attend pour des aventures palpitantes et des éclats de rire à n’en plus finir !

Retrouvez le Guignol de la Compagnie Karrak tous les premiers dimanches du mois et pendant les vacances scolaires au Théâtre Monde du Rêve à Saint-Thibault des Vignes (77).

Ces spectacles, adaptés aux petits comme aux grands, sont une véritable ode à la tradition du théâtre de marionnettes. Ne manquez pas cette occasion de rire ensemble et de redécouvrir les aventures intemporelles de Guignol !

Théâtre Pixel  
18 rue Championnet, 75018 Paris  
Renseignements : 01.42.54.00.92  
[pixel75018@yahoo.com](mailto:pixel75018@yahoo.com)"
Concert « Entre deux mondes » - Festival Rêves d’enfants,"Enfant prodige repérée à deux ans alors qu’elle jouait Beethoven d’oreille, Lydie Solomon interprète la _Fantaisie n°3 en ré mineur_ et des Variations de la comptine « _Ah ! Vous dirai-je, maman_ » de Wolfgang Amadeus Mozart en français puis en coréen. Le concert se poursuit avec _le Dit de Sim Cheong, fille vertueuse,_ l’un des cinq récits de _pansori_ (art du récit chanté coréen), où Sim Cheong, jeune fille dévouée, se sacrifie en se jetant à la mer pour rendre la vue à son père aveugle, avant de renaître miraculeusement comme reine et de le retrouver lors d’un banquet des aveugles.",Paris,"20 Rue La Boétie, 75008 Paris",75008,2026-04-29 17:00:00+00:00,"Evenement : Concert « Entre deux mondes » - Festival Rêves d’enfants. Lieu : 20 Rue La Boétie, 75008 Paris, Paris. Date : 29/04/2026. Description : Enfant prodige repérée à deux ans alors qu’elle jouait Beethoven d’oreille, Lydie Solomon interprète la _Fantaisie n°3 en ré mineur_ et des Variations de la comptine « _Ah ! Vous dirai-je, maman_ » de Wolfgang Amadeus Mozart en français puis en coréen. Le concert se poursuit avec _le Dit de Sim Cheong, fille vertueuse,_ l’un des cinq récits de _pansori_ (art du récit chanté coréen), où Sim Cheong, jeune fille dévouée, se sacrifie en se jetant à la mer pour rendre la vue à son père aveugle, avant de renaître miraculeusement comme reine et de le retrouver lors d’un banquet des aveugles."
Atelier enfant - Lanterne de la forêt,"**Atelier enfant - Lanterne de la forêt**
-----------------------------------------

### _Partez à l’aventure et créez votre propre lanterne de la forêt !_

Avec du papier, des couleurs et des décorations, transformez votre lanterne en petit monde magique.  
\- niveau débutant - matériels fournis -

### _Infos pratiques_

De 6 à 14 ans  
Les enfants doivent obligatoirement être accompagnés d'un adulte  
Les adultes doivent également s'inscrire (gratuit)  
**LIEU**  
L'Atelier de La Ressourcerie Créative, 95 avenue du Général Leclerc, 75014 Paris  
**HORAIRES**  
Mercredi 29 avril • 14h30 - 17h00

[\> S'inscrire ici !](https://www.laressourceriecreative.com/les-ateliers-vacances-creatives)",Paris,"95, Avenue du Général Leclerc, 75014 Paris",75014,2026-04-29 12:30:00+00:00,"Evenement : Atelier enfant - Lanterne de la forêt. Lieu : 95, Avenue du Général Leclerc, 75014 Paris, Paris. Date : 29/04/2026. Description : **Atelier enfant - Lanterne de la forêt**
-----------------------------------------

### _Partez à l’aventure et créez votre propre lanterne de la forêt !_

Avec du papier, des couleurs et des décorations, transformez votre lanterne en petit monde magique.  
\- niveau débutant - matériels fournis -

### _Infos pratiques_

De 6 à 14 ans  
Les enfants doivent obligatoirement être accompagnés d'un adulte  
Les adultes doivent également s'inscrire (gratuit)  
**LIEU**  
L'Atelier de La Ressourcerie Créative, 95 avenue du Général Leclerc, 75014 Paris  
**HORAIRES**  
Mercredi 29 avril • 14h30 - 17h00

[\> S'inscrire ici !](https://www.laressourceriecreative.com/les-ateliers-vacances-creatives)"
SHŌHEI IMAMURA · rétrospective en 3 films,À partir du 29 avril,Paris,"170 boulevard de Magenta, Paris 10e arrondissement",75010,2026-04-28 22:00:00+00:00,"Evenement : SHŌHEI IMAMURA · rétrospective en 3 films. Lieu : 170 boulevard de Magenta, Paris 10e arrondissement, Paris. Date : 28/04/2026. Description : À partir du 29 avril"
LES GLANEUSES • 28 avril,SKATE KITCHEN de Crystal Moselle,Paris,"13, rue Victor-Cousin, Paris",75005,2026-04-28 17:30:00+00:00,"Evenement : LES GLANEUSES • 28 avril. Lieu : 13, rue Victor-Cousin, Paris, Paris. Date : 28/04/2026. Description : SKATE KITCHEN de Crystal Moselle"
Les mardis des vacances,"### **Les mardis des vacances**

Lors des petites vacances, d'octobre à mai, le mardi est consacré au jeune public à partir de 5 ans. Des visites et des ateliers découvertes sont proposés toute l'année pour explorer, comprendre et imaginer le monde minéral qui nous entoure.  
**Mardi 21 avril 2026, 14h**  
_**A la découverte de l'ADN**_. Visite et atelier expérimental sur les traces de chercheurs et de chercheuses qui ont permis de mieux comprendre le vivant. Apprenez à extraire l'ADN de banane ! (à partir de 7 ans). Atelier mené par Manuella Dezi, enseignante chercheuse à Sorbonne Université.  
**Mardi 21 avril 2026, 15h30**  
_**Cristal pouss'**_. Atelier de création de cristaux de synthèse (à partir de 8 ans). Découvrez ce qu'est un cristal et comment il se forme. Atelier mené par Michel Verdaguer, enseignant chercheur et Mina Gillé, étudiante à Sorbonne Université.  
**Mardi 28 avril 2026, 14h**  
_**Sur les traces de Pasteur**_. Atelier classification et expérimentation autour des découvertes de Pasteur (à partir de 7 ans). Atelier mené par Laure Fort, enseignante chercheuse à Sorbonne Université.",Paris,4 place Jussieu 75005,75005,2026-04-28 12:00:00+00:00,"Evenement : Les mardis des vacances. Lieu : 4 place Jussieu 75005, Paris. Date : 28/04/2026. Description : ### **Les mardis des vacances**

Lors des petites vacances, d'octobre à mai, le mardi est consacré au jeune public à partir de 5 ans. Des visites et des ateliers découvertes sont proposés toute l'année pour explorer, comprendre et imaginer le monde minéral qui nous entoure.  
**Mardi 21 avril 2026, 14h**  
_**A la découverte de l'ADN**_. Visite et atelier expérimental sur les traces de chercheurs et de chercheuses qui ont permis de mieux comprendre le vivant. Apprenez à extraire l'ADN de banane ! (à partir de 7 ans). Atelier mené par Manuella Dezi, enseignante chercheuse à Sorbonne Université.  
**Mardi 21 avril 2026, 15h30**  
_**Cristal pouss'**_. Atelier de création de cristaux de synthèse (à partir de 8 ans). Découvrez ce qu'est un cristal et comment il se forme. Atelier mené par Michel Verdaguer, enseignant chercheur et Mina Gillé, étudiante à Sorbonne Université.  
**Mardi 28 avril 2026, 14h**  
_**Sur les traces de Pasteur**_. Atelier classification et expérimentation autour des découvertes de Pasteur (à partir de 7 ans). Atelier mené par Laure Fort, enseignante chercheuse à Sorbonne Université."
Temps des Mémoires 2026,"Un weekend de célébration autour des 25 ans de la loi Taubira, en partenariat avec la Fondation pour la mémoire de l’esclavage.",Paris,"2, Place de la Concorde 75008 Paris",75008,2026-04-26 10:30:00+00:00,"Evenement : Temps des Mémoires 2026. Lieu : 2, Place de la Concorde 75008 Paris, Paris. Date : 26/04/2026. Description : Un weekend de célébration autour des 25 ans de la loi Taubira, en partenariat avec la Fondation pour la mémoire de l’esclavage."
Solos - Danse contemporaine - Journée Internationale de la Danse,"La Journée Internationale de la Danse, décrétée par l’Unesco en 1982, a trouvé dans les programmations du Mandapa une expression permanente : les multiples formes de la danse contemporaine européenne ont été présentes tout au long de ces 50 années, au côté des traditions du monde.

Certains des artistes dont nous avons accueilli les recherches au fil de leur évolution, proposent des créations pour cette journée anniversaire.

Marie-Claude Astor

Aléa

De seconde en seconde, faire éclore le geste juste.

Léone Cats-Baril

R.éprise

Une danse, un costume, Réapparaissent.

Plus tout à fait les mêmes. Traces du temps…

Laure Daugé, Claude Gamba - Danse et Recherche

L’Ineffable, mesure du temps levé

Deux danseurs en studio, travail et fantaisie, les moments s’égrènent au rythme des pièces chorégraphiques qu’ils font revivre.

Echinops : Hélène Marc, Isabelle Dufau, Dominique Schmitt

Il y a le voyage / À chacun son objet, sa matière, sa couleur, son univers et son langage singulier.

La danse devient alors la dansée, faite d’histoires qui se tissent et s’entremêlent…

Hélène Marquié

Trop penser empêche de rêver

Fragments de choses trouvées dans les cartons de chorégraphies avortées, de textes oubliés, d'idées géniales abandonnées, de gestes orphelins ou de ceux devenus signatures.

Lidia Martinez

Cartas de amor

Maroussia Vossen - Danseuse piétonne

Il n’y a qu’un pas de la marche à la danse.",Paris,6 rue Wurtz,75013,2026-04-26 13:00:00+00:00,"Evenement : Solos - Danse contemporaine - Journée Internationale de la Danse. Lieu : 6 rue Wurtz, Paris. Date : 26/04/2026. Description : La Journée Internationale de la Danse, décrétée par l’Unesco en 1982, a trouvé dans les programmations du Mandapa une expression permanente : les multiples formes de la danse contemporaine européenne ont été présentes tout au long de ces 50 années, au côté des traditions du monde.

Certains des artistes dont nous avons accueilli les recherches au fil de leur évolution, proposent des créations pour cette journée anniversaire.

Marie-Claude Astor

Aléa

De seconde en seconde, faire éclore le geste juste.

Léone Cats-Baril

R.éprise

Une danse, un costume, Réapparaissent.

Plus tout à fait les mêmes. Traces du temps…

Laure Daugé, Claude Gamba - Danse et Recherche

L’Ineffable, mesure du temps levé

Deux danseurs en studio, travail et fantaisie, les moments s’égrènent au rythme des pièces chorégraphiques qu’ils font revivre.

Echinops : Hélène Marc, Isabelle Dufau, Dominique Schmitt

Il y a le voyage / À chacun son objet, sa matière, sa couleur, son univers et son langage singulier.

La danse devient alors la dansée, faite d’histoires qui se tissent et s’entremêlent…

Hélène Marquié

Trop penser empêche de rêver

Fragments de choses trouvées dans les cartons de chorégraphies avortées, de textes oubliés, d'idées géniales abandonnées, de gestes orphelins ou de ceux devenus signatures.

Lidia Martinez

Cartas de amor

Maroussia Vossen - Danseuse piétonne

Il n’y a qu’un pas de la marche à la danse."
"Le Labo des métamorphoses : Crée ta déesse, invente ta créature - Atelier jeune public","\[...\] Après une courte visite de l’exposition pour découvrir la figure puissante de Diana, la déesse de la nuit Nout ou encore les familiers des sorcières, les participant·es imaginent et inventent leur propre figure magique.   
Chaque enfant repart avec sa propre créature imaginaire.

MAI-THU PERRET – OTHERMOTHERS  
Première exposition institutionnelle de Mai-Thu Perret (née en 1976, vit et travaille à Genève) à Paris, Othermothers nous transporte dans un espace-temps cosmique. Univers matriciel peuplé de divinités puissantes et de créatures espiègles, l’exposition convoque une histoire chimérique de la représentation, introduisant une nouvelle généalogie de déesses. En passant du son à la céramique, du bronze au néon, de la tapisserie au verre soufflé, l’artiste hybride les matières et les mythologies. Déployant un regard à la fois critique et spirituel, Othermothers convoque de nouvelles cosmogonies dissidentes et la possibilité d’une narration contemporaine mutante et sororale.

[Plus d’informations sur notre site web](https://ccsparis.com/evenements/atelier-jeune-public-labo-metamorphose-1/)",Paris,"32 rue des Francs-Bourgeois, Paris",75003,2026-04-26 13:00:00+00:00,"Evenement : Le Labo des métamorphoses : Crée ta déesse, invente ta créature - Atelier jeune public. Lieu : 32 rue des Francs-Bourgeois, Paris, Paris. Date : 26/04/2026. Description : \[...\] Après une courte visite de l’exposition pour découvrir la figure puissante de Diana, la déesse de la nuit Nout ou encore les familiers des sorcières, les participant·es imaginent et inventent leur propre figure magique.   
Chaque enfant repart avec sa propre créature imaginaire.

MAI-THU PERRET – OTHERMOTHERS  
Première exposition institutionnelle de Mai-Thu Perret (née en 1976, vit et travaille à Genève) à Paris, Othermothers nous transporte dans un espace-temps cosmique. Univers matriciel peuplé de divinités puissantes et de créatures espiègles, l’exposition convoque une histoire chimérique de la représentation, introduisant une nouvelle généalogie de déesses. En passant du son à la céramique, du bronze au néon, de la tapisserie au verre soufflé, l’artiste hybride les matières et les mythologies. Déployant un regard à la fois critique et spirituel, Othermothers convoque de nouvelles cosmogonies dissidentes et la possibilité d’une narration contemporaine mutante et sororale.

[Plus d’informations sur notre site web](https://ccsparis.com/evenements/atelier-jeune-public-labo-metamorphose-1/)"
Ciné-Bar Antifa : Una Giornata Particolare,Ciné-Bar Antifa : Una Giornata Particolare de Ettore Scola - Concert de Tarantella avec I Carbonari,Paris,"20, rue du Temple, Paris",75004,2026-04-25 17:00:00+00:00,"Evenement : Ciné-Bar Antifa : Una Giornata Particolare. Lieu : 20, rue du Temple, Paris, Paris. Date : 25/04/2026. Description : Ciné-Bar Antifa : Una Giornata Particolare de Ettore Scola - Concert de Tarantella avec I Carbonari"
Trikayam - Equilibres et élégances,"Trois disciplines, trois esthétiques dialoguent.  
Ce spectacle est une traversée des contrastes :  
Force et souplesse, ancrage et légèreté, intériorité et expressivité...

Invitation à percevoir la pluralité du geste, la richesse de la tradition et l'élan contemporain d'un croisement sensible.

Kalpana fait partie des danseuses françaises de bharatanatyam qui ont fait le long chemin nécessaire à l’apprentissage d’un art traditionnel. Formée à la musique classique occidentale, elle découvre le bharatanatyam en 1977 en France auprès de Malavika et Shakuntala. Elle part se former en Inde dès 1980 et jusqu’en 1991 auprès des maîtres V.S. Muthuswamy Pillaï et Kalanidhi Narayanan. Elle donne son « arangetram » (premier récital devant la presse et le public) en Novembre 1983 à Chennai et danse lors de festivals dans différentes villes indiennes. Après ces années d’immersion, Kalpana est invitée à son retour en France sur de nombreuses scènes françaises, elle donne des récitals classiques, chorégraphie et collabore avec des metteurs en scène, des musiciens et d’autres chorégraphes, acceptant de plonger ce style rigoureux dans d’autres contextes. Riche de ces expériences, elle enseigne depuis de nombreuses années en France, elle reçoit en 2020 du gouvernement indien le « ICCR Distinguished Alumini Award » qui vient saluer son implication dans l’art du bharatanatyam depuis plus de 40 ans.

Cécile Gordon rencontre au centre Mandapa (en 1982) le Maitre Govindan Kutty Nair qui l’invite à suivre ses enseignements au C.V.N Kalari. Elle obtient plusieurs bourses du Ministère de la Culture (France) et de l’ICCR (Inde). Lors de longs séjours au Kerala elle devient assistante du Maître dans son cabinet médical. En 2004, les anciens de la lignée lui octroient le titre de ""Maitre Cécily"", seule femme et étrangère à obtenir ce titre. Elle a participé à plusieurs démonstrations avec les experts lors de festival en Inde (Padatik) ; elle représente la danse contemporaine française à Calcutta au festival Lok Utsav. Son parcours de comédienne, mime, danseuse et chorégraphe lui a permis de construire et développer une pédagogie particulière devenue une discipline à part entière : le « yoga-Kalari » Elle transmet le Kalarippayat dans les écoles de théâtre, de danse et de yoga en Europe et anime des conférences - démonstrations et encadre des formations de massages ayurvédiques-Kalari. Elle a écrit le texte du livre ""Kalari"", participé à la réalisation des ""Guerriers guérisseurs"" et de ""Transmission ».

Thomas Vo Van Tao commence son apprentissage de la danse en 2000 dans le style Bharatanatyam avec Katia Légeret-Manochhaya puis étudie le Mohiniyattam au Kerala (Inde du Sud) avec Kalamandalam Hymavathi et Neena Prasad. Il présente son premier récital solo en 2012 et continue depuis de se produire sur scène et d’enrichir son répertoire auprès de son professeur Neena Prasad. Partageant son temps entre la France et l’Inde, Thomas est l’un des rares représentants masculins de ce style se produisant sur scène en France et en Inde. Il a notamment dansé sur la scène du Kerala Kalamandalam, de la Maison des Cultures du Monde (Paris), du Festival des Musiques Sacrées de Fès (Maroc) et lors de nombreux festivals au Kerala. De retour en France en 2020 après six ans à Chennai et à Bangalore où il a travaillé comme enseignant de français et d’hindi tout en continuant sa carrière de danseur, Thomas enseigne actuellement le Mohiniyattam à Tours et à Paris (Centre Mandapa).",Paris,6 rue Wurtz,75013,2026-04-25 18:30:00+00:00,"Evenement : Trikayam - Equilibres et élégances. Lieu : 6 rue Wurtz, Paris. Date : 25/04/2026. Description : Trois disciplines, trois esthétiques dialoguent.  
Ce spectacle est une traversée des contrastes :  
Force et souplesse, ancrage et légèreté, intériorité et expressivité...

Invitation à percevoir la pluralité du geste, la richesse de la tradition et l'élan contemporain d'un croisement sensible.

Kalpana fait partie des danseuses françaises de bharatanatyam qui ont fait le long chemin nécessaire à l’apprentissage d’un art traditionnel. Formée à la musique classique occidentale, elle découvre le bharatanatyam en 1977 en France auprès de Malavika et Shakuntala. Elle part se former en Inde dès 1980 et jusqu’en 1991 auprès des maîtres V.S. Muthuswamy Pillaï et Kalanidhi Narayanan. Elle donne son « arangetram » (premier récital devant la presse et le public) en Novembre 1983 à Chennai et danse lors de festivals dans différentes villes indiennes. Après ces années d’immersion, Kalpana est invitée à son retour en France sur de nombreuses scènes françaises, elle donne des récitals classiques, chorégraphie et collabore avec des metteurs en scène, des musiciens et d’autres chorégraphes, acceptant de plonger ce style rigoureux dans d’autres contextes. Riche de ces expériences, elle enseigne depuis de nombreuses années en France, elle reçoit en 2020 du gouvernement indien le « ICCR Distinguished Alumini Award » qui vient saluer son implication dans l’art du bharatanatyam depuis plus de 40 ans.

Cécile Gordon rencontre au centre Mandapa (en 1982) le Maitre Govindan Kutty Nair qui l’invite à suivre ses enseignements au C.V.N Kalari. Elle obtient plusieurs bourses du Ministère de la Culture (France) et de l’ICCR (Inde). Lors de longs séjours au Kerala elle devient assistante du Maître dans son cabinet médical. En 2004, les anciens de la lignée lui octroient le titre de ""Maitre Cécily"", seule femme et étrangère à obtenir ce titre. Elle a participé à plusieurs démonstrations avec les experts lors de festival en Inde (Padatik) ; elle représente la danse contemporaine française à Calcutta au festival Lok Utsav. Son parcours de comédienne, mime, danseuse et chorégraphe lui a permis de construire et développer une pédagogie particulière devenue une discipline à part entière : le « yoga-Kalari » Elle transmet le Kalarippayat dans les écoles de théâtre, de danse et de yoga en Europe et anime des conférences - démonstrations et encadre des formations de massages ayurvédiques-Kalari. Elle a écrit le texte du livre ""Kalari"", participé à la réalisation des ""Guerriers guérisseurs"" et de ""Transmission ».

Thomas Vo Van Tao commence son apprentissage de la danse en 2000 dans le style Bharatanatyam avec Katia Légeret-Manochhaya puis étudie le Mohiniyattam au Kerala (Inde du Sud) avec Kalamandalam Hymavathi et Neena Prasad. Il présente son premier récital solo en 2012 et continue depuis de se produire sur scène et d’enrichir son répertoire auprès de son professeur Neena Prasad. Partageant son temps entre la France et l’Inde, Thomas est l’un des rares représentants masculins de ce style se produisant sur scène en France et en Inde. Il a notamment dansé sur la scène du Kerala Kalamandalam, de la Maison des Cultures du Monde (Paris), du Festival des Musiques Sacrées de Fès (Maroc) et lors de nombreux festivals au Kerala. De retour en France en 2020 après six ans à Chennai et à Bangalore où il a travaillé comme enseignant de français et d’hindi tout en continuant sa carrière de danseur, Thomas enseigne actuellement le Mohiniyattam à Tours et à Paris (Centre Mandapa)."
Écho-Matières,"Écho-Matières explore la puissance sensible des matériaux — bois, textile, cuir, métal ou terre — révélant comment ils continuent de vibrer bien après leur transformation par l’artiste. L’exposition met en lumière leur mémoire tactile : rugosités, souplesses, densités qui éveillent des émotions enfouies et suscitent une expérience intime. Les œuvres, qu’elles soient figuratives ou abstraites, dialoguent par leur charge perceptive plutôt que par leur style. Inspirée de la phénoménologie, Écho-Matières considère la matière comme une force critique et relationnelle, plus qu’un simple support. Chaque geste artistique agit comme une activation : il fait apparaître strates, tensions et traces latentes, transformant les propriétés physiques en expérience vivante.  
Artistes exposants :  
Alain Guillon / Alexandre Kubasik / ANAVAZ / Asya Amosova / Aurore Besson / CeDo / Charlotte Londiche / Consuelo Illand / David Sagnier / Dominique Gais / Éric Jacquelin / Flore Turpin / Gérard Blondeau et Sylvie Canciani / Jade R. / Jean-Pierre Labesse / Laurence Courto / LBDEB / Lorraine Thiria / Marielauterre / Marie-José Morgat-Petit / Marie Dauvergne / Nicole Guézou / Poupée Caussin-Bellon / RV / Sarah Graduel / SLM. / Sanson / Sophie Larroche / Stéphane Illand / Suzanne Rippe / Thibaut Dallet / Tina Graff / Viviane Fuentes  
Human Energy, Solo Show David Cow ( à l’étage )  
Découvrir les œuvres des artistes : [https://www.youtube.com/watch?v=rVSxmgK7a7Q](https://www.youtube.com/watch?v=rVSxmgK7a7Q)  
Découvrir les œuvres de David Cow : [https://www.youtube.com/watch?v=rBPgFWAR7eM](https://www.youtube.com/watch?v=rBPgFWAR7eM)  
Catalogue : [https://heyzine.com/flip-book/78720f1a11.html](https://heyzine.com/flip-book/78720f1a11.html)",Paris,"25 rue de seine, 75006 Paris",75006,2026-04-25 12:30:00+00:00,"Evenement : Écho-Matières. Lieu : 25 rue de seine, 75006 Paris, Paris. Date : 25/04/2026. Description : Écho-Matières explore la puissance sensible des matériaux — bois, textile, cuir, métal ou terre — révélant comment ils continuent de vibrer bien après leur transformation par l’artiste. L’exposition met en lumière leur mémoire tactile : rugosités, souplesses, densités qui éveillent des émotions enfouies et suscitent une expérience intime. Les œuvres, qu’elles soient figuratives ou abstraites, dialoguent par leur charge perceptive plutôt que par leur style. Inspirée de la phénoménologie, Écho-Matières considère la matière comme une force critique et relationnelle, plus qu’un simple support. Chaque geste artistique agit comme une activation : il fait apparaître strates, tensions et traces latentes, transformant les propriétés physiques en expérience vivante.  
Artistes exposants :  
Alain Guillon / Alexandre Kubasik / ANAVAZ / Asya Amosova / Aurore Besson / CeDo / Charlotte Londiche / Consuelo Illand / David Sagnier / Dominique Gais / Éric Jacquelin / Flore Turpin / Gérard Blondeau et Sylvie Canciani / Jade R. / Jean-Pierre Labesse / Laurence Courto / LBDEB / Lorraine Thiria / Marielauterre / Marie-José Morgat-Petit / Marie Dauvergne / Nicole Guézou / Poupée Caussin-Bellon / RV / Sarah Graduel / SLM. / Sanson / Sophie Larroche / Stéphane Illand / Suzanne Rippe / Thibaut Dallet / Tina Graff / Viviane Fuentes  
Human Energy, Solo Show David Cow ( à l’étage )  
Découvrir les œuvres des artistes : [https://www.youtube.com/watch?v=rVSxmgK7a7Q](https://www.youtube.com/watch?v=rVSxmgK7a7Q)  
Découvrir les œuvres de David Cow : [https://www.youtube.com/watch?v=rBPgFWAR7eM](https://www.youtube.com/watch?v=rBPgFWAR7eM)  
Catalogue : [https://heyzine.com/flip-book/78720f1a11.html](https://heyzine.com/flip-book/78720f1a11.html)"
Atelier enfant - Tissage bol en laine,"**Atelier enfant - Tissage bol en laine**
-----------------------------------------

### _Initiez-vous au tissage afin de fabriquer un adorable bol fait main !_

Farfouillez dans les merveilles de La Ressourcerie pour trouver les laines et accessoires que vous aimez et tissez le bol parfait.  
\- niveau débutant - matériels fournis -

### _Infos pratiques_

De 6 à 14 ans  
Les enfants doivent obligatoirement être accompagnés d'un adulte  
Les adultes doivent également s'inscrire (gratuit)  
**LIEU**  
L'Atelier de La Ressourcerie Créative, 95 avenue du Général Leclerc, 75014 Paris  
**HORAIRES**  
Samedi 25 avril • 14h30 - 17h00

[\> S'inscrire ici !](https://www.laressourceriecreative.com/les-ateliers-vacances-creatives)",Paris,"95, Avenue du Général Leclerc, 75014 Paris",75014,2026-04-25 12:30:00+00:00,"Evenement : Atelier enfant - Tissage bol en laine. Lieu : 95, Avenue du Général Leclerc, 75014 Paris, Paris. Date : 25/04/2026. Description : **Atelier enfant - Tissage bol en laine**
-----------------------------------------

### _Initiez-vous au tissage afin de fabriquer un adorable bol fait main !_

Farfouillez dans les merveilles de La Ressourcerie pour trouver les laines et accessoires que vous aimez et tissez le bol parfait.  
\- niveau débutant - matériels fournis -

### _Infos pratiques_

De 6 à 14 ans  
Les enfants doivent obligatoirement être accompagnés d'un adulte  
Les adultes doivent également s'inscrire (gratuit)  
**LIEU**  
L'Atelier de La Ressourcerie Créative, 95 avenue du Général Leclerc, 75014 Paris  
**HORAIRES**  
Samedi 25 avril • 14h30 - 17h00

[\> S'inscrire ici !](https://www.laressourceriecreative.com/les-ateliers-vacances-creatives)"
Attrapez les tous ! La chasse au trésor de la biodiversité et des Pokémons,"Es-tu prêt à devenir le meilleur dresseur ?  
Participe à notre chasse au trésor sur le thème de la biodiversité et des Pokémons !  
Plonge dans le monde des plantes et des animaux qui ont inspiré les Pokémons les plus célèbres.  
À chaque étape, un jeu de questions et d’images vous mettra au défi de retrouver l'inspiration de ces créatures emblématiques.  
Ensemble, nous explorerons les liens entre les racines des pokémons et la biodiversité qui nous entoure, tout en réfléchissant à son impact sur notre quotidien.",Cormeilles-en-Parisis,"4 Route Stratégique, 95240 Cormeilles-en-Parisis",95240,2026-04-25 12:30:00+00:00,"Evenement : Attrapez les tous ! La chasse au trésor de la biodiversité et des Pokémons. Lieu : 4 Route Stratégique, 95240 Cormeilles-en-Parisis, Cormeilles-en-Parisis. Date : 25/04/2026. Description : Es-tu prêt à devenir le meilleur dresseur ?  
Participe à notre chasse au trésor sur le thème de la biodiversité et des Pokémons !  
Plonge dans le monde des plantes et des animaux qui ont inspiré les Pokémons les plus célèbres.  
À chaque étape, un jeu de questions et d’images vous mettra au défi de retrouver l'inspiration de ces créatures emblématiques.  
Ensemble, nous explorerons les liens entre les racines des pokémons et la biodiversité qui nous entoure, tout en réfléchissant à son impact sur notre quotidien."
DUNE - David Lynch · Avant-première de la ressortie en version restaurée 4K,Vendredi 24 avril · 20h30,Paris,"170 boulevard de Magenta, Paris 10e arrondissement",75010,2026-04-24 18:30:00+00:00,"Evenement : DUNE - David Lynch · Avant-première de la ressortie en version restaurée 4K. Lieu : 170 boulevard de Magenta, Paris 10e arrondissement, Paris. Date : 24/04/2026. Description : Vendredi 24 avril · 20h30"
Bal d'époque : Louis XV et Louis XVI,Voyagez dans le temps en dansant avec les bals d'époque de l'Hôtel de la Marine !,Paris,"2, Place de la Concorde 75008 Paris",75008,2026-04-24 17:30:00+00:00,"Evenement : Bal d'époque : Louis XV et Louis XVI. Lieu : 2, Place de la Concorde 75008 Paris, Paris. Date : 24/04/2026. Description : Voyagez dans le temps en dansant avec les bals d'époque de l'Hôtel de la Marine !"
BôL - Flamenco et kathak,"Bôl est un spectacle en trois parties :

Tout d'abord, L'Alpha et l'Omega, un duo dansé, où se mêlent le Kathak d'Isabelle Anna et le Flamenco de Karine Gonzalez,

puis Ursonate, performance énergique et syncopée de Karine Gonzalez, nommée d'après la sonate de Kurt Schwitters qui l'accompagne,

Et Le Bal des Mots, danse de Kathak contemporaine, création originale d'Isabelle Anna.

Isabelle Anna

Danseuse, chorégraphe, Kathak

Baignée dans les arts du spectacle indien depuis sa naissance, Isabelle Anna se spécialise dans la danse Kathak (Lucknow Gharana) et devient la disciple de Pt. Jaikishan Maharaj, fils de Pt. Birju Maharaj, pendant ses neuf ans en Inde.

Rare soliste française reconnue par le gouvernement indien, elle se partage entre transmission, récitals traditionnels et ses explorations chorégraphiques et contemporaines où elle donne au langage du Kathak une nouvelle dimension hors frontières. Isabelle enseigne également à l’Université Sorbonne Nouvelle (“Introduction au théâtre indien” / atelier de pratique “Le kathak, une danse narrative”).

Karine Gonzalez

Danseuse, chorégraphe, Flamenco

Après une formation en piano, danse classique, littérature espagnole et lettres classiques (hypokhâgne, khâgne, certifiée d’espagnol), Karine Herrou Gonzalez se tourne vers le flamenco, se forme à Séville, à Madrid (Amor de Dios) et à Jerez de la Frontera auprès de Concha Vargas, Manolo Marín, Israel Galván. Antonio Reyes, Manuela Carpio. Elle écrit un mémoire de maîtrise Le Flamenco et les mouvements du Moi, obtient la bourse Lavoisier,

intègre la compagnie madrilène d’Antonio Reyes, se produit en France et à l’étranger avec Shahrokh Moshkin Ghalam (Covent Garden, Gasteig de Munich, USA, Canada...).

Elle danse à l’Olympia, Salle Pleyel, la Philharmonie, au Théâtre du Châtelet et dans plusieurs films et spectacles de Tony Gatlif : Vengo, Indignados, Vertiges, Django Drom. Elle a travaillé avec François René Duchâble, Didier Lockwood, Biréli Lagrène. Dimitris Saroglou, Samuelito, Chantal Perraud, Sébastien Llinares, Emmanuel Rossfelder, José Maya, Emmanuelle Bertrand, Denis Lavant. Elle a créé avec sa Compagnie La Mesure Sorcière Al compás de corazón, Les Amants divins, Azahar, Sevilla-Cádiz, Les Andalousies, Djân.

Son projet A Solas représente un tournant. C’est par un nouveau langage chorégraphique tissé d’intime et d’épure, de silence et de rythme, de quotidien et de rite, de corps percussion et de corps mouvement, de voix parlée et de voix chantée qu’elle aborde les thèmes de la femme, de la danseuse et du temps.

Kaléindans'scop",Paris,6 rue Wurtz,75013,2026-04-24 18:30:00+00:00,"Evenement : BôL - Flamenco et kathak. Lieu : 6 rue Wurtz, Paris. Date : 24/04/2026. Description : Bôl est un spectacle en trois parties :

Tout d'abord, L'Alpha et l'Omega, un duo dansé, où se mêlent le Kathak d'Isabelle Anna et le Flamenco de Karine Gonzalez,

puis Ursonate, performance énergique et syncopée de Karine Gonzalez, nommée d'après la sonate de Kurt Schwitters qui l'accompagne,

Et Le Bal des Mots, danse de Kathak contemporaine, création originale d'Isabelle Anna.

Isabelle Anna

Danseuse, chorégraphe, Kathak

Baignée dans les arts du spectacle indien depuis sa naissance, Isabelle Anna se spécialise dans la danse Kathak (Lucknow Gharana) et devient la disciple de Pt. Jaikishan Maharaj, fils de Pt. Birju Maharaj, pendant ses neuf ans en Inde.

Rare soliste française reconnue par le gouvernement indien, elle se partage entre transmission, récitals traditionnels et ses explorations chorégraphiques et contemporaines où elle donne au langage du Kathak une nouvelle dimension hors frontières. Isabelle enseigne également à l’Université Sorbonne Nouvelle (“Introduction au théâtre indien” / atelier de pratique “Le kathak, une danse narrative”).

Karine Gonzalez

Danseuse, chorégraphe, Flamenco

Après une formation en piano, danse classique, littérature espagnole et lettres classiques (hypokhâgne, khâgne, certifiée d’espagnol), Karine Herrou Gonzalez se tourne vers le flamenco, se forme à Séville, à Madrid (Amor de Dios) et à Jerez de la Frontera auprès de Concha Vargas, Manolo Marín, Israel Galván. Antonio Reyes, Manuela Carpio. Elle écrit un mémoire de maîtrise Le Flamenco et les mouvements du Moi, obtient la bourse Lavoisier,

intègre la compagnie madrilène d’Antonio Reyes, se produit en France et à l’étranger avec Shahrokh Moshkin Ghalam (Covent Garden, Gasteig de Munich, USA, Canada...).

Elle danse à l’Olympia, Salle Pleyel, la Philharmonie, au Théâtre du Châtelet et dans plusieurs films et spectacles de Tony Gatlif : Vengo, Indignados, Vertiges, Django Drom. Elle a travaillé avec François René Duchâble, Didier Lockwood, Biréli Lagrène. Dimitris Saroglou, Samuelito, Chantal Perraud, Sébastien Llinares, Emmanuel Rossfelder, José Maya, Emmanuelle Bertrand, Denis Lavant. Elle a créé avec sa Compagnie La Mesure Sorcière Al compás de corazón, Les Amants divins, Azahar, Sevilla-Cádiz, Les Andalousies, Djân.

Son projet A Solas représente un tournant. C’est par un nouveau langage chorégraphique tissé d’intime et d’épure, de silence et de rythme, de quotidien et de rite, de corps percussion et de corps mouvement, de voix parlée et de voix chantée qu’elle aborde les thèmes de la femme, de la danseuse et du temps.

Kaléindans'scop"
"Projection spéciale de ""Before the Bright Day"" de Tsao Shih-Han","### _Before the Bright Day_ - 南方時光 - 2025 - 113 min - Couleurs – VOSTF - Réalisé par TSAO Shih-Han

Sur fond de la première élection présidentielle au suffrage universel direct, le film suit un adolescent qui sèche les cours, joue au billard et fréquente des bandes. Cette agitation révèle en filigrane l’ombre menaçante de la crise des missiles du détroit de Taïwan.

Réalisation & scénario : Tsao Shih-han  
Photographie : Chan Chen-chih  
Montage : Once Lee  
Son : Chou Cheng  
Musique : Summer Lei  
Interprètes : Chen Hsuan-li, Wu Kang-ren, Sun Shu-mei, Rd Huang, Cheng Yu-chieh  
_**bande-annonce :**_ [https://www.youtube.com/watch?v=a2WpdVxzYBg](https://www.youtube.com/watch?v=a2WpdVxzYBg)",Paris,"9, rue Champollion 75005 Paris",75005,2026-04-24 17:30:00+00:00,"Evenement : Projection spéciale de ""Before the Bright Day"" de Tsao Shih-Han. Lieu : 9, rue Champollion 75005 Paris, Paris. Date : 24/04/2026. Description : ### _Before the Bright Day_ - 南方時光 - 2025 - 113 min - Couleurs – VOSTF - Réalisé par TSAO Shih-Han

Sur fond de la première élection présidentielle au suffrage universel direct, le film suit un adolescent qui sèche les cours, joue au billard et fréquente des bandes. Cette agitation révèle en filigrane l’ombre menaçante de la crise des missiles du détroit de Taïwan.

Réalisation & scénario : Tsao Shih-han  
Photographie : Chan Chen-chih  
Montage : Once Lee  
Son : Chou Cheng  
Musique : Summer Lei  
Interprètes : Chen Hsuan-li, Wu Kang-ren, Sun Shu-mei, Rd Huang, Cheng Yu-chieh  
_**bande-annonce :**_ [https://www.youtube.com/watch?v=a2WpdVxzYBg](https://www.youtube.com/watch?v=a2WpdVxzYBg)"
Agenda de nos bals costumés,"LES BALS REVIENNENT TOUS LES MOIS À L’HÔTEL  
DE LA MARINE

Au programme :

Bal révolutionnaire - Vendredi 27 février 2026 de 17h30 à 20h30  
Années folles - Vendredi 27 mars 2026 de 17h30 à 20h30  
Louis XV et Louis XVI - Vendredi 24 avril 2026 de 17h30 à 20h30  
Libération de Paris - Vendredi 29 mai 2026 de 17h30 à 20h30  
Second Empire ""Moyen Orient"" - Vendredi 26 juin 2026 de 17h30 à 20h30

Comment assister à un bal  
Deux possibilités s’offrent à vous pour profiter du bal :  
Dans la cour d’honneur, assistez gratuitement aux démonstrations et rejoignez les danseurs sur la piste pour des danses participatives.  
  
Dans les salons d’apparat, après une visite du monument, admirez les démonstrations dans un cadre exceptionnel. Pas de danses participatives possibles à l'intérieur du monument. L'accès au bal dans les salons d'apparat est compris dans le billet de visite libre du monument

QUE VOUS SOYEZ COSTUME OU NON L’ESSENTIEL EST DE PARTICIPER ! UN MOMENT D’ECHANGE DE DIALOGUES, AUTOUR DU VERRE DE L’AMITIE

INFOS ET RESERVATION 01.455.456.52  
Retrouver-nous sur : [http://nouvelledimension.free.fr](http://nouvelledimension.free.fr) ou  
[http://ndseniors.free.fr](http://ndseniors.free.fr)",Paris,2place de la concorde,75008,2026-04-24 15:30:00+00:00,"Evenement : Agenda de nos bals costumés. Lieu : 2place de la concorde, Paris. Date : 24/04/2026. Description : LES BALS REVIENNENT TOUS LES MOIS À L’HÔTEL  
DE LA MARINE

Au programme :

Bal révolutionnaire - Vendredi 27 février 2026 de 17h30 à 20h30  
Années folles - Vendredi 27 mars 2026 de 17h30 à 20h30  
Louis XV et Louis XVI - Vendredi 24 avril 2026 de 17h30 à 20h30  
Libération de Paris - Vendredi 29 mai 2026 de 17h30 à 20h30  
Second Empire ""Moyen Orient"" - Vendredi 26 juin 2026 de 17h30 à 20h30

Comment assister à un bal  
Deux possibilités s’offrent à vous pour profiter du bal :  
Dans la cour d’honneur, assistez gratuitement aux démonstrations et rejoignez les danseurs sur la piste pour des danses participatives.  
  
Dans les salons d’apparat, après une visite du monument, admirez les démonstrations dans un cadre exceptionnel. Pas de danses participatives possibles à l'intérieur du monument. L'accès au bal dans les salons d'apparat est compris dans le billet de visite libre du monument

QUE VOUS SOYEZ COSTUME OU NON L’ESSENTIEL EST DE PARTICIPER ! UN MOMENT D’ECHANGE DE DIALOGUES, AUTOUR DU VERRE DE L’AMITIE

INFOS ET RESERVATION 01.455.456.52  
Retrouver-nous sur : [http://nouvelledimension.free.fr](http://nouvelledimension.free.fr) ou  
[http://ndseniors.free.fr](http://ndseniors.free.fr)"
Atelier enfant - Poisson suspendu,"**Atelier enfant - Poisson suspendu**
-------------------------------------

### _Venez créer votre propre suspension poisson afin d'égayer vos fenêtres !_

Fouillez dans les trésors de La Ressourcerie et choisissez vos papiers, couleurs et tissus préférés afin de créer le poisson de vos rêves.  
\- niveau débutant - matériels fournis -

### _Infos pratiques_

De 6 à 14 ans  
Les enfants doivent obligatoirement être accompagnés d'un adulte  
Les adultes doivent également s'inscrire (gratuit)  
**LIEU**  
L'Atelier de La Ressourcerie Créative, 95 avenue du Général Leclerc, 75014 Paris  
**HORAIRES**  
Vendredi 24 avril • 14h30 - 17h00

[\> S'inscrire ici !](https://www.laressourceriecreative.com/les-ateliers-vacances-creatives)",Paris,"95, Avenue du Général Leclerc, 75014 Paris",75014,2026-04-24 12:30:00+00:00,"Evenement : Atelier enfant - Poisson suspendu. Lieu : 95, Avenue du Général Leclerc, 75014 Paris, Paris. Date : 24/04/2026. Description : **Atelier enfant - Poisson suspendu**
-------------------------------------

### _Venez créer votre propre suspension poisson afin d'égayer vos fenêtres !_

Fouillez dans les trésors de La Ressourcerie et choisissez vos papiers, couleurs et tissus préférés afin de créer le poisson de vos rêves.  
\- niveau débutant - matériels fournis -

### _Infos pratiques_

De 6 à 14 ans  
Les enfants doivent obligatoirement être accompagnés d'un adulte  
Les adultes doivent également s'inscrire (gratuit)  
**LIEU**  
L'Atelier de La Ressourcerie Créative, 95 avenue du Général Leclerc, 75014 Paris  
**HORAIRES**  
Vendredi 24 avril • 14h30 - 17h00

[\> S'inscrire ici !](https://www.laressourceriecreative.com/les-ateliers-vacances-creatives)"
Exposition collective « Indices de présence » #PRIX CARRÉ SUR SEINE 2025,"En cette édition, une greffe avec ArtContest, concours annuel d’art contemporain de référence pour les jeunes artistes belges ou résidant en Belgique de 35 ans,sera opérée et offrira la découverte d’œuvres de trois lauréat·es de ce dispositif : Helen Anna Flanagan, Shervin Sheik Rezaei & Ugo Woatzi.Leurs œuvres seront exposées dans le Bunker du Centre et en cour 2.En cour 1, seront par ailleurs dévoilées deux créations de Jonathan Sullam : CRUNCH 6 et SLICE OF TIME.Par réciprocité, en septembre 2026, seront exposé.es trois artistes issu.es de l’exposition « Indices de présence » du Prix Carré sur Seine au Botanique à Bruxelles, à la faveur de l’édition 2026 d’ArtContest.

Depuis presque 15 ans, Carré sur Seine s’est imposé comme un véritable accélérateur d’opportunités et un espace de rencontres fertiles entre artistes et professionnels du monde de l’art. Pensé hors des logiques de marché, le dispositif favorise les échanges, la transmission et les liens durables, transformant la rencontre en tremplin.

LES FINALISTES 2025 : UNE GÉNÉRATION ENGAGÉE, REFLET DES MONDES CONTEMPORAINS

Le jury a retenu dix artistes dont les démarches, à la fois exigeantes et ancrées dans le présent, témoignent d’une génération ouverte, mobile et consciente des enjeux contemporains. Âgés en moyenne d’une trentaine d’années (cinq femmes, cinq hommes), les finalistes incarnent une scène internationale attentive aux questions d’identité, de mémoire, aux formes et usages du numérique.

Leurs pratiques - du volume à la performance, de la vidéo à l’art numérique, révèlent un dialogue fécond entre le tangible et le virtuel, le corps et la machine, l’intime et le collectif. Cette édition affirme un véritable parti pris : celui d’une création hybride, libre, en résonance directe avec les mutations du monde.

Les œuvres de Maxime Bagni, Alisa Berger, Anna de Castro Barbosa, Léa Collet, Lina Filipovich, Pablo Hnatow, Yosra Mojtahedi, Gabriel Moraes Aquino, Jonathan Potana et Gaspar Willmann seront réunies pour une exposition collective reflétant cette vitalité et cette diversité.",Paris,"127-129 rue Saint Martin, 75004 Paris",75004,2026-04-23 12:00:00+00:00,"Evenement : Exposition collective « Indices de présence » #PRIX CARRÉ SUR SEINE 2025. Lieu : 127-129 rue Saint Martin, 75004 Paris, Paris. Date : 23/04/2026. Description : En cette édition, une greffe avec ArtContest, concours annuel d’art contemporain de référence pour les jeunes artistes belges ou résidant en Belgique de 35 ans,sera opérée et offrira la découverte d’œuvres de trois lauréat·es de ce dispositif : Helen Anna Flanagan, Shervin Sheik Rezaei & Ugo Woatzi.Leurs œuvres seront exposées dans le Bunker du Centre et en cour 2.En cour 1, seront par ailleurs dévoilées deux créations de Jonathan Sullam : CRUNCH 6 et SLICE OF TIME.Par réciprocité, en septembre 2026, seront exposé.es trois artistes issu.es de l’exposition « Indices de présence » du Prix Carré sur Seine au Botanique à Bruxelles, à la faveur de l’édition 2026 d’ArtContest.

Depuis presque 15 ans, Carré sur Seine s’est imposé comme un véritable accélérateur d’opportunités et un espace de rencontres fertiles entre artistes et professionnels du monde de l’art. Pensé hors des logiques de marché, le dispositif favorise les échanges, la transmission et les liens durables, transformant la rencontre en tremplin.

LES FINALISTES 2025 : UNE GÉNÉRATION ENGAGÉE, REFLET DES MONDES CONTEMPORAINS

Le jury a retenu dix artistes dont les démarches, à la fois exigeantes et ancrées dans le présent, témoignent d’une génération ouverte, mobile et consciente des enjeux contemporains. Âgés en moyenne d’une trentaine d’années (cinq femmes, cinq hommes), les finalistes incarnent une scène internationale attentive aux questions d’identité, de mémoire, aux formes et usages du numérique.

Leurs pratiques - du volume à la performance, de la vidéo à l’art numérique, révèlent un dialogue fécond entre le tangible et le virtuel, le corps et la machine, l’intime et le collectif. Cette édition affirme un véritable parti pris : celui d’une création hybride, libre, en résonance directe avec les mutations du monde.

Les œuvres de Maxime Bagni, Alisa Berger, Anna de Castro Barbosa, Léa Collet, Lina Filipovich, Pablo Hnatow, Yosra Mojtahedi, Gabriel Moraes Aquino, Jonathan Potana et Gaspar Willmann seront réunies pour une exposition collective reflétant cette vitalité et cette diversité."
Exposition de Jonathan Sullam au CWB|Paris,"_**CRUNCH VI**_, 2026, CréationImpression digitale et Sérigraphie à l’encre sur aluminium200 x 200 x 140 cm

Le projet de série Crunch est une exploration sur l’exode de la famille de l’artiste qui prend genèse dans le bassin méditerranéen et le Moyen-Orient. Sur cinq générations, des mouvements migratoires auront connu l’exil en Syrie, en Égypte, en Turquie et au Liban.Plus spécifiquement, l’observation historique des migrations s’est toujours fondée sur le point de vue des individus traversant les frontières et territoires. Le projet Crunch aborde la définition de l’exil comme le lieu à partir duquel les gens ont été effacés plutôt que des gens fuyant vers un ailleurs. Cette hypothèse tente de réinitialiserla question d’une identité culturelle et territoriale : comment celle-ci peut-elle se proclamer si une partie en est rejetée ? Crunch propose une matérialisation de ce postulat, à savoir l’exil comme une mise à distance, une sorte d’étirement spatial du lieu qui a été abandonné et parallèlement une volonté de résoudre cette réalité par l’aspiration de réduire et d’en compresser l’écart.

Le processus de travail est le suivant : les images sont imprimées numériquement sur aluminium, puis retravaillées avec des techniques de sérigraphie, créant un ensemble de textures réfléchissantes et de superpositions qui remettent en questionla lecture des images originales. Ces dernières sont comprimées modifiant la forme physique de l’œuvre, introduisant un élément d’imprévisibilité et altérant la lecture de l’œuvre. Aucun membre de la famille n’est présenté, effacé de chaque image, l’artiste propose des toiles de fond floues qui rappellent un lieu lointain et abandonné. De plus, ce point de référence interprète l’exil comme le lieu d’où les gens ont été effacés plutôt que comme des gens fuyant vers un autre pays, remettant en question l’idée d’une identité territoriale sans communauté. Jonathan Sullam accorde aux histoires qui lui ont été transmises l’importance de la fiction et la façon dont elles incarnent à leur tour un sens profond. La plupart de ces lieux ont été décrits en termes idylliques, devenant des souvenirs vivants d’expériences non vécues. Ils vivent à l’intérieur de l’individu, dans le présent, confrontés à lui.

Les événements historiques traumatisants tels que la question de l’exil sont difficiles à transmettre, mais l’un des défis est d’essayer de recréer une expérience physique qui remet en question la logique d’acceptation et d’accoutumance qui accompagne de tels circonstances. Le principe est de montrer ce qui a disparu, comme une sorte d’archéologie immatérielle des individus via des lieux ou des villes, mais aussi comme un document qui témoigne de ce qui s’est passé.

À une époque caractérisée par l’imagerie numérique éphémère, où les photographies n’ont de valeur temporelle que d’une seconde en moyenne, l’acte de réutiliser d’anciennes photographies pour les reconstituer apparaît comme une intervention critique dansle discours de la mémoire, de l’identité et de la représentation culturelle. Cette pratique transcende la simple nostalgie, il s’agit d’une forme d’engagement matériel avec le passé qui remet en question la nature même de la consommation visuelle dans la société contemporaine. En transformant des images éphémères en artefacts tangibles, nous perturbons les récits socio-technologiques dominants qui donnent la priorité à l’instantané et au superflu. La reconstitution de ces photographies sert de mécanisme pour offrir des expériences alternatives au-delà de leurs contextes d’origine.Ce processus met en évidence les complexités de la mémoire, à la fois collective et individuelle et nous incite à réfléchir à la manière dont nos souvenirs sont affectés par la technologie, la temporalité et l’acte de représentation lui-même. En s’engageant dans ces images imprimées, l’artiste Jonathan Sullam soutient une réflexion critique, interrogeant les dynamiques de pouvoir inhérentes à la culture visuelle et à la marchandisation de la mémoire.

En outre, cette interaction entre le passé et le présent critique l’obsession contemporaine pour l’immédiateté et le caractère jetable de l’image numérique. En mettant l’accent sur la permanence de l’image physique, l’artiste plaide pour un engagement plus profond avec les récits qu’elle contient, en éclairant la manière dont ces moments remettent en question ou renforcent les constructions liées à la société. Ce faisant, Joanathan Sullam n’est pas simplement conservateur de la nostalgie mais participe à un discours qui cherche à articuler les intersections de l’histoire, de la mémoire et de l’identité dans un monde de plus en plus fragmenté. Cette récupération de la fabrication des images encourage à repenser l’éthique de la représentation et les implications de nospratiques visuelles, affirmant finalement la résilience de l’expérience humaine face à un paysage culturel en évolution rapide.

_**SLICE OF TIME**_, 2021,Image imprimée, néon, pied de batterie transfo120 x 30 x 40 cm

Autour de l’installation CRUNCH VI, seront exposés de façon inédite trois éléments sculpturaux constitués de néons extraits de l’installation SLICE OF TIME, composée de tubes fluorescents, recouverts d’images issues du télescope spatial Hubble. Ces vues d’étoiles, dont beaucoup sont déjà mortes, incarnent une réflexion sur le temps perçu comme un objet, aux dimensions infinies. Elles mettent en lumière la coexistence complexe du temps et de l’espace, deux notions inséparables dans leur relation. La relativité restreinte montre que la distance dans l’espace et celle dans le temps sont intrinsèquement liées : plus un déplacement est rapide dans l’espace, plus le temps se contracte ou ralentit. Ainsi, le temps et l’espace forment un paysage flexible et dynamique, déformé par la matière, où chaque mouvement dans l’un influence la mesure de l’autre. Chaque objet ou individu trace sa propre trajectoire à travers ce tissu, qu’on appelle la « ligne d’univers », reliant tous les événements—passés, présents et futurs. L’œuvre de Sullam se déploie alors sur cette toile cosmique, évoquant la manière dont la perception du temps peut fluctuer selon l’état de l’œuvre et le contexte d’observation. De plus, cette expérience se déploie en deux temporalités complémentaires. La première, celle du temps écoulé, est perceptible à travers le gaz néon qui illumine l’image, permettant de la voir concrètement. La seconde, celle du néon éteint, active la mémoire de l’image, évoquant ainsi la dimension intemporelle et subjective de l’œuvre. En somme, Sullam invite à une réflexion sur la relativité de la perception, où le temps et l’espace sont constants mais toujours en fluctuation, dépendant de notre position, de notre mouvement, et de l’état de l’œuvre elle-même.

Jonathan Sullam utilise des matériaux industriels comme une référence à une ère post-industrielle où l’artiste est autorisé à intervenir et à en modifier l’utilisation, en soustrayant les fonctions assignées, inventant l’objectif et l’expérience du matériau afin de lui adjoindre une poésie, une histoire. Son travail protéiforme se caractérise par une fusion poétique entre la notion de territoire et les histoires qui ont marqué un espace donné. Une coalescence dans laquelle il intègre sa propre mythologie, donnant naissance à de nouveaux champs d’expérimentation. Ces réflexions explorent l’image, la matière et la mémoire, offrant une réflexion sur notre rapport au passé et à l’espace.

Le travail examine la diaspora de la famille de l’artiste, exilée de différents pays du Moyen-Orient. Les œuvres naviguent entre présence et absence, une manière d’exister qui reflète l’histoire familiale liée aux déplacements et aux éloignements vécus, ainsi qu’à l’interprétation que l’artiste en a faite. L’ascendance de Jonathan Sullam s’étend sur plusieurs générations d’exil : les membres de la famille ont dû fuir l’Europe, subir les expulsions du foyer d’Égypte, de la Syrie ou d’Irak lorsque les pouvoirs en place se sont retournés contre leurs citoyens. De chaque patrie qu’ils ont quittée, les membres ont rapporté des langues, des cultures, des habitudes, ainsi que des photographies. Ces archives et cette mémoire collective ont fortement influencé le travail de l’artiste, qui se manifeste à travers une contemplation des lieux dont sa famille a dû s’éloigner.",Paris,127-129 rue saint martin 75004 Paris,75004,2026-04-23 12:00:00+00:00,"Evenement : Exposition de Jonathan Sullam au CWB|Paris. Lieu : 127-129 rue saint martin 75004 Paris, Paris. Date : 23/04/2026. Description : _**CRUNCH VI**_, 2026, CréationImpression digitale et Sérigraphie à l’encre sur aluminium200 x 200 x 140 cm

Le projet de série Crunch est une exploration sur l’exode de la famille de l’artiste qui prend genèse dans le bassin méditerranéen et le Moyen-Orient. Sur cinq générations, des mouvements migratoires auront connu l’exil en Syrie, en Égypte, en Turquie et au Liban.Plus spécifiquement, l’observation historique des migrations s’est toujours fondée sur le point de vue des individus traversant les frontières et territoires. Le projet Crunch aborde la définition de l’exil comme le lieu à partir duquel les gens ont été effacés plutôt que des gens fuyant vers un ailleurs. Cette hypothèse tente de réinitialiserla question d’une identité culturelle et territoriale : comment celle-ci peut-elle se proclamer si une partie en est rejetée ? Crunch propose une matérialisation de ce postulat, à savoir l’exil comme une mise à distance, une sorte d’étirement spatial du lieu qui a été abandonné et parallèlement une volonté de résoudre cette réalité par l’aspiration de réduire et d’en compresser l’écart.

Le processus de travail est le suivant : les images sont imprimées numériquement sur aluminium, puis retravaillées avec des techniques de sérigraphie, créant un ensemble de textures réfléchissantes et de superpositions qui remettent en questionla lecture des images originales. Ces dernières sont comprimées modifiant la forme physique de l’œuvre, introduisant un élément d’imprévisibilité et altérant la lecture de l’œuvre. Aucun membre de la famille n’est présenté, effacé de chaque image, l’artiste propose des toiles de fond floues qui rappellent un lieu lointain et abandonné. De plus, ce point de référence interprète l’exil comme le lieu d’où les gens ont été effacés plutôt que comme des gens fuyant vers un autre pays, remettant en question l’idée d’une identité territoriale sans communauté. Jonathan Sullam accorde aux histoires qui lui ont été transmises l’importance de la fiction et la façon dont elles incarnent à leur tour un sens profond. La plupart de ces lieux ont été décrits en termes idylliques, devenant des souvenirs vivants d’expériences non vécues. Ils vivent à l’intérieur de l’individu, dans le présent, confrontés à lui.

Les événements historiques traumatisants tels que la question de l’exil sont difficiles à transmettre, mais l’un des défis est d’essayer de recréer une expérience physique qui remet en question la logique d’acceptation et d’accoutumance qui accompagne de tels circonstances. Le principe est de montrer ce qui a disparu, comme une sorte d’archéologie immatérielle des individus via des lieux ou des villes, mais aussi comme un document qui témoigne de ce qui s’est passé.

À une époque caractérisée par l’imagerie numérique éphémère, où les photographies n’ont de valeur temporelle que d’une seconde en moyenne, l’acte de réutiliser d’anciennes photographies pour les reconstituer apparaît comme une intervention critique dansle discours de la mémoire, de l’identité et de la représentation culturelle. Cette pratique transcende la simple nostalgie, il s’agit d’une forme d’engagement matériel avec le passé qui remet en question la nature même de la consommation visuelle dans la société contemporaine. En transformant des images éphémères en artefacts tangibles, nous perturbons les récits socio-technologiques dominants qui donnent la priorité à l’instantané et au superflu. La reconstitution de ces photographies sert de mécanisme pour offrir des expériences alternatives au-delà de leurs contextes d’origine.Ce processus met en évidence les complexités de la mémoire, à la fois collective et individuelle et nous incite à réfléchir à la manière dont nos souvenirs sont affectés par la technologie, la temporalité et l’acte de représentation lui-même. En s’engageant dans ces images imprimées, l’artiste Jonathan Sullam soutient une réflexion critique, interrogeant les dynamiques de pouvoir inhérentes à la culture visuelle et à la marchandisation de la mémoire.

En outre, cette interaction entre le passé et le présent critique l’obsession contemporaine pour l’immédiateté et le caractère jetable de l’image numérique. En mettant l’accent sur la permanence de l’image physique, l’artiste plaide pour un engagement plus profond avec les récits qu’elle contient, en éclairant la manière dont ces moments remettent en question ou renforcent les constructions liées à la société. Ce faisant, Joanathan Sullam n’est pas simplement conservateur de la nostalgie mais participe à un discours qui cherche à articuler les intersections de l’histoire, de la mémoire et de l’identité dans un monde de plus en plus fragmenté. Cette récupération de la fabrication des images encourage à repenser l’éthique de la représentation et les implications de nospratiques visuelles, affirmant finalement la résilience de l’expérience humaine face à un paysage culturel en évolution rapide.

_**SLICE OF TIME**_, 2021,Image imprimée, néon, pied de batterie transfo120 x 30 x 40 cm

Autour de l’installation CRUNCH VI, seront exposés de façon inédite trois éléments sculpturaux constitués de néons extraits de l’installation SLICE OF TIME, composée de tubes fluorescents, recouverts d’images issues du télescope spatial Hubble. Ces vues d’étoiles, dont beaucoup sont déjà mortes, incarnent une réflexion sur le temps perçu comme un objet, aux dimensions infinies. Elles mettent en lumière la coexistence complexe du temps et de l’espace, deux notions inséparables dans leur relation. La relativité restreinte montre que la distance dans l’espace et celle dans le temps sont intrinsèquement liées : plus un déplacement est rapide dans l’espace, plus le temps se contracte ou ralentit. Ainsi, le temps et l’espace forment un paysage flexible et dynamique, déformé par la matière, où chaque mouvement dans l’un influence la mesure de l’autre. Chaque objet ou individu trace sa propre trajectoire à travers ce tissu, qu’on appelle la « ligne d’univers », reliant tous les événements—passés, présents et futurs. L’œuvre de Sullam se déploie alors sur cette toile cosmique, évoquant la manière dont la perception du temps peut fluctuer selon l’état de l’œuvre et le contexte d’observation. De plus, cette expérience se déploie en deux temporalités complémentaires. La première, celle du temps écoulé, est perceptible à travers le gaz néon qui illumine l’image, permettant de la voir concrètement. La seconde, celle du néon éteint, active la mémoire de l’image, évoquant ainsi la dimension intemporelle et subjective de l’œuvre. En somme, Sullam invite à une réflexion sur la relativité de la perception, où le temps et l’espace sont constants mais toujours en fluctuation, dépendant de notre position, de notre mouvement, et de l’état de l’œuvre elle-même.

Jonathan Sullam utilise des matériaux industriels comme une référence à une ère post-industrielle où l’artiste est autorisé à intervenir et à en modifier l’utilisation, en soustrayant les fonctions assignées, inventant l’objectif et l’expérience du matériau afin de lui adjoindre une poésie, une histoire. Son travail protéiforme se caractérise par une fusion poétique entre la notion de territoire et les histoires qui ont marqué un espace donné. Une coalescence dans laquelle il intègre sa propre mythologie, donnant naissance à de nouveaux champs d’expérimentation. Ces réflexions explorent l’image, la matière et la mémoire, offrant une réflexion sur notre rapport au passé et à l’espace.

Le travail examine la diaspora de la famille de l’artiste, exilée de différents pays du Moyen-Orient. Les œuvres naviguent entre présence et absence, une manière d’exister qui reflète l’histoire familiale liée aux déplacements et aux éloignements vécus, ainsi qu’à l’interprétation que l’artiste en a faite. L’ascendance de Jonathan Sullam s’étend sur plusieurs générations d’exil : les membres de la famille ont dû fuir l’Europe, subir les expulsions du foyer d’Égypte, de la Syrie ou d’Irak lorsque les pouvoirs en place se sont retournés contre leurs citoyens. De chaque patrie qu’ils ont quittée, les membres ont rapporté des langues, des cultures, des habitudes, ainsi que des photographies. Ces archives et cette mémoire collective ont fortement influencé le travail de l’artiste, qui se manifeste à travers une contemplation des lieux dont sa famille a dû s’éloigner."
Conte coréen à deux voix « Le dit du bon Heungbo et de son odieux frère Nolbo »,"Le dit du bon Heungbo et de son odieux frère _Nolbo_ est une fable où se mêlent le merveilleux et la satire sociale. Le bon Heungbo, chassé de son domicile par son odieux frère aîné, le richissime _Nolbo_, vit dans la misère avec sa femme et leurs nombreux enfants. Un jour, il secourt une hirondelle blessée, et, en récompense, le roi des hirondelles lui offre un pépin de courge aux pouvoirs extraordinaires. Ce don changera son destin, et celui de son frère, jusqu’à la réconciliation et le pardon final.

Cette représentation, qui mêle lecture, jeu d’acteur et musique _pansori_, offre une version originale de l’histoire du dit du bon _Heungbo_ et de son odieux frère _Nolbo_. L’orateur et traducteur Hervé Péjaudier et le comédien Benjamin Bertocchi entraînent petits et grands dans l’univers rocambolesque et symbolique de ce grand classique du folklore coréen. Leur traduction sur mesure et leur jeu qui rappelle _la commedia dell’arte_ donnent à cette fable comique une énergie nouvelle, où le merveilleux vient, _in extremis_, sauver la morale.",Paris,"20 Rue La Boétie, 75008 Paris",75008,2026-04-22 17:00:00+00:00,"Evenement : Conte coréen à deux voix « Le dit du bon Heungbo et de son odieux frère Nolbo ». Lieu : 20 Rue La Boétie, 75008 Paris, Paris. Date : 22/04/2026. Description : Le dit du bon Heungbo et de son odieux frère _Nolbo_ est une fable où se mêlent le merveilleux et la satire sociale. Le bon Heungbo, chassé de son domicile par son odieux frère aîné, le richissime _Nolbo_, vit dans la misère avec sa femme et leurs nombreux enfants. Un jour, il secourt une hirondelle blessée, et, en récompense, le roi des hirondelles lui offre un pépin de courge aux pouvoirs extraordinaires. Ce don changera son destin, et celui de son frère, jusqu’à la réconciliation et le pardon final.

Cette représentation, qui mêle lecture, jeu d’acteur et musique _pansori_, offre une version originale de l’histoire du dit du bon _Heungbo_ et de son odieux frère _Nolbo_. L’orateur et traducteur Hervé Péjaudier et le comédien Benjamin Bertocchi entraînent petits et grands dans l’univers rocambolesque et symbolique de ce grand classique du folklore coréen. Leur traduction sur mesure et leur jeu qui rappelle _la commedia dell’arte_ donnent à cette fable comique une énergie nouvelle, où le merveilleux vient, _in extremis_, sauver la morale."
Atelier enfant - Diorama,"**Atelier enfant - Diorama**
----------------------------

### _Venez créer votre propre univers magique_

Dans cet atelier, vous apprendrez à créer un petit monde qui vous est propre grâce aux trésors de la Ressourcerie. Papiers colorés, illustrations, décorations, toutes ces choses n'attendent que vous pour donner vie à vos rêves les plus fous !  
\- niveau débutant - matériels fournis -

### _Infos pratiques_

De 6 à 14 ans  
Les enfants doivent obligatoirement être accompagnés d'un adulte  
Les adultes doivent également s'inscrire (gratuit)  
**LIEU**  
L'Atelier de La Ressourcerie Créative, 95 avenue du Général Leclerc, 75014 Paris  
**HORAIRES**  
Mercredi 22 avril • 14h30 - 17h00

[\> S'inscrire ici !](https://www.laressourceriecreative.com/les-ateliers-vacances-creatives)",Paris,"95, Avenue du Général Leclerc, 75014 Paris",75014,2026-04-22 12:30:00+00:00,"Evenement : Atelier enfant - Diorama. Lieu : 95, Avenue du Général Leclerc, 75014 Paris, Paris. Date : 22/04/2026. Description : **Atelier enfant - Diorama**
----------------------------

### _Venez créer votre propre univers magique_

Dans cet atelier, vous apprendrez à créer un petit monde qui vous est propre grâce aux trésors de la Ressourcerie. Papiers colorés, illustrations, décorations, toutes ces choses n'attendent que vous pour donner vie à vos rêves les plus fous !  
\- niveau débutant - matériels fournis -

### _Infos pratiques_

De 6 à 14 ans  
Les enfants doivent obligatoirement être accompagnés d'un adulte  
Les adultes doivent également s'inscrire (gratuit)  
**LIEU**  
L'Atelier de La Ressourcerie Créative, 95 avenue du Général Leclerc, 75014 Paris  
**HORAIRES**  
Mercredi 22 avril • 14h30 - 17h00

[\> S'inscrire ici !](https://www.laressourceriecreative.com/les-ateliers-vacances-creatives)"
Avant-première exceptionnelle - NOUS L'ORCHESTRE,Avant-première exceptionnelle en présence du réalisateur Philippe Béziat,Paris,"98 Bd du Montparnasse, Paris",75014,2026-04-21 18:00:00+00:00,"Evenement : Avant-première exceptionnelle - NOUS L'ORCHESTRE. Lieu : 98 Bd du Montparnasse, Paris, Paris. Date : 21/04/2026. Description : Avant-première exceptionnelle en présence du réalisateur Philippe Béziat"
"LE CHANT DES FORÊTS · Séance spéciale ""Greenpeace""",Mardi 21 avril · 20h,Paris,"170 boulevard de Magenta, Paris 10e arrondissement",75010,2026-04-21 18:00:00+00:00,"Evenement : LE CHANT DES FORÊTS · Séance spéciale ""Greenpeace"". Lieu : 170 boulevard de Magenta, Paris 10e arrondissement, Paris. Date : 21/04/2026. Description : Mardi 21 avril · 20h"
Lost in Frenchlation • 20 avril 20h00,L'oeuvre invisible - Screening with English subtitles,Paris,"13, rue Victor-Cousin, Paris",75005,2026-04-20 18:00:00+00:00,"Evenement : Lost in Frenchlation • 20 avril 20h00. Lieu : 13, rue Victor-Cousin, Paris, Paris. Date : 20/04/2026. Description : L'oeuvre invisible - Screening with English subtitles"
TIPICAO : Paris Noir Orchestra,"Bal Paris-Payot ! Avec Tipicao, le Paris Noir orchestra le Dimanche 19 avril à 17h  
Au programme :  
– 17h : Initiation danse caribéenne avec Ax’l, Compagnie DNK  
– Gourmandises salées et sucrées : Label Ka  
– 18h30 : concert live, Tipicao, le Paris noir Orchestra 10 musiciens + invités - inter-set avec Dj’Ced’

L’histoire de la Tipicao commence avec l’exposition « Paris noir » au Centre Pompidou au printemps 2025 mettant à l’honneur les artistes issu(e)s du continent africain, de sa diaspora européenne, américaine et caribéenne ayant marqué le Paris de l’entre-deux guerre aux année 2000. A cette occasion, la Maison des Mondes Africains (MansA) en collaboration avec l’artiste Jay Ramier, organise une grande soirée musicale et festive et fait pour cela appel à Marc Vorchin (Mambomania, Caribop, Mosquito) pour constituer l’orchestre d’exception qui animera ce temps fort. Le Paris Noir Orchestra etait né !

Le musique de Tipicao nous plonge dans l’effervescence des sons et des vibrations qui, depuis le bal Blomet, font la renommée des nuits parisiennes, mêlant rythmes afro-descendants, danse et mémoire collective.

Bienvenue au bal de Tipicao, là où l’on chante en créole, en français, en espagnol, là où la musique et les danses afro-diasporiques sont les principaux personnages de la grande et petite histoire du monde.",Paris,"19-21 Rue Boyer, 75020 Paris",75020,2026-04-19 15:00:00+00:00,"Evenement : TIPICAO : Paris Noir Orchestra. Lieu : 19-21 Rue Boyer, 75020 Paris, Paris. Date : 19/04/2026. Description : Bal Paris-Payot ! Avec Tipicao, le Paris Noir orchestra le Dimanche 19 avril à 17h  
Au programme :  
– 17h : Initiation danse caribéenne avec Ax’l, Compagnie DNK  
– Gourmandises salées et sucrées : Label Ka  
– 18h30 : concert live, Tipicao, le Paris noir Orchestra 10 musiciens + invités - inter-set avec Dj’Ced’

L’histoire de la Tipicao commence avec l’exposition « Paris noir » au Centre Pompidou au printemps 2025 mettant à l’honneur les artistes issu(e)s du continent africain, de sa diaspora européenne, américaine et caribéenne ayant marqué le Paris de l’entre-deux guerre aux année 2000. A cette occasion, la Maison des Mondes Africains (MansA) en collaboration avec l’artiste Jay Ramier, organise une grande soirée musicale et festive et fait pour cela appel à Marc Vorchin (Mambomania, Caribop, Mosquito) pour constituer l’orchestre d’exception qui animera ce temps fort. Le Paris Noir Orchestra etait né !

Le musique de Tipicao nous plonge dans l’effervescence des sons et des vibrations qui, depuis le bal Blomet, font la renommée des nuits parisiennes, mêlant rythmes afro-descendants, danse et mémoire collective.

Bienvenue au bal de Tipicao, là où l’on chante en créole, en français, en espagnol, là où la musique et les danses afro-diasporiques sont les principaux personnages de la grande et petite histoire du monde."
Visite-conférence : Appartements des intendants - Salons d'apparat & loggia,Suivez un guide-conférencier dans les appartements de l’Intendant et les salons d’apparat.,Paris,"2, Place de la Concorde 75008 Paris",75008,2026-04-19 14:30:00+00:00,"Evenement : Visite-conférence : Appartements des intendants - Salons d'apparat & loggia. Lieu : 2, Place de la Concorde 75008 Paris, Paris. Date : 19/04/2026. Description : Suivez un guide-conférencier dans les appartements de l’Intendant et les salons d’apparat."
Aux Royaumes de l'Enfance,"L’enfant a tout à découvrir, il s’émerveille de tout ce qu’il rencontre, nature, gens, choses… Il découvre aussi sa propre place dans tout ce monde, et doit apprendre à vivre avec les autres, ce qui crée parfois des crises, des caprices, tout cela faisant partie de son apprentissage de la vie. Et puis l’enfant est confronté à son évolution, sa croissance rapide, ses capacités qui s’accroissent chaque jour. Il veut être comme les grands, et parfois il y est forcé.  
Ce programme tente un regard sur ce monde, mais un regard de compositeurs et compositrices adultes, à travers leurs propres souvenirs, leurs relations à d’autres enfants, ou leur imaginaire. Cette capacité de créer des œuvres qui se veulent profondément enfantines nous interroge tout de même : quand s’arrête l’enfance ? quelle part de nous-même reste enfant ? sommes-nous tous des enfants pour toujours ?",Paris,2 Imp. Vandal (Paris 14e),75014,2026-04-19 14:00:00+00:00,"Evenement : Aux Royaumes de l'Enfance. Lieu : 2 Imp. Vandal (Paris 14e), Paris. Date : 19/04/2026. Description : L’enfant a tout à découvrir, il s’émerveille de tout ce qu’il rencontre, nature, gens, choses… Il découvre aussi sa propre place dans tout ce monde, et doit apprendre à vivre avec les autres, ce qui crée parfois des crises, des caprices, tout cela faisant partie de son apprentissage de la vie. Et puis l’enfant est confronté à son évolution, sa croissance rapide, ses capacités qui s’accroissent chaque jour. Il veut être comme les grands, et parfois il y est forcé.  
Ce programme tente un regard sur ce monde, mais un regard de compositeurs et compositrices adultes, à travers leurs propres souvenirs, leurs relations à d’autres enfants, ou leur imaginaire. Cette capacité de créer des œuvres qui se veulent profondément enfantines nous interroge tout de même : quand s’arrête l’enfance ? quelle part de nous-même reste enfant ? sommes-nous tous des enfants pour toujours ?"
CONCERT KIOSQUE RANELAGH,"Concert au kiosque du Jardin du Ranelagh
01 avenue Prudhon à PARIS (16ème)",PARIS,"1 Avenue Prudhon  , 75016 PARIS",75016,2026-04-19 13:00:00+00:00,"Evenement : CONCERT KIOSQUE RANELAGH. Lieu : 1 Avenue Prudhon  , 75016 PARIS, PARIS. Date : 19/04/2026. Description : Concert au kiosque du Jardin du Ranelagh
01 avenue Prudhon à PARIS (16ème)"
OUI • 18 avril,OUI de Nadav Lapid,Paris,"13, rue Victor-Cousin, Paris",75005,2026-04-18 17:00:00+00:00,"Evenement : OUI • 18 avril. Lieu : 13, rue Victor-Cousin, Paris, Paris. Date : 18/04/2026. Description : OUI de Nadav Lapid"
LA FEMME SAUMON,"Écriture **Tom Politano**  
Mise en scène **Myrtille Bordier** et **Tom Politano**  
Avec **Lucile Oza**

La Femme Saumon, c'est le récit d’une métamorphose. L’histoire d’une jeune femme percutée par un reportage télévisé sur la reproduction des saumons en haute montagne. Un vrai choc existentiel qui provoque en elle une nécessité vitale de transformation, une envie de nature brute, d’écailles et de branchies. Et la voilà qui plonge dans sa baignoire pour des siestes immergées dans l'eau glacée…  
Porté par Lucile Oza et augmenté d’une création sonore sculptant l’espace, ce seule-en-scène fait de passion et d’humour, nous raconte le cheminement d’une jeune femme pour devenir qui elle est. Prenant forme sous nos yeux, elle revendique sa propre manière d’être vivante au-delà des limites de son corps, de son genre et de son espèce.  
  
La Femme Saumon c’est une femme qui décide d’abandonner une identité non choisie pour une autre en totale adéquation avec ce qu’elle est en vérité. Faisant ainsi de son corps un terrain politique et préférant lutter pour trouver sa place chez les vivant·e·s plutôt que de s’en extraire à jamais, la métamorphose devient son seul espoir de salut. Par une prise de parole franche et incisive, elle arbore une détestation de l’espèce humaine et nous dit avec la plus grande précision pourquoi. Cette femme ne se place pas au dessus des autres, elle expose simplement un portrait d’elle même, fait d’incohérences et de paradoxes, à travers lequel nous pouvons tous nous reconnaître. Entre fable queer et réflexion écologique, La Femme Saumon nous mène à travers les méandres de sa transformation.",Bagnolet,20 rue Marie-Anne Colombier 93170 Bagnolet,75020,2026-04-18 17:30:00+00:00,"Evenement : LA FEMME SAUMON. Lieu : 20 rue Marie-Anne Colombier 93170 Bagnolet, Bagnolet. Date : 18/04/2026. Description : Écriture **Tom Politano**  
Mise en scène **Myrtille Bordier** et **Tom Politano**  
Avec **Lucile Oza**

La Femme Saumon, c'est le récit d’une métamorphose. L’histoire d’une jeune femme percutée par un reportage télévisé sur la reproduction des saumons en haute montagne. Un vrai choc existentiel qui provoque en elle une nécessité vitale de transformation, une envie de nature brute, d’écailles et de branchies. Et la voilà qui plonge dans sa baignoire pour des siestes immergées dans l'eau glacée…  
Porté par Lucile Oza et augmenté d’une création sonore sculptant l’espace, ce seule-en-scène fait de passion et d’humour, nous raconte le cheminement d’une jeune femme pour devenir qui elle est. Prenant forme sous nos yeux, elle revendique sa propre manière d’être vivante au-delà des limites de son corps, de son genre et de son espèce.  
  
La Femme Saumon c’est une femme qui décide d’abandonner une identité non choisie pour une autre en totale adéquation avec ce qu’elle est en vérité. Faisant ainsi de son corps un terrain politique et préférant lutter pour trouver sa place chez les vivant·e·s plutôt que de s’en extraire à jamais, la métamorphose devient son seul espoir de salut. Par une prise de parole franche et incisive, elle arbore une détestation de l’espèce humaine et nous dit avec la plus grande précision pourquoi. Cette femme ne se place pas au dessus des autres, elle expose simplement un portrait d’elle même, fait d’incohérences et de paradoxes, à travers lequel nous pouvons tous nous reconnaître. Entre fable queer et réflexion écologique, La Femme Saumon nous mène à travers les méandres de sa transformation."
Présentation - L'ŒUVRE INVISIBLE,Séance-événement présentée par les réalisateurs Avril Tembouret et Vladimir Rodionov,Paris,"98 Bd du Montparnasse, Paris",75014,2026-04-18 15:00:00+00:00,"Evenement : Présentation - L'ŒUVRE INVISIBLE. Lieu : 98 Bd du Montparnasse, Paris, Paris. Date : 18/04/2026. Description : Séance-événement présentée par les réalisateurs Avril Tembouret et Vladimir Rodionov"
Être au souffle | Résonances art-science - NewImages Festival 2026,"Dans le cadre du projet Résonances art-science, le cinquième axe de résonance explore les multiples dimensions du souffle à travers une collaboration avec le projet européen V|LF-Spiro3D et NewImages Festival, qui aura lieu du 7 au 12 avril à la Cité des Science et de l'Industrie. À cette occasion, des expositions et plusieurs rencontres, présentations et ateliers seront organisées.  
Le programme associé à Être au souffle s’annonce riche et se déploiera sur quatre journées – les 8, 9, 10 et 11 avril – réunissant de nombreux artistes, scientifiques, mais aussi d’autres acteurs qui travaillent sur le souffle et la réspiration. Les installations art-science resteront exposées jusqu'au 18 avril.  
Découvrez ci-dessous le programme détaillé ainsi que la présentation des intervenants qui viendront nourrir ces échanges.  
[Décrouvez les installations et le programme d'Être au souffle](https://www.e-sas.org/?lng=fr&page=177)",Paris,30 avenue Corentin Cariou - 75019 Paris,75019,2026-04-18 07:00:00+00:00,"Evenement : Être au souffle | Résonances art-science - NewImages Festival 2026. Lieu : 30 avenue Corentin Cariou - 75019 Paris, Paris. Date : 18/04/2026. Description : Dans le cadre du projet Résonances art-science, le cinquième axe de résonance explore les multiples dimensions du souffle à travers une collaboration avec le projet européen V|LF-Spiro3D et NewImages Festival, qui aura lieu du 7 au 12 avril à la Cité des Science et de l'Industrie. À cette occasion, des expositions et plusieurs rencontres, présentations et ateliers seront organisées.  
Le programme associé à Être au souffle s’annonce riche et se déploiera sur quatre journées – les 8, 9, 10 et 11 avril – réunissant de nombreux artistes, scientifiques, mais aussi d’autres acteurs qui travaillent sur le souffle et la réspiration. Les installations art-science resteront exposées jusqu'au 18 avril.  
Découvrez ci-dessous le programme détaillé ainsi que la présentation des intervenants qui viendront nourrir ces échanges.  
[Décrouvez les installations et le programme d'Être au souffle](https://www.e-sas.org/?lng=fr&page=177)"
Philippe Saire - Smoke,"[...]  Le danseur David Zagari évolue dans un dispositif scénographique singulier où la fumée, maîtrisée avec une grande précision, devient un véritable partenaire de jeu.
Cascades, nappes flottantes et nuées mouvantes composent des images puissantes, à la frontière du visible et de l’invisible. Loin d’un récit linéaire, Smoke privilégie l’expérience sensorielle et la contemplation. La pièce esquisse néanmoins une trajectoire : celle d’un individu pris entre le désir de disparaître et la nécessité de faire face, entre exposition et effacement. Peu à peu, le danseur apprivoise la fumée jusqu’à en orchestrer lui-même la disparition, dans un dialogue subtil entre présence physique et matière évanescente.

[Plus d’informations sur notre site web](https://ccsparis.com/evenements/philippe-saire-smoke/)",Paris,"32 rue des Francs-Bourgeois, Paris",75003,2026-04-18 15:00:00+00:00,"Evenement : Philippe Saire - Smoke. Lieu : 32 rue des Francs-Bourgeois, Paris, Paris. Date : 18/04/2026. Description : [...]  Le danseur David Zagari évolue dans un dispositif scénographique singulier où la fumée, maîtrisée avec une grande précision, devient un véritable partenaire de jeu.
Cascades, nappes flottantes et nuées mouvantes composent des images puissantes, à la frontière du visible et de l’invisible. Loin d’un récit linéaire, Smoke privilégie l’expérience sensorielle et la contemplation. La pièce esquisse néanmoins une trajectoire : celle d’un individu pris entre le désir de disparaître et la nécessité de faire face, entre exposition et effacement. Peu à peu, le danseur apprivoise la fumée jusqu’à en orchestrer lui-même la disparition, dans un dialogue subtil entre présence physique et matière évanescente.

[Plus d’informations sur notre site web](https://ccsparis.com/evenements/philippe-saire-smoke/)"
ALYSCE,"[](https://mothersealmusic.com)

Rive est un concert participatif porté par l’autrice-compositrice guitariste Alysce. Son travail mêle guitare, chanson, folk, et bruitages électroniques.   
Sur scène, Alysce est accompagnée par son frère Julien à la contrebasse et par Lucia à la guitare et la voix, et par une petite machine remplie des bruits de la ville. Pour la sortie de son nouvel EP Rive, elle invite des groupes à réaliser avec elle les bruitages et un podcast autour d’une question intime et de société : à quoi tu rêves ? A la Manufacture Chanson, Alysce invite un groupe d’adolescents du quartier Fontaine au Roi, avec lequel elle aura travaillé en amont le spectacle.  
Le public est aussi invité à participer pendant le concert, en chantant, ou en créant des bruitages.   
Bref c’est un concert à vivre ensemble.

[Facebook](https://www.facebook.com/alyscemusic/) [Instagram](https://instagram.com/a.l.y.s.c.e) [YouTube](https://www.youtube.com/c/AlysceMusic) [Site internet](https://linktr.ee/liens.Alysce)

Crédit photo : Nelly Dupuydenus",Paris,124 avenue de la république 75011 paris,75011,2026-04-17 18:30:00+00:00,"Evenement : ALYSCE. Lieu : 124 avenue de la république 75011 paris, Paris. Date : 17/04/2026. Description : [](https://mothersealmusic.com)

Rive est un concert participatif porté par l’autrice-compositrice guitariste Alysce. Son travail mêle guitare, chanson, folk, et bruitages électroniques.   
Sur scène, Alysce est accompagnée par son frère Julien à la contrebasse et par Lucia à la guitare et la voix, et par une petite machine remplie des bruits de la ville. Pour la sortie de son nouvel EP Rive, elle invite des groupes à réaliser avec elle les bruitages et un podcast autour d’une question intime et de société : à quoi tu rêves ? A la Manufacture Chanson, Alysce invite un groupe d’adolescents du quartier Fontaine au Roi, avec lequel elle aura travaillé en amont le spectacle.  
Le public est aussi invité à participer pendant le concert, en chantant, ou en créant des bruitages.   
Bref c’est un concert à vivre ensemble.

[Facebook](https://www.facebook.com/alyscemusic/) [Instagram](https://instagram.com/a.l.y.s.c.e) [YouTube](https://www.youtube.com/c/AlysceMusic) [Site internet](https://linktr.ee/liens.Alysce)

Crédit photo : Nelly Dupuydenus"
Rencontres littéraires éclairs,"**En marge du festival du Livre de Paris,** [**le Centre culturel canadien s’associe à Québec Édition pour vous plonger au cœur de la création littéraire canadienne.**](https://canada-culture.org/event/rencontres-litteraires-eclairs-3/) **Sept auteurs et autrices publiés par des maisons d’édition québécoises et françaises seront présents pour une soirée de rencontres littéraires éclairs !**

**Au programme, trois tables rondes** :  
**Ce qui blesse, ce qui soigne**  
Avec la participation de :  
L’autrice française Marion Richez pour Petit pas paru en janvier 2026 aux éditions La Peuplade. Petit pas est un roman qui pénètre le corps et agit comme un baume. Un texte dont l’horizon est solidaire, une méditation politique à l’échelle d’une jeune famille.  
L’autrice québécoise Julie Benoît pour Ce qui se passe en moi aura lieu de toute façon paru aux Éditions du Quartz. Ce premier roman nous emporte tel un manège qui s’emballe au rythme des petites violences sournoises, celles qui font des ravages dans notre chair et les moindres replis de nos existences.

**Traverser le deuil, célébrer l’amitié et la vie**  
Avec la participation de :  
L’historien de l’art et essayiste québécois Benoît Jodoin pour Archives de nos amitiés imparfaites paru aux éditions Triptyque. Dans cet essai, Benoit Jodoin puise dans ses propres archives personnelles et s’adresse à un ami d’adolescence pour observer l’amitié entre hommes gays au prisme de la pensée queer. L’auteur s’engage dans sa réflexion comme on s’engage en amitié : dans le doute et la fragilité.  
La professeure, poète, traductrice et artiste de la scène québécoise Flavia Garcia pour Hermanas paru aux éditions Triptyque. Auprès d’une sœur atteinte du cancer, puis au centre de paysages époustouflants de la côte Ouest nord-américaine, Flavia Garcia plonge dans l’espace du soin, avec une poésie lumineuse faite de vers sobres et de proses foisonnantes.  
L’auteur, commissaire, chercheur et directeur littéraire québécois Nicholas Dawson pour Vida : journal de la peur paru aux éditions du remue-ménage. L’auteur tient un journal qui l’accompagnera durant les deux dernières années de la vie de sa sœur Caroline, écrivaine, brutalement emportée par le cancer. Au cœur d’une expérience de maladie et de mort, Vida redit la liberté d’une écrivaine partie trop tôt, et la force du lien qui l’unit à son frère.

**Raconter l’histoire par la fiction**  
Avec la participation de :  
L’universitaire et auteur québécois Éric Dupont pour La couleur du temps ou l’incroyable histoire de Mary Gallagher à paraître aux éditions 10/18 mars 2026. Ce roman est une saga familiale s’inspirant du meurtre réel de Mary Gallagher qui entremêle plusieurs histoires dans un Montréal du XIXe siècle, explorant les zones urbaines et rurales de l’époque, des champs de melons du mont Royal aux bas-fonds de Griffintown,  
L’auteur de bande dessinée québécois Jean-Paul Eid pour La crue paru aux éditions La Pastèque. La nouvelle vient de tomber : le dernier long métrage de Germain Cliche est finaliste pour l’Oscar du meilleur film en langue étrangère. Figure majeure du Québec moderne, son nom s’inscrit parmi ceux qui façonnent l’histoire d’une nation. Mais voilà que son nom apparaît aussi sur une autre liste… La maîtrise du récit graphique, le sens du rythme et de la mise en scène donnent à cette bande dessinée une portée à la fois intime et universelle.

**Une séance de signatures sera organisée à la suite des échanges en collaboration avec la** [**Librairie du Québec à Paris**](https://www.librairieduquebec.fr/)**.**  
_Les rencontres littéraires éclairs sont présentées par Québec Édition et le Centre culturel canadien avec l’appui de la SODEC et du gouvernement du Canada._",Paris,"130, rue du Faubourg Saint-Honoré 75008 Paris",75008,2026-04-17 18:00:00+00:00,"Evenement : Rencontres littéraires éclairs. Lieu : 130, rue du Faubourg Saint-Honoré 75008 Paris, Paris. Date : 17/04/2026. Description : **En marge du festival du Livre de Paris,** [**le Centre culturel canadien s’associe à Québec Édition pour vous plonger au cœur de la création littéraire canadienne.**](https://canada-culture.org/event/rencontres-litteraires-eclairs-3/) **Sept auteurs et autrices publiés par des maisons d’édition québécoises et françaises seront présents pour une soirée de rencontres littéraires éclairs !**

**Au programme, trois tables rondes** :  
**Ce qui blesse, ce qui soigne**  
Avec la participation de :  
L’autrice française Marion Richez pour Petit pas paru en janvier 2026 aux éditions La Peuplade. Petit pas est un roman qui pénètre le corps et agit comme un baume. Un texte dont l’horizon est solidaire, une méditation politique à l’échelle d’une jeune famille.  
L’autrice québécoise Julie Benoît pour Ce qui se passe en moi aura lieu de toute façon paru aux Éditions du Quartz. Ce premier roman nous emporte tel un manège qui s’emballe au rythme des petites violences sournoises, celles qui font des ravages dans notre chair et les moindres replis de nos existences.

**Traverser le deuil, célébrer l’amitié et la vie**  
Avec la participation de :  
L’historien de l’art et essayiste québécois Benoît Jodoin pour Archives de nos amitiés imparfaites paru aux éditions Triptyque. Dans cet essai, Benoit Jodoin puise dans ses propres archives personnelles et s’adresse à un ami d’adolescence pour observer l’amitié entre hommes gays au prisme de la pensée queer. L’auteur s’engage dans sa réflexion comme on s’engage en amitié : dans le doute et la fragilité.  
La professeure, poète, traductrice et artiste de la scène québécoise Flavia Garcia pour Hermanas paru aux éditions Triptyque. Auprès d’une sœur atteinte du cancer, puis au centre de paysages époustouflants de la côte Ouest nord-américaine, Flavia Garcia plonge dans l’espace du soin, avec une poésie lumineuse faite de vers sobres et de proses foisonnantes.  
L’auteur, commissaire, chercheur et directeur littéraire québécois Nicholas Dawson pour Vida : journal de la peur paru aux éditions du remue-ménage. L’auteur tient un journal qui l’accompagnera durant les deux dernières années de la vie de sa sœur Caroline, écrivaine, brutalement emportée par le cancer. Au cœur d’une expérience de maladie et de mort, Vida redit la liberté d’une écrivaine partie trop tôt, et la force du lien qui l’unit à son frère.

**Raconter l’histoire par la fiction**  
Avec la participation de :  
L’universitaire et auteur québécois Éric Dupont pour La couleur du temps ou l’incroyable histoire de Mary Gallagher à paraître aux éditions 10/18 mars 2026. Ce roman est une saga familiale s’inspirant du meurtre réel de Mary Gallagher qui entremêle plusieurs histoires dans un Montréal du XIXe siècle, explorant les zones urbaines et rurales de l’époque, des champs de melons du mont Royal aux bas-fonds de Griffintown,  
L’auteur de bande dessinée québécois Jean-Paul Eid pour La crue paru aux éditions La Pastèque. La nouvelle vient de tomber : le dernier long métrage de Germain Cliche est finaliste pour l’Oscar du meilleur film en langue étrangère. Figure majeure du Québec moderne, son nom s’inscrit parmi ceux qui façonnent l’histoire d’une nation. Mais voilà que son nom apparaît aussi sur une autre liste… La maîtrise du récit graphique, le sens du rythme et de la mise en scène donnent à cette bande dessinée une portée à la fois intime et universelle.

**Une séance de signatures sera organisée à la suite des échanges en collaboration avec la** [**Librairie du Québec à Paris**](https://www.librairieduquebec.fr/)**.**  
_Les rencontres littéraires éclairs sont présentées par Québec Édition et le Centre culturel canadien avec l’appui de la SODEC et du gouvernement du Canada._"
"l'Echo des sables Maand, Raga et Kathak - Inde du nord","Plongez au cœur des palais du Rajasthan et des terres arides du Nord de l'Inde avec Écho des Sables, une création où la musique s'incarne en mouvement et où le rythme devient souffle.

Ce concert exceptionnel réunit trois maîtres de la scène classique indienne pour une exploration du Maand, cette forme semi-classique envoûtante, née des chants populaires des déserts, magnifiée ici par la noblesse du Raga.

Le spectacle repose sur un dialogue intime entre trois disciplines majeures :

Le Chant de l'Âme : Le virtuose Dilshad Khan fait chanter son Sarangi, l'instrument à cordes frottées dont la sonorité est réputée être la plus proche de la voix humaine. Chaque inflexion évoque la nostalgie et la splendeur des mélodies ancestrales.

Le Cœur Battant : Sous les doigts agiles de Nihar Mehta, le Tabla installe une architecture rythmique complexe et puissante. Son jeu, tout en finesse et en autorité, guide l'auditeur à travers les cycles temporels du nord de l'Inde.

La Poésie du Geste : La danseuse Isabelle Anna donne vie à ces sonorités à travers le Kathak. Entre frappes de pieds fulgurantes (tatkar) et pirouettes vertigineuses, elle incarne la fluidité de la narration indienne, où chaque mudra (geste) raconte une histoire.

""Un voyage sensoriel où le sable du désert rencontre la rigueur du temple et la grâce de la cour royale.""

Dilshad Khan est aujourd'hui considéré comme l'un des plus éminents joueurs desarangi d'Inde. Dès l'âge de six ans, il a été formé par son oncle, le légendaire Ustad Sultan Khan, et son grand-père, Ustad Gulab Khan, dans le style Sikar Gharana.

Prodige de la musique indienne, il a collaboré très jeune avec certains des plus grands artistes de cette tradition, tels que Zakir Hussain. En 2022, il a reçu une mention spéciale du prestigieux prix de musique Aga Khan à Mascate, Oman.

Dilshad Khan a également participé au projet « Masters of Percussion » du maestro Zakir Hussain et s'est produit dans le monde entier, notamment au festival Darbar au Royaume-Uni. Il a par ailleurs donné des concerts en solo en France, notamment à l'auditorium du musée Guimet à Paris, pour le label Nice Music Live et au festival Namastè France en 2016. Il a aussi accompagné des chanteurs indiens, particulièrement dans le répertoire classique indien (ghazal et musique soufie), comme Hariharan.

Dilshad excelle dans l'improvisation mélodique et rythmique autour des ragas, et son sarangi, l'un des instruments indiens les plus exigeants, exprime une infinie variété et subtilité sonore. Dilshad a inauguré une nouvelle ère passionnante pour la musique de l'Inde du Nord en popularisant les compositions folkloriques du Rajasthan, héritées de ses ancêtres. Il est aujourd'hui très respecté et recherché sur la scène musicale nationale et internationale.

Nihar Mehta est un artiste reconnu par le gouvernement indien pour son jeu de tabla, spécialement auprès de la radio et de la télévision indiennes (All India Radio/Television) et de la Sangeet Natak Academy du Gujarat. Issu d'une des plus importantes familles traditionnelles d'Inde, il est reconnu pour sa contribution à la philosophie, à la littérature et à la musique, et particulièrement pour avoir fondé le Saptak Festival, le plus ancien festival de musique du pays, qui se tient depuis 45 ans à Ahmedabad. Installé en France depuis 2002, Nihar Mehta est le fondateur de l'Association Saptak India, aujourd'hui largement reconnue en Europe pour son excellent travail de promotion de la musique indienne. Il a joué avec des musiciens indiens et occidentaux

de renommée internationale et a collaboré avec d'importantes institutions européennes, parmi lesquelles Shujaat Khan, Shahid Parvez, Vishwa Moha Bhatt, Rajan et Sajan Mishra, Kala Ramnath, Shubhendra et Saskia Rao, Rakesh Chaurasia et Jordi Savall. Il s'est produit dans de nombreuses salles prestigieuses d'Europe, telles que les Philharmonies de Paris, Krasnoïarsk et Duisbourg, les scènes nationales de Paris et Nantes, ainsi que dans de prestigieux musées d'art asiatique et d'ethnologie à Paris, Nice, Zurich, Lyon, Lieden, etc. Il a également participé à de nombreux festivals en Europe, au Moyen-Orient, aux États-Unis et en Inde. Nihar a été un proche collaborateur et organisateur de tournées pendant plus de douze ans pour le légendaire maître de tabla, Ustad Zakir Hussain.

Isabelle Anna

Danseuse, chorégraphe, Kathak

Baignée dans les arts du spectacle indien depuis sa naissance...",Paris,6 rue Wurtz,75013,2026-04-17 18:30:00+00:00,"Evenement : l'Echo des sables Maand, Raga et Kathak - Inde du nord. Lieu : 6 rue Wurtz, Paris. Date : 17/04/2026. Description : Plongez au cœur des palais du Rajasthan et des terres arides du Nord de l'Inde avec Écho des Sables, une création où la musique s'incarne en mouvement et où le rythme devient souffle.

Ce concert exceptionnel réunit trois maîtres de la scène classique indienne pour une exploration du Maand, cette forme semi-classique envoûtante, née des chants populaires des déserts, magnifiée ici par la noblesse du Raga.

Le spectacle repose sur un dialogue intime entre trois disciplines majeures :

Le Chant de l'Âme : Le virtuose Dilshad Khan fait chanter son Sarangi, l'instrument à cordes frottées dont la sonorité est réputée être la plus proche de la voix humaine. Chaque inflexion évoque la nostalgie et la splendeur des mélodies ancestrales.

Le Cœur Battant : Sous les doigts agiles de Nihar Mehta, le Tabla installe une architecture rythmique complexe et puissante. Son jeu, tout en finesse et en autorité, guide l'auditeur à travers les cycles temporels du nord de l'Inde.

La Poésie du Geste : La danseuse Isabelle Anna donne vie à ces sonorités à travers le Kathak. Entre frappes de pieds fulgurantes (tatkar) et pirouettes vertigineuses, elle incarne la fluidité de la narration indienne, où chaque mudra (geste) raconte une histoire.

""Un voyage sensoriel où le sable du désert rencontre la rigueur du temple et la grâce de la cour royale.""

Dilshad Khan est aujourd'hui considéré comme l'un des plus éminents joueurs desarangi d'Inde. Dès l'âge de six ans, il a été formé par son oncle, le légendaire Ustad Sultan Khan, et son grand-père, Ustad Gulab Khan, dans le style Sikar Gharana.

Prodige de la musique indienne, il a collaboré très jeune avec certains des plus grands artistes de cette tradition, tels que Zakir Hussain. En 2022, il a reçu une mention spéciale du prestigieux prix de musique Aga Khan à Mascate, Oman.

Dilshad Khan a également participé au projet « Masters of Percussion » du maestro Zakir Hussain et s'est produit dans le monde entier, notamment au festival Darbar au Royaume-Uni. Il a par ailleurs donné des concerts en solo en France, notamment à l'auditorium du musée Guimet à Paris, pour le label Nice Music Live et au festival Namastè France en 2016. Il a aussi accompagné des chanteurs indiens, particulièrement dans le répertoire classique indien (ghazal et musique soufie), comme Hariharan.

Dilshad excelle dans l'improvisation mélodique et rythmique autour des ragas, et son sarangi, l'un des instruments indiens les plus exigeants, exprime une infinie variété et subtilité sonore. Dilshad a inauguré une nouvelle ère passionnante pour la musique de l'Inde du Nord en popularisant les compositions folkloriques du Rajasthan, héritées de ses ancêtres. Il est aujourd'hui très respecté et recherché sur la scène musicale nationale et internationale.

Nihar Mehta est un artiste reconnu par le gouvernement indien pour son jeu de tabla, spécialement auprès de la radio et de la télévision indiennes (All India Radio/Television) et de la Sangeet Natak Academy du Gujarat. Issu d'une des plus importantes familles traditionnelles d'Inde, il est reconnu pour sa contribution à la philosophie, à la littérature et à la musique, et particulièrement pour avoir fondé le Saptak Festival, le plus ancien festival de musique du pays, qui se tient depuis 45 ans à Ahmedabad. Installé en France depuis 2002, Nihar Mehta est le fondateur de l'Association Saptak India, aujourd'hui largement reconnue en Europe pour son excellent travail de promotion de la musique indienne. Il a joué avec des musiciens indiens et occidentaux

de renommée internationale et a collaboré avec d'importantes institutions européennes, parmi lesquelles Shujaat Khan, Shahid Parvez, Vishwa Moha Bhatt, Rajan et Sajan Mishra, Kala Ramnath, Shubhendra et Saskia Rao, Rakesh Chaurasia et Jordi Savall. Il s'est produit dans de nombreuses salles prestigieuses d'Europe, telles que les Philharmonies de Paris, Krasnoïarsk et Duisbourg, les scènes nationales de Paris et Nantes, ainsi que dans de prestigieux musées d'art asiatique et d'ethnologie à Paris, Nice, Zurich, Lyon, Lieden, etc. Il a également participé à de nombreux festivals en Europe, au Moyen-Orient, aux États-Unis et en Inde. Nihar a été un proche collaborateur et organisateur de tournées pendant plus de douze ans pour le légendaire maître de tabla, Ustad Zakir Hussain.

Isabelle Anna

Danseuse, chorégraphe, Kathak

Baignée dans les arts du spectacle indien depuis sa naissance..."
JEUDI CHANSON,"Tous les jeudis d’octobre à juin (en dehors des vacances scolaires), une scène ouverte est organisée en entrée libre, pour découvrir de nouveaux artistes et pour présenter le travail des stagiaires de la Manufacture Chanson. Ce sont les Jeudis-Chanson.

Jeudi 16 avril 2026 : Concert de la formation « Auteur-compositeur-interprète »

**POUR RETROUVER LE PROGRAMME COMPLET, CLIQUEZ : [ICI](https://www.manufacturechanson.org/autres-activites/scenes-ouvertes-jeudis-chanson/)**",Paris,124 avenue de la république 75011 paris,75011,2026-04-16 18:30:00+00:00,"Evenement : JEUDI CHANSON. Lieu : 124 avenue de la république 75011 paris, Paris. Date : 16/04/2026. Description : Tous les jeudis d’octobre à juin (en dehors des vacances scolaires), une scène ouverte est organisée en entrée libre, pour découvrir de nouveaux artistes et pour présenter le travail des stagiaires de la Manufacture Chanson. Ce sont les Jeudis-Chanson.

Jeudi 16 avril 2026 : Concert de la formation « Auteur-compositeur-interprète »

**POUR RETROUVER LE PROGRAMME COMPLET, CLIQUEZ : [ICI](https://www.manufacturechanson.org/autres-activites/scenes-ouvertes-jeudis-chanson/)**"
"UN LUGAR MAS GRANDE, de Nicolas Défossé",Séance rencontre,Paris,"101, rue Saint-Lazare, Paris 9e arrondissement",75009,2026-04-16 18:00:00+00:00,"Evenement : UN LUGAR MAS GRANDE, de Nicolas Défossé. Lieu : 101, rue Saint-Lazare, Paris 9e arrondissement, Paris. Date : 16/04/2026. Description : Séance rencontre"
À L'AFFÛT DU RENARD · rencontre avec Guillaume Meurice et l'équipe du film,Jeudi 16 avril · 19h30,Paris,"170 boulevard de Magenta, Paris 10e arrondissement",75010,2026-04-16 17:30:00+00:00,"Evenement : À L'AFFÛT DU RENARD · rencontre avec Guillaume Meurice et l'équipe du film. Lieu : 170 boulevard de Magenta, Paris 10e arrondissement, Paris. Date : 16/04/2026. Description : Jeudi 16 avril · 19h30"
Concert du Zemlinsky Quartet,"Initialement fondé en 1994 comme groupe étudiant, le [**Quatuor Zemlinsky**](https://www.zemlinskyquartet.cz/about.html) est devenu un véritable **ambassadeur de la tradition tchèque des quatuors à cordes.** Il a remporté de nombreux prix internationaux prestigieux et a participé à plusieurs masterclasses, notamment _ProQuartet_ en **France** et _Sommerakademie_ à Reichenau en **Autriche**, où il a gagné le **premier prix pour la meilleure interprétation d'une œuvre de Janáček.**  
Parmi les récentes prestations importantes du Quatuor Zemlinsky, citons le Wigmore Hall de **Londres**, la Cité de la Musique à **Paris**, la Bibliothèque du Congrès, la Place des Arts à Montréal, le festival Prague Spring et leurs débuts à New York dans le cadre de la série de concerts Schneider/New School.  
Du 13 octobre au 17 novembre prochain, le groupe se produira au festival international [**Janáček Brno**](https://janacek-brno.cz/en/), rendez-vous culturel tant attendu.  
**En attendant, profitez d’un bel aperçu des talents du Quatuor Zemlinsky le temps d’une soirée au Centre tchèque de Paris.**  
Plein tarif : 15€  
Tarif réduit : 10€",Paris,"18 Rue Bonaparte, 75006 Paris",75006,2026-04-16 17:30:00+00:00,"Evenement : Concert du Zemlinsky Quartet. Lieu : 18 Rue Bonaparte, 75006 Paris, Paris. Date : 16/04/2026. Description : Initialement fondé en 1994 comme groupe étudiant, le [**Quatuor Zemlinsky**](https://www.zemlinskyquartet.cz/about.html) est devenu un véritable **ambassadeur de la tradition tchèque des quatuors à cordes.** Il a remporté de nombreux prix internationaux prestigieux et a participé à plusieurs masterclasses, notamment _ProQuartet_ en **France** et _Sommerakademie_ à Reichenau en **Autriche**, où il a gagné le **premier prix pour la meilleure interprétation d'une œuvre de Janáček.**  
Parmi les récentes prestations importantes du Quatuor Zemlinsky, citons le Wigmore Hall de **Londres**, la Cité de la Musique à **Paris**, la Bibliothèque du Congrès, la Place des Arts à Montréal, le festival Prague Spring et leurs débuts à New York dans le cadre de la série de concerts Schneider/New School.  
Du 13 octobre au 17 novembre prochain, le groupe se produira au festival international [**Janáček Brno**](https://janacek-brno.cz/en/), rendez-vous culturel tant attendu.  
**En attendant, profitez d’un bel aperçu des talents du Quatuor Zemlinsky le temps d’une soirée au Centre tchèque de Paris.**  
Plein tarif : 15€  
Tarif réduit : 10€"
Exclusif : Visite guidée + concert,"Dans le cadre du programme accompagnant l’exposition Pixels et poétique, nous organisons, en parallèle au concert du Zemlinsky Quartet, une visite guidée de l’exposition. Venez passer un moment riche en culture !

Fondé en 1994 en tant que groupe étudiant, le Quatuor Zemlinsky est devenu un représentant très apprécié de la tradition tchèque des quatuors à cordes. Il a remporté de nombreux prix internationaux prestigieux et participé à plusieurs masterclass. Parmi les récentes prestations importantes du Quatuor Zemlinsky, citons le Wigmore Hall de Londres, la Cité de la Musique à Paris, la Bibliothèque du Congrès…

Pixels et poétique : Sudek, Funke et l’impact des nouvelles technologies sur la photographie connecte la pratique photographique analogique de l’entre-deux-guerres à l’esthétique visuelle de l’ère numérique. Les visiteurs profiteront de cette opportunité unique pour tenter de comparer et de comprendre deux siècles d’évolution de l’image : des traces tangibles de la lumière jusqu’aux représentations synthétiques générées par l’intelligence artificielle.

Nous vous attendons nombreux !",Paris,"18 Rue Bonaparte, 75006 Paris",75006,2026-04-16 16:00:00+00:00,"Evenement : Exclusif : Visite guidée + concert. Lieu : 18 Rue Bonaparte, 75006 Paris, Paris. Date : 16/04/2026. Description : Dans le cadre du programme accompagnant l’exposition Pixels et poétique, nous organisons, en parallèle au concert du Zemlinsky Quartet, une visite guidée de l’exposition. Venez passer un moment riche en culture !

Fondé en 1994 en tant que groupe étudiant, le Quatuor Zemlinsky est devenu un représentant très apprécié de la tradition tchèque des quatuors à cordes. Il a remporté de nombreux prix internationaux prestigieux et participé à plusieurs masterclass. Parmi les récentes prestations importantes du Quatuor Zemlinsky, citons le Wigmore Hall de Londres, la Cité de la Musique à Paris, la Bibliothèque du Congrès…

Pixels et poétique : Sudek, Funke et l’impact des nouvelles technologies sur la photographie connecte la pratique photographique analogique de l’entre-deux-guerres à l’esthétique visuelle de l’ère numérique. Les visiteurs profiteront de cette opportunité unique pour tenter de comparer et de comprendre deux siècles d’évolution de l’image : des traces tangibles de la lumière jusqu’aux représentations synthétiques générées par l’intelligence artificielle.

Nous vous attendons nombreux !"
FESTIVAL « SOLO THÉÂTRE »,"**Chaque jeudi**, du 16 janvier au 10 avril, **Les Livreurs** et **La Sorbonne Sonore** vous invitent à prendre place dans l'un des magnifiques **Hôtels Littéraires parisiens** afin de découvrir leurs nouvelles pièces **Solo Théâtre** et vivre ensemble des moments forts en émotion, intensité et virtuosité !

🎟️ LE PROGRAMME  
15/01 • Histoire de Madame de la Pommeraye, de Denis Diderot  
22/01 • La Cruche, de Georges Courteline  
29/01 • Dom Juan, de Molière  
05/02 • Bouvard et Pécuchet, de Gustave Flaubert  
12/02 • Léonce et Léna, de Georg Büchner  
19/02 • Ruy Blas, de Victor Hugo  
26/02 • Cinna, de Corneille  
05/03 • Double Assassinat dans la rue Morgue, de Edgar Allan Poe  
12/03 • La Délaissée, de Max Maurey + Une Demande en Mariage, de Tchekhov  
19/03 • Le Revizor, de Nicolas Gogol  
26/03 • Les Fourberies de Scapin, de Molière  
02/04 • Le Père, de August Strindberg  
09/04 • Embrassons-nous, Folleville ! de Eugène Labiche  
16/04 • Hamlet, de William Shakespeare

LES INFORMATIONS  
Dates : Chaque jeudi, du 15 janvier au 16 avril 2026, à 20h  
Lieux : Hôtels Littéraires (Paris, 8e, 10e et 18e arrondissements)  
Tarifs : 10€ (plein) • 6€ (étudiants) • Gratuit (étudiants de Sorbonne Université)  
Billetterie (en ligne uniquement) : [https://www.billetweb.fr/solo-theatre-2026](https://www.billetweb.fr/solo-theatre-2025)",Paris,10 Rue Gustave Goublier 75010,75010,2026-04-16 18:00:00+00:00,"Evenement : FESTIVAL « SOLO THÉÂTRE ». Lieu : 10 Rue Gustave Goublier 75010, Paris. Date : 16/04/2026. Description : **Chaque jeudi**, du 16 janvier au 10 avril, **Les Livreurs** et **La Sorbonne Sonore** vous invitent à prendre place dans l'un des magnifiques **Hôtels Littéraires parisiens** afin de découvrir leurs nouvelles pièces **Solo Théâtre** et vivre ensemble des moments forts en émotion, intensité et virtuosité !

🎟️ LE PROGRAMME  
15/01 • Histoire de Madame de la Pommeraye, de Denis Diderot  
22/01 • La Cruche, de Georges Courteline  
29/01 • Dom Juan, de Molière  
05/02 • Bouvard et Pécuchet, de Gustave Flaubert  
12/02 • Léonce et Léna, de Georg Büchner  
19/02 • Ruy Blas, de Victor Hugo  
26/02 • Cinna, de Corneille  
05/03 • Double Assassinat dans la rue Morgue, de Edgar Allan Poe  
12/03 • La Délaissée, de Max Maurey + Une Demande en Mariage, de Tchekhov  
19/03 • Le Revizor, de Nicolas Gogol  
26/03 • Les Fourberies de Scapin, de Molière  
02/04 • Le Père, de August Strindberg  
09/04 • Embrassons-nous, Folleville ! de Eugène Labiche  
16/04 • Hamlet, de William Shakespeare

LES INFORMATIONS  
Dates : Chaque jeudi, du 15 janvier au 16 avril 2026, à 20h  
Lieux : Hôtels Littéraires (Paris, 8e, 10e et 18e arrondissements)  
Tarifs : 10€ (plein) • 6€ (étudiants) • Gratuit (étudiants de Sorbonne Université)  
Billetterie (en ligne uniquement) : [https://www.billetweb.fr/solo-theatre-2026](https://www.billetweb.fr/solo-theatre-2025)"
Les inconnus dans la maison de Henri Decoin (1942-1h25),"L'avocat Loursat a été abandonné il y a dix-huit ans par sa femme. Depuis il a sombré dans l'alcoolisme. Il vit retiré dans une vaste maison de province, où sa fille Nicole a grandi sans affection.  
Un jour, un homme est trouvé assassiné dans sa demeure. Sa fille et les jeunes gens qu'elle fréquente sont interrogés et soupçonnés : en effet, pour tuer l'ennui, ils ont constitué un club de ""voleurs"". Ils avouent avoir dérobé une voiture, renversé et blessé l'homme dont le cadavre a été découvert. Mais ils nient l'avoir tué.  
Un ami de sa fille étant accusé, l'avocat décide alors d'intervenir. Il redevient l'avocat d'antan et parvient à confondre le vrai coupable.",Paris,"24 Place Denfert-Rochereau, 75014 Paris",75014,2026-04-16 16:00:00+00:00,"Evenement : Les inconnus dans la maison de Henri Decoin (1942-1h25). Lieu : 24 Place Denfert-Rochereau, 75014 Paris, Paris. Date : 16/04/2026. Description : L'avocat Loursat a été abandonné il y a dix-huit ans par sa femme. Depuis il a sombré dans l'alcoolisme. Il vit retiré dans une vaste maison de province, où sa fille Nicole a grandi sans affection.  
Un jour, un homme est trouvé assassiné dans sa demeure. Sa fille et les jeunes gens qu'elle fréquente sont interrogés et soupçonnés : en effet, pour tuer l'ennui, ils ont constitué un club de ""voleurs"". Ils avouent avoir dérobé une voiture, renversé et blessé l'homme dont le cadavre a été découvert. Mais ils nient l'avoir tué.  
Un ami de sa fille étant accusé, l'avocat décide alors d'intervenir. Il redevient l'avocat d'antan et parvient à confondre le vrai coupable."
TO BE OR NOT TO BE,Deux séances en compagnie des membres du Cinéquinze !,Paris,"6 Rue Péclet, Paris",75015,2026-04-15 22:00:00+00:00,"Evenement : TO BE OR NOT TO BE. Lieu : 6 Rue Péclet, Paris, Paris. Date : 15/04/2026. Description : Deux séances en compagnie des membres du Cinéquinze !"
MARIE CHEYENNE + PAULINE MANN,"\[\](https://mothersealmusic.com) #### \*\*CO-PLATEAU EN PARTENARIAT AVEC LA RÉGION ÎLE-DE-FRANCE\*\* #### \*\*MARIE CHEYENNE\*\* Depuis 2018, Marie Cheyenne a marqué les esprits sur les scènes musicales avec son style unique alliant chanson à texte, folk, swing et musique instrumentale. Avec ses airs intemporels et son jeu de scène gouailleur, l’artiste aux chansons humanistes et poétiquement révoltées embarque son auditoire à coup sûr entre coup de gueule et coup de coeur. « Marie Cheyenne manie une plume libre, affranchie de toute frontière … Une plume comme s’en coiffaient les Cheyennes du temps où les prairies ignoraient les barbelés.» \[Site internet\](http://marie-cheyenne.com/) \[Facebook\](https://www.facebook.com/mariecheyennestrasbourg/) \[Instagram\](https://www.instagram.com/mariedcheyenne/) \[Lien d'écoute\](https://open.spotify.com/artist/11dEp3bT9UfLuJgICmSkEh) \[\](https://www.youtube.com/@grain\_musique) Crédit Photo : Simon Loetscher \*\*PAULINE MANN\*\* Pauline Mann, c’est avant tout une voix. Une voix qui chante, qui conte, qui ose traverser les zones sensibles et guider les pas. Jeune auteure et compositrice parisienne, elle s’inscrit dans la nouvelle vague de chanson française à la plume audacieuse. Elle présente en trio son premier EP Je croyais aimer la nuit, fable à la fois intime et universelle, et des extraits de son nouveau projet à paraître en 2026. \[Facebook\](https://www.facebook.com/pauline.mann.music) \[Instagram\](https://www.instagram.com/pauline\_mann/) \[Lien d'écoute\](https://www.youtube.com/channel/UCjeC\_ZN-mRtJaBwFA-APqyA) Crédit Photo : Ella Bats",Paris,124 avenue de la république 75011 paris,75011,2026-04-15 18:30:00+00:00,"Evenement : MARIE CHEYENNE + PAULINE MANN. Lieu : 124 avenue de la république 75011 paris, Paris. Date : 15/04/2026. Description : \[\](https://mothersealmusic.com) #### \*\*CO-PLATEAU EN PARTENARIAT AVEC LA RÉGION ÎLE-DE-FRANCE\*\* #### \*\*MARIE CHEYENNE\*\* Depuis 2018, Marie Cheyenne a marqué les esprits sur les scènes musicales avec son style unique alliant chanson à texte, folk, swing et musique instrumentale. Avec ses airs intemporels et son jeu de scène gouailleur, l’artiste aux chansons humanistes et poétiquement révoltées embarque son auditoire à coup sûr entre coup de gueule et coup de coeur. « Marie Cheyenne manie une plume libre, affranchie de toute frontière … Une plume comme s’en coiffaient les Cheyennes du temps où les prairies ignoraient les barbelés.» \[Site internet\](http://marie-cheyenne.com/) \[Facebook\](https://www.facebook.com/mariecheyennestrasbourg/) \[Instagram\](https://www.instagram.com/mariedcheyenne/) \[Lien d'écoute\](https://open.spotify.com/artist/11dEp3bT9UfLuJgICmSkEh) \[\](https://www.youtube.com/@grain\_musique) Crédit Photo : Simon Loetscher \*\*PAULINE MANN\*\* Pauline Mann, c’est avant tout une voix. Une voix qui chante, qui conte, qui ose traverser les zones sensibles et guider les pas. Jeune auteure et compositrice parisienne, elle s’inscrit dans la nouvelle vague de chanson française à la plume audacieuse. Elle présente en trio son premier EP Je croyais aimer la nuit, fable à la fois intime et universelle, et des extraits de son nouveau projet à paraître en 2026. \[Facebook\](https://www.facebook.com/pauline.mann.music) \[Instagram\](https://www.instagram.com/pauline\_mann/) \[Lien d'écoute\](https://www.youtube.com/channel/UCjeC\_ZN-mRtJaBwFA-APqyA) Crédit Photo : Ella Bats"
Séance spéciale - TOPSY-TURVY,Séance-événement de TOPSY-TURVY de Mike Leigh à l'occasion de sa ressortie en salles,Paris,"98 Bd du Montparnasse, Paris",75014,2026-04-15 18:00:00+00:00,"Evenement : Séance spéciale - TOPSY-TURVY. Lieu : 98 Bd du Montparnasse, Paris, Paris. Date : 15/04/2026. Description : Séance-événement de TOPSY-TURVY de Mike Leigh à l'occasion de sa ressortie en salles"
Rockwell night,Rencontre avec Alexandre Rockwell,Paris,"100, rue Mouffetard, Paris",75005,2026-04-15 17:00:00+00:00,"Evenement : Rockwell night. Lieu : 100, rue Mouffetard, Paris, Paris. Date : 15/04/2026. Description : Rencontre avec Alexandre Rockwell"
Atelier-spectacle « La magie des percussions coréennes » Festival Rêves d’enfants,"« La magie des percussions coréennes » est une invitation à explorer la richesse et la vitalité de la musique traditionnelle coréenne. Animé par Matthieu Rauchvarger, cet atelier-spectacle offre une expérience vivante et sensorielle où les jeunes spectateurs découvrent les sonorités puissantes des tambours et la résonance des gongs.

En particulier, les enfants pourront découvrir le _Samulnori_, genre de percussion emblématique datant du royaume de Baekje (18 av. J.-C. - 660), qui réunit quatre instruments emblématiques : le _jing_ (grand gong), le _buk_ (tambour), le _janggu_ (tambour en forme de sablier) et le _kwaenggwari_ (petit gong).",Paris,"20 Rue La Boétie, 75008 Paris",75008,2026-04-15 17:00:00+00:00,"Evenement : Atelier-spectacle « La magie des percussions coréennes » Festival Rêves d’enfants. Lieu : 20 Rue La Boétie, 75008 Paris, Paris. Date : 15/04/2026. Description : « La magie des percussions coréennes » est une invitation à explorer la richesse et la vitalité de la musique traditionnelle coréenne. Animé par Matthieu Rauchvarger, cet atelier-spectacle offre une expérience vivante et sensorielle où les jeunes spectateurs découvrent les sonorités puissantes des tambours et la résonance des gongs.

En particulier, les enfants pourront découvrir le _Samulnori_, genre de percussion emblématique datant du royaume de Baekje (18 av. J.-C. - 660), qui réunit quatre instruments emblématiques : le _jing_ (grand gong), le _buk_ (tambour), le _janggu_ (tambour en forme de sablier) et le _kwaenggwari_ (petit gong)."
Comme les étoiles du ciel | Kévin-Adémọ́lá Ṣàngósànyà,"Le titre de l’installation provient de la Genèse : « Et je multiplierai ta semence comme les étoiles du ciel » (26 : 4-5). Cette phrase apparaît à l’artiste alors qu’il suit l’enterrement de son grand-père au Nigéria depuis le Brésil. Malgré la distance – géographique et existentielle – qui les sépare désormais, l’élan vital de l’un perdure dans l’autre, et dans l’ensemble de sa descendance aujourd’hui dispersée à travers le monde. Le lien entre le Nigéria et le Brésil, où la culture yorùbá¹ s’est maintenue et transformée, fait écho aux trajectoires diasporiques ayant conduit à cet éparpillement transatlantique.

Comme les étoiles du ciel propose une réflexion sur l’àṣẹ2 à travers le prisme de la filiation, des traumatismes de l’enfance et de la protection. L’àṣẹ, que l’on peut traduire par « la force qui permet aux choses de se réaliser », est une énergie qui infuse la matière : à la fois souffle vital et capacité d’agir sur le monde.

Cette continuité du flux d’àṣẹ, transmis de génération en génération, n’est pas seulement source d’émerveillement : elle est aussi douloureuse. Les traumatismes générationnels inhérents à la filiation (grand-père, père, fils) et à la violence paternelle sont mis en résonance avec des gestes de soin et de protection qui se transmettent eux aussi de père en fils. Savons, poudres magiques et objets rituels deviennent les vecteurs de ce que l’artiste nomme comme « African self-care », à la fois intime et spirituel.

1 Ensemble culturel d’Afrique de l’Ouest (né principalement dans l’actuel Nigéria) dont les traditions, notamment religieuses, se sont largement diffusées dans les Amériques à la suite des diasporas issues de l’esclavage.

2  Terme issu de la tradition religieuse yorùbá désignant la force qui permet aux choses d’advenir et de produire le changement, ainsi que l’autorité sociale qui découlent de ce pouvoir.

Kévin-Adémọlá Ṣàngósànyà (France/Nigeria) est actuellement en résidence par le biais du programme 2-12",Paris,"18, rue de l'Hôtel de ville, 75004",75004,2026-04-15 08:00:00+00:00,"Evenement : Comme les étoiles du ciel | Kévin-Adémọ́lá Ṣàngósànyà. Lieu : 18, rue de l'Hôtel de ville, 75004, Paris. Date : 15/04/2026. Description : Le titre de l’installation provient de la Genèse : « Et je multiplierai ta semence comme les étoiles du ciel » (26 : 4-5). Cette phrase apparaît à l’artiste alors qu’il suit l’enterrement de son grand-père au Nigéria depuis le Brésil. Malgré la distance – géographique et existentielle – qui les sépare désormais, l’élan vital de l’un perdure dans l’autre, et dans l’ensemble de sa descendance aujourd’hui dispersée à travers le monde. Le lien entre le Nigéria et le Brésil, où la culture yorùbá¹ s’est maintenue et transformée, fait écho aux trajectoires diasporiques ayant conduit à cet éparpillement transatlantique.

Comme les étoiles du ciel propose une réflexion sur l’àṣẹ2 à travers le prisme de la filiation, des traumatismes de l’enfance et de la protection. L’àṣẹ, que l’on peut traduire par « la force qui permet aux choses de se réaliser », est une énergie qui infuse la matière : à la fois souffle vital et capacité d’agir sur le monde.

Cette continuité du flux d’àṣẹ, transmis de génération en génération, n’est pas seulement source d’émerveillement : elle est aussi douloureuse. Les traumatismes générationnels inhérents à la filiation (grand-père, père, fils) et à la violence paternelle sont mis en résonance avec des gestes de soin et de protection qui se transmettent eux aussi de père en fils. Savons, poudres magiques et objets rituels deviennent les vecteurs de ce que l’artiste nomme comme « African self-care », à la fois intime et spirituel.

1 Ensemble culturel d’Afrique de l’Ouest (né principalement dans l’actuel Nigéria) dont les traditions, notamment religieuses, se sont largement diffusées dans les Amériques à la suite des diasporas issues de l’esclavage.

2  Terme issu de la tradition religieuse yorùbá désignant la force qui permet aux choses d’advenir et de produire le changement, ainsi que l’autorité sociale qui découlent de ce pouvoir.

Kévin-Adémọlá Ṣàngósànyà (France/Nigeria) est actuellement en résidence par le biais du programme 2-12"
AMOXTLI,"Dans le cadre du bicentenaire des relations diplomatiques entre le Mexique et la France, et à l’initiative de la Bibliothèque nationale d’anthropologie et d’histoire (BNAH), l’Institut culturel du Mexique présente AMOXTLI. Codex : Mémoires et patrimoine vivant, une exposition consacrée aux codex mexicains et à leur résonance dans la création contemporaine.  
Réalisés sur papier amate, fibres d’agave, peau de daim ou textile de coton, les codex constituent les premiers manuscrits pictographiques mésoaméricains. Témoins matériels de systèmes de pensée complexes, ils remplissaient des fonctions calendaires, historiques, politiques, divinatoires et médicinales. Leur production, amorcée à l’époque préhispanique et poursuivie durant la période coloniale, reflète un savoir-faire sophistiqué et des processus d’hybridation culturelle.  
L’exposition réunit une douzaine de codex en fac-similé — dont le Codex de Dresde, le Codex Mendoza et le Codex Zouche-Nuttall — et propose un dialogue avec les œuvres de trois artistes mexicains contemporains : Mónica Muñoz Cid, Filogonio Naxín et Antinea Jimena Pérez-Castro, où gravure monumentale, peinture visionnaire et pratique transdisciplinaire viennent explorer la mémoire, l’identité et la transformation des héritages culturels.  
AMOXTLI révèle ainsi le codex comme patrimoine vivant, source d’inspiration et terrain d’expérimentation contemporaine.",Paris,119 rue Vieille du Temple 75003 Paris,75003,2026-04-15 12:00:00+00:00,"Evenement : AMOXTLI. Lieu : 119 rue Vieille du Temple 75003 Paris, Paris. Date : 15/04/2026. Description : Dans le cadre du bicentenaire des relations diplomatiques entre le Mexique et la France, et à l’initiative de la Bibliothèque nationale d’anthropologie et d’histoire (BNAH), l’Institut culturel du Mexique présente AMOXTLI. Codex : Mémoires et patrimoine vivant, une exposition consacrée aux codex mexicains et à leur résonance dans la création contemporaine.  
Réalisés sur papier amate, fibres d’agave, peau de daim ou textile de coton, les codex constituent les premiers manuscrits pictographiques mésoaméricains. Témoins matériels de systèmes de pensée complexes, ils remplissaient des fonctions calendaires, historiques, politiques, divinatoires et médicinales. Leur production, amorcée à l’époque préhispanique et poursuivie durant la période coloniale, reflète un savoir-faire sophistiqué et des processus d’hybridation culturelle.  
L’exposition réunit une douzaine de codex en fac-similé — dont le Codex de Dresde, le Codex Mendoza et le Codex Zouche-Nuttall — et propose un dialogue avec les œuvres de trois artistes mexicains contemporains : Mónica Muñoz Cid, Filogonio Naxín et Antinea Jimena Pérez-Castro, où gravure monumentale, peinture visionnaire et pratique transdisciplinaire viennent explorer la mémoire, l’identité et la transformation des héritages culturels.  
AMOXTLI révèle ainsi le codex comme patrimoine vivant, source d’inspiration et terrain d’expérimentation contemporaine."
14H REAL,"JUSTE UNE ILLUSION, de Olivier Nakache, Eric Toledano",Paris,"101, rue Saint-Lazare, Paris 9e arrondissement",75009,2026-04-15 12:00:00+00:00,"Evenement : 14H REAL. Lieu : 101, rue Saint-Lazare, Paris 9e arrondissement, Paris. Date : 15/04/2026. Description : JUSTE UNE ILLUSION, de Olivier Nakache, Eric Toledano"
Indisciplines sociologiques,"Il s'agit d'explorer les usages de la sociologie « hors les murs », ou l'indiscipline sociologique (au double sens d'emplois hétérodoxes, et de sortie des logiques disciplinaires). La parole des usagers/usagères de la sociologie est au cœur de cette rencontre.

*   **Informations pratiques**

Le colloque a lieu à l'Institut d'études avancées de Paris, 17 quai d'Anjou, 75004 Paris, à partir de 10h le mercredi 15 avril 2026. Vous serez accueilli·e par un café à 9h30.  
Il est nécessaire de s'inscrire pour pouvoir accéder à l'IEA.

*   **Partenaires :**

Avec le soutien de la Graduate School Sociologie Sciences Politiques, de l'Institut des sciences sociales du politique, du laboratoire Printemps, du laboratoire Institutions et dynamiques historiques de l'économie et de la société et de la Maison des sciences sociales et des humanités Paris-Saclay",Paris,"17 quai d'Anjou, 75004 Paris",75004,2026-04-15 07:30:00+00:00,"Evenement : Indisciplines sociologiques. Lieu : 17 quai d'Anjou, 75004 Paris, Paris. Date : 15/04/2026. Description : Il s'agit d'explorer les usages de la sociologie « hors les murs », ou l'indiscipline sociologique (au double sens d'emplois hétérodoxes, et de sortie des logiques disciplinaires). La parole des usagers/usagères de la sociologie est au cœur de cette rencontre.

*   **Informations pratiques**

Le colloque a lieu à l'Institut d'études avancées de Paris, 17 quai d'Anjou, 75004 Paris, à partir de 10h le mercredi 15 avril 2026. Vous serez accueilli·e par un café à 9h30.  
Il est nécessaire de s'inscrire pour pouvoir accéder à l'IEA.

*   **Partenaires :**

Avec le soutien de la Graduate School Sociologie Sciences Politiques, de l'Institut des sciences sociales du politique, du laboratoire Printemps, du laboratoire Institutions et dynamiques historiques de l'économie et de la société et de la Maison des sciences sociales et des humanités Paris-Saclay"
THE COST OF GROWTH,Soirée présentée et animée par ATTAC Paris 15 et la LDH Paris 15,Paris,"6 Rue Péclet, Paris",75015,2026-04-14 18:30:00+00:00,"Evenement : THE COST OF GROWTH. Lieu : 6 Rue Péclet, Paris, Paris. Date : 14/04/2026. Description : Soirée présentée et animée par ATTAC Paris 15 et la LDH Paris 15"
Tournoi Supreme 🏓,Tournoi de ping pong indoor,Paris,"100, rue Mouffetard, Paris",75005,2026-04-14 17:15:00+00:00,"Evenement : Tournoi Supreme 🏓. Lieu : 100, rue Mouffetard, Paris, Paris. Date : 14/04/2026. Description : Tournoi de ping pong indoor"
BERGER/SANSON: QUELQUES MOTS D'AMOUR EN RAPPELS,"[](https://mothersealmusic.com)

Dans le sillon de leur spectacle *Toute une vie sans se voir* qui met en scène un opéra pop autour des chansons de Véronique Sanson et Michel Berger, Julie Rousseau et Bastien Lucas continuent leur exploration de cette correspondance en chansons pour en dévoiler de nouveaux trésors avec cette fois pour but le plaisir simple du concert. Ils partagent ainsi par d'autres titres les coulisses du travail d'arrangement à deux pianos et de la mise en relief de ce dialogue. Une soirée entière de rappels !

[Facebook](https://www.facebook.com/Touteuneviesanssevoir) [Instagram](https://www.instagram.com/touteunevie_sans_sevoir/)

Crédit photo :Alice Daguzé",Paris,124 avenue de la république 75011 paris,75011,2026-04-13 18:30:00+00:00,"Evenement : BERGER/SANSON: QUELQUES MOTS D'AMOUR EN RAPPELS. Lieu : 124 avenue de la république 75011 paris, Paris. Date : 13/04/2026. Description : [](https://mothersealmusic.com)

Dans le sillon de leur spectacle *Toute une vie sans se voir* qui met en scène un opéra pop autour des chansons de Véronique Sanson et Michel Berger, Julie Rousseau et Bastien Lucas continuent leur exploration de cette correspondance en chansons pour en dévoiler de nouveaux trésors avec cette fois pour but le plaisir simple du concert. Ils partagent ainsi par d'autres titres les coulisses du travail d'arrangement à deux pianos et de la mise en relief de ce dialogue. Une soirée entière de rappels !

[Facebook](https://www.facebook.com/Touteuneviesanssevoir) [Instagram](https://www.instagram.com/touteunevie_sans_sevoir/)

Crédit photo :Alice Daguzé"
Ciné club des Cahiers • 13 avril,PARANOID PARK de Gus Van Sant,Paris,"13, rue Victor-Cousin, Paris",75005,2026-04-13 18:00:00+00:00,"Evenement : Ciné club des Cahiers • 13 avril. Lieu : 13, rue Victor-Cousin, Paris, Paris. Date : 13/04/2026. Description : PARANOID PARK de Gus Van Sant"
Vert un nouveau cinéma,Festival cinéphile et écologique,Paris,"100, rue Mouffetard, Paris",75005,2026-04-12 16:00:00+00:00,"Evenement : Vert un nouveau cinéma. Lieu : 100, rue Mouffetard, Paris, Paris. Date : 12/04/2026. Description : Festival cinéphile et écologique"
Chants bauls du Bengale,"Les Bauls... Ces troubadours parcourent les villages en transmettant une tradition orale indienne très ancienne.

Paban Das Baul vient du Bengale indien. Depuis son adolescence, il chante d'une voix fervente le répertoire des Bauls. Ces troubadours parcourent les villages en transmettant une tradition orale très ancienne.

Marginaux au sein de la société bengalie, les Bauls ont rejeté tous les systèmes religieux. Leur quête mystique ignore les conventions, les dogmes et les rituels. Leurs chants ancrés dans la poésie populaire évoquent la nature et le quotidien. Inspirés librement du tantrisme, du vishnouisme, et du soufisme, ils comportent aussi des enseignements philosophiques subtils et célèbrent le corps humain comme lieu central du divin et de l'amour.

Paban Das Baul, comme tous les Bauls, privilégie la spontanéité et l'émotion de l'instant. Il chante, danse et s'accompagne tour à tour de plusieurs instruments : le dotara (luth à deux cordes), le dubki (tambourin) et le khamak (tambour à tension variable).

Paban est soutenu par Mimlu Sen qui l'accompagne avec les cymbalettes karkal ou avec l'ektara (monocorde qui crée un bourdon). Elle présente les chansons de Paban et en traduit des extraits.

Mimlu Sen a grandi à Calcutta et a d'abord fait partie des milieux étudiants radicaux avant de s'installer à Delhi puis en France. Elle a rencontré Paban à Paris en 1982 lors de son premier concert hors de l’Inde. Elle l'a suivi jusqu'au Bengale et ils ne se sont alors plus quittés.

Mimlu s'est immergée en profondeur dans la culture baul des villages si particulière en Inde et si peu étudiée. À ses yeux, il s'agit tout autant d'un mode de vie menacé et d'une quête métaphysique que d'une simple esthétique musicale. C'est ce qu'elle explique dans son livre ""Les vagabonds enchantés"" écrit au fil de 30 ans de voyages et d'expériences entre le Bengale et Paris. Il s'agit tout à la fois d'un récit de voyage, du parcours de vie d'une femme à la recherche d'elle-même, d'une enquête ethnographique passionnante et du récit de la très belle histoire d'amour entre Mimlu et Paban.

Association Luna",Paris,6 rue Wurtz,75013,2026-04-12 16:00:00+00:00,"Evenement : Chants bauls du Bengale. Lieu : 6 rue Wurtz, Paris. Date : 12/04/2026. Description : Les Bauls... Ces troubadours parcourent les villages en transmettant une tradition orale indienne très ancienne.

Paban Das Baul vient du Bengale indien. Depuis son adolescence, il chante d'une voix fervente le répertoire des Bauls. Ces troubadours parcourent les villages en transmettant une tradition orale très ancienne.

Marginaux au sein de la société bengalie, les Bauls ont rejeté tous les systèmes religieux. Leur quête mystique ignore les conventions, les dogmes et les rituels. Leurs chants ancrés dans la poésie populaire évoquent la nature et le quotidien. Inspirés librement du tantrisme, du vishnouisme, et du soufisme, ils comportent aussi des enseignements philosophiques subtils et célèbrent le corps humain comme lieu central du divin et de l'amour.

Paban Das Baul, comme tous les Bauls, privilégie la spontanéité et l'émotion de l'instant. Il chante, danse et s'accompagne tour à tour de plusieurs instruments : le dotara (luth à deux cordes), le dubki (tambourin) et le khamak (tambour à tension variable).

Paban est soutenu par Mimlu Sen qui l'accompagne avec les cymbalettes karkal ou avec l'ektara (monocorde qui crée un bourdon). Elle présente les chansons de Paban et en traduit des extraits.

Mimlu Sen a grandi à Calcutta et a d'abord fait partie des milieux étudiants radicaux avant de s'installer à Delhi puis en France. Elle a rencontré Paban à Paris en 1982 lors de son premier concert hors de l’Inde. Elle l'a suivi jusqu'au Bengale et ils ne se sont alors plus quittés.

Mimlu s'est immergée en profondeur dans la culture baul des villages si particulière en Inde et si peu étudiée. À ses yeux, il s'agit tout autant d'un mode de vie menacé et d'une quête métaphysique que d'une simple esthétique musicale. C'est ce qu'elle explique dans son livre ""Les vagabonds enchantés"" écrit au fil de 30 ans de voyages et d'expériences entre le Bengale et Paris. Il s'agit tout à la fois d'un récit de voyage, du parcours de vie d'une femme à la recherche d'elle-même, d'une enquête ethnographique passionnante et du récit de la très belle histoire d'amour entre Mimlu et Paban.

Association Luna"
Brocante le 12 avril 2026 à Fontenay-en-Parisis,"Emplacement de 2m linéaire/15 euros, paiement à la réservation",Fontenay-en-Parisis,10 place stalingrad 95190,95190,2026-04-12 05:00:00+00:00,"Evenement : Brocante le 12 avril 2026 à Fontenay-en-Parisis. Lieu : 10 place stalingrad 95190, Fontenay-en-Parisis. Date : 12/04/2026. Description : Emplacement de 2m linéaire/15 euros, paiement à la réservation"
Journées européennes des Métiers d'art : visite découverte de la lustrerie,"Venez découvrir la lustrerie, l’art de la création de lustres et de luminaires, au cours d’une visite guidée !",Paris,"2, Place de la Concorde 75008 Paris",75008,2026-04-12 15:00:00+00:00,"Evenement : Journées européennes des Métiers d'art : visite découverte de la lustrerie. Lieu : 2, Place de la Concorde 75008 Paris, Paris. Date : 12/04/2026. Description : Venez découvrir la lustrerie, l’art de la création de lustres et de luminaires, au cours d’une visite guidée !"
Les œuvres XR taïwanaises brillent au NewImages Festival de Paris.,"Le Festival NewImages, grand rendez-vous annuel français dédié au contenu immersif, se tiendra à la Cité des sciences et de l’industrie à Paris.  
Pour sa 9e édition, le festival propose trois sections en compétition : XR, Dome et Virtual Worlds, ainsi qu’une section Panorama, sans oublier un forum professionnel, un salon et des présentations de projets.  
Au total, quatre œuvres taïwanaises ont été sélectionnées pour la compétition officielle :  
« The Clouds Are Two Thousand Meters Up » de Singing Chen, adapté d’une nouvelle de Wu Ming-yi  
« Sunflower – Rondo for the Celestial » de Chia-hui Lu, qui allie musique et technologie et qu’elle a co-réalisé avec Cheung Man Kit  
« The Awake » de Hsieh Hsiao Ting & Hsieh Hsiao-Wei, qui réinvente le récit corporel d’un point de vue féminin  
Une section Dome est inaugurée cette année, dans laquelle l’œuvre de Hsieh Wen Yee, « Limbophobia », a été sélectionnée.  
La réalisatrice Singing Chen a prononcé un discours lors de la première manifestation du Industry Day le 7 avril, et s’entretiendra avec la directrice du festival, Michèle Ziegler, sur le thème « Reimaging Immersion ».",Paris,"30 avenue Corentin Cariou, 75019 Paris",75019,2026-04-12 08:00:00+00:00,"Evenement : Les œuvres XR taïwanaises brillent au NewImages Festival de Paris.. Lieu : 30 avenue Corentin Cariou, 75019 Paris, Paris. Date : 12/04/2026. Description : Le Festival NewImages, grand rendez-vous annuel français dédié au contenu immersif, se tiendra à la Cité des sciences et de l’industrie à Paris.  
Pour sa 9e édition, le festival propose trois sections en compétition : XR, Dome et Virtual Worlds, ainsi qu’une section Panorama, sans oublier un forum professionnel, un salon et des présentations de projets.  
Au total, quatre œuvres taïwanaises ont été sélectionnées pour la compétition officielle :  
« The Clouds Are Two Thousand Meters Up » de Singing Chen, adapté d’une nouvelle de Wu Ming-yi  
« Sunflower – Rondo for the Celestial » de Chia-hui Lu, qui allie musique et technologie et qu’elle a co-réalisé avec Cheung Man Kit  
« The Awake » de Hsieh Hsiao Ting & Hsieh Hsiao-Wei, qui réinvente le récit corporel d’un point de vue féminin  
Une section Dome est inaugurée cette année, dans laquelle l’œuvre de Hsieh Wen Yee, « Limbophobia », a été sélectionnée.  
La réalisatrice Singing Chen a prononcé un discours lors de la première manifestation du Industry Day le 7 avril, et s’entretiendra avec la directrice du festival, Michèle Ziegler, sur le thème « Reimaging Immersion »."
unRepresented - 4e édition,"**Pour sa 4e édition, le salon** _**un**_**Represented poursuit son engagement en réunissant 15 artistes non représentés en galerie qui expérimentent l’image, soutenus par une communauté diversifiée de mécènes engagés. Du 10 au 12 avril 2026, le salon revient dans son espace habituel, Le Molière, hôtel particulier situé au cœur du 1er arrondissement de Paris. Motivé par son engagement fidèle envers la création contemporaine,** _**un**_**Represented mise pour cette nouvelle édition sur la valorisation de la scène française. Parmi cette sélection principalement axée sur la diversité de la production artistique en France, sera présentée également la deuxième lauréate de la bourse de soutien à la création caribéenne et amazonienne, initiée en 2025 avec La Station Culturelle et Rubis Mécénat.**

**Les artistes présentés : Regina Anzenberger, Jérémy Appert, Tania Arancia, Hélène Bellenger, Emmanuelle Blanc, Carline Bourdelas, Sandrine Elberg, Claudia Huidobro, Auriane Kolodziej, Magali Lambert, Valérie Le Guern, Julien Mignot, Elie Monferier, Catherine Rebois et Laure Sée.**

Pour sa 4e édition, le salon unRepresented poursuit son engagement en réunissant 15 artistes non représentés en galerie qui expérimentent l’image, soutenus par une communauté diversifiée de mécènes engagés.

Du 10 au 12 avril 2026, le salon revient dans son espace habituel, Le Molière, hôtel particulier situé au cœur du 1er arrondissement de Paris. Motivé par son engagement fidèle envers la création contemporaine, unRepresented mise pour cette 4e édition sur la valorisation de la scène française. Parmi cette sélection principalement axée sur la diversité de la production artistique en France, sera présentée également la deuxième lauréate de la bourse de soutien à la création caribéenne et amazonienne, initiée en 2025 avec La Station Culturelle et Rubis Mécénat.

L'année 2026 apparaît comme une occasion où les procédés techniques de la photographie et les pratiques expérimentales de l'image déployés par les artistes sélectionnés nous amèneront à nous interroger sur la place de l'humain et notre rapport à ce qui nous entoure. Quelle position l'être humain adopte-t-il aujourd'hui face à la nature et au paysage ? Quelle relation entretenons-nous avec les images, aussi présentes que confuses, dans notre quotidien ? Quel comportement adopter face à des repères instables, des perceptions fragmentées et des réalités hybrides ? Quelle place occupe la contemplation face à nos corps et à notre intimité ? Qu'implique, finalement, le fait de se confronter à nos mémoires intimes et collectives ?

Différents artistes cherchent à remettre en question le statut contemporain des images et la relation que nous entretenons avec elles. Artiste et chercheuse, Catherine Rebois construit un projet qui interroge l'histoire de la photographie à l'ère de l'IA, en mobilisant des réflexions sur la perte de matérialité et les transformations des images, ainsi que les conflits contemporains que cela implique. De son côté, Hélène Bellenger explore l'économie iconique de la culture visuelle occidentale, à travers un processus dans lequel des images de sculptures en marbre sont imprimées sur du carton, jouant ainsi sur les contradictions entre l'image d'un matériau noble et un support modeste et recyclable. Quant au travail de Laure Sée, il nous conduit vers la volonté de troubler la lecture immédiate d'une photographie, dans laquelle des transferts et des impressions sur plâtre font de l'image un objet qui force notre regard et nous interroge sur ce que l'on voit.

En nous plongeant dans un projet qui cherche à brouiller les repères de la réalité, Sandrine Elberg confond les échelles entre l'infiniment grand et l'infiniment petit, nous permettant d'explorer les confins du cosmos dans des paysages extraterrestres à la frontière du réel et de l'imaginaire. Au bord de la mer, Julien Mignot synthétise toutes les couleurs et les événements invisibles d’une même journée afin de chercher à capturer son essence ; les variations colorées du ciel et de l'océan nous emmènent aux limites de l'abstraction et nous invitent donc à une réflexion sur notre place dans le monde.

Ainsi, nous en venons à nous interroger précisément sur notre relation, en tant qu'êtres humains, avec la nature, le paysage et le vivant. D'une part, l’artiste autrichienne Regina Anzenberger et la française Valérie Le Guern s'interrogent sur les relations entre les interventions humaines et les processus naturels. La première s'intéresse aux espaces urbains abandonnés où la nature tente de retrouver son état sauvage ; en ajoutant de la peinture et des végétaux aux photographies, elle crée un lien direct entre le lieu d'origine de l’image et sa prolongation dans l'œuvre. La seconde élabore un projet fondé sur la visite d'un jardin botanique ; ici, le dispositif de superposition de deux strates d'images reflète un paradoxe entre contrôle, préservation et observation de la nature. D’autre part, Emmanuelle Blanc mobilise la notion de Philippe Descola d'« écologie de la relation », grâce à laquelle son travail incite à renouveler nos façons de penser nos liens aux territoires et aux formes qui les habitent.

Les enjeux liés au territoire nous conduisent vers la démarche artistique d’Élie Monferier qui mène une enquête sur la mémoire minière ariégeoise et interroge la manière dont les individus et les territoires se construisent à travers des strates de récits, de croyances et de mémoires, souvent fragilisées par le temps, la modernité et l’oubli. Du côté de la Guadeloupe, Tania Arancia articule un travail du textile avec un rapport intime à la photographie et aux archives familiales. En investissant des formes profondément chargées de résonances politiques et culturelles, elle transforme une archive intime en un objet qui interroge la mémoire, l’identité et les héritages guadeloupéens.

L’aspect mémorial prend une dimension à la fois intime et contemplative dans les œuvres de Carline Bourdelas et d’Auriane Kolodziej. Carline Bourdelas développe un travail où l’image devient un espace de rémanence, de mémoire et de projection intérieure dans lequel interroger la condition féminine et les zones d’ombre du récit intime. Si son œuvre invite à une lecture contemplative, presque méditative des images qui deviennent des souvenirs fragiles et persistants, celle d’Auriane Kolodziej s'intéresse à la pratique de l'autoportrait sur des miroirs, une invitation à contempler la vulnérabilité de la vie. Le miroir est ici détourné pour devenir support de mémoire ; l’altération du celui-ci révèle la fragilité de l’existence et sa dualité entre lumière et obscurité, entre apparition et effacement.

Finalement, hybridations et fragmentations permettent aux artistes de remettre en question l’humain et le vivant. Jérémy Appert investit les salles de musculation pour poursuivre ses recherches sur l’impact anthropologique de la technologie et révéler ainsi une matérialité corporelle trans- formée par les forces élémentaires ou technologiques contemporaines. La question de l’hybridation lui permet de déployer les expériences physiques et sensibles au-delà du cadre photographique. Magali Lambert, quant à elle, développe des hybridations photographiques, dessinées, sculptées, écrites, à partir de matières abandonnées, consommées ou délaissées. Mêlant proies et prédateurs, vivants et morts, mémoire et geste, l’artiste parvient à abolir une forme de verticalité du vivant.

Enfin, l’artiste franco-chilienne Claudia Huidobro explore le collage, une pratique artistique par définition fragmentée, à travers laquelle elle crée de nouvelles compositions rythmées et colorées sur papier qui lui permettent de s'amuser à donner et à brouiller des nouvelles pistes de la réalité.

Aujourd’hui, réfléchir à notre rapport au monde nous conduit vers une confusion du regard et la perte de repères, là où les images cessent d'être des références stables et réactivent les questions sur notre relation avec notre entourage. Ces quinze artistes affirment le caractère unique de cette édition, en réunissant des pratiques expérimentales de l'image et de la photographie qui placent notre position en tant que simples spectateurs et remettent en question notre manière d'habiter les images. Cette nouvelle édition cherche à confronter le visiteurs à de nouvelles réflexions diverses et profondes sur l'humain et son lien avec ce qui l'entoure.

Toute l’équipe du salon unRepresented vous donne rendez-vous du 10 au 12 avril 2026, au Molière à Paris, pour une 4e édition riche en découvertes passionnantes autour de l’expérimentation de l’image.",Paris,"40 rue de Richelieu, Paris 1er",75001,2026-04-12 11:00:00+00:00,"Evenement : unRepresented - 4e édition. Lieu : 40 rue de Richelieu, Paris 1er, Paris. Date : 12/04/2026. Description : **Pour sa 4e édition, le salon** _**un**_**Represented poursuit son engagement en réunissant 15 artistes non représentés en galerie qui expérimentent l’image, soutenus par une communauté diversifiée de mécènes engagés. Du 10 au 12 avril 2026, le salon revient dans son espace habituel, Le Molière, hôtel particulier situé au cœur du 1er arrondissement de Paris. Motivé par son engagement fidèle envers la création contemporaine,** _**un**_**Represented mise pour cette nouvelle édition sur la valorisation de la scène française. Parmi cette sélection principalement axée sur la diversité de la production artistique en France, sera présentée également la deuxième lauréate de la bourse de soutien à la création caribéenne et amazonienne, initiée en 2025 avec La Station Culturelle et Rubis Mécénat.**

**Les artistes présentés : Regina Anzenberger, Jérémy Appert, Tania Arancia, Hélène Bellenger, Emmanuelle Blanc, Carline Bourdelas, Sandrine Elberg, Claudia Huidobro, Auriane Kolodziej, Magali Lambert, Valérie Le Guern, Julien Mignot, Elie Monferier, Catherine Rebois et Laure Sée.**

Pour sa 4e édition, le salon unRepresented poursuit son engagement en réunissant 15 artistes non représentés en galerie qui expérimentent l’image, soutenus par une communauté diversifiée de mécènes engagés.

Du 10 au 12 avril 2026, le salon revient dans son espace habituel, Le Molière, hôtel particulier situé au cœur du 1er arrondissement de Paris. Motivé par son engagement fidèle envers la création contemporaine, unRepresented mise pour cette 4e édition sur la valorisation de la scène française. Parmi cette sélection principalement axée sur la diversité de la production artistique en France, sera présentée également la deuxième lauréate de la bourse de soutien à la création caribéenne et amazonienne, initiée en 2025 avec La Station Culturelle et Rubis Mécénat.

L'année 2026 apparaît comme une occasion où les procédés techniques de la photographie et les pratiques expérimentales de l'image déployés par les artistes sélectionnés nous amèneront à nous interroger sur la place de l'humain et notre rapport à ce qui nous entoure. Quelle position l'être humain adopte-t-il aujourd'hui face à la nature et au paysage ? Quelle relation entretenons-nous avec les images, aussi présentes que confuses, dans notre quotidien ? Quel comportement adopter face à des repères instables, des perceptions fragmentées et des réalités hybrides ? Quelle place occupe la contemplation face à nos corps et à notre intimité ? Qu'implique, finalement, le fait de se confronter à nos mémoires intimes et collectives ?

Différents artistes cherchent à remettre en question le statut contemporain des images et la relation que nous entretenons avec elles. Artiste et chercheuse, Catherine Rebois construit un projet qui interroge l'histoire de la photographie à l'ère de l'IA, en mobilisant des réflexions sur la perte de matérialité et les transformations des images, ainsi que les conflits contemporains que cela implique. De son côté, Hélène Bellenger explore l'économie iconique de la culture visuelle occidentale, à travers un processus dans lequel des images de sculptures en marbre sont imprimées sur du carton, jouant ainsi sur les contradictions entre l'image d'un matériau noble et un support modeste et recyclable. Quant au travail de Laure Sée, il nous conduit vers la volonté de troubler la lecture immédiate d'une photographie, dans laquelle des transferts et des impressions sur plâtre font de l'image un objet qui force notre regard et nous interroge sur ce que l'on voit.

En nous plongeant dans un projet qui cherche à brouiller les repères de la réalité, Sandrine Elberg confond les échelles entre l'infiniment grand et l'infiniment petit, nous permettant d'explorer les confins du cosmos dans des paysages extraterrestres à la frontière du réel et de l'imaginaire. Au bord de la mer, Julien Mignot synthétise toutes les couleurs et les événements invisibles d’une même journée afin de chercher à capturer son essence ; les variations colorées du ciel et de l'océan nous emmènent aux limites de l'abstraction et nous invitent donc à une réflexion sur notre place dans le monde.

Ainsi, nous en venons à nous interroger précisément sur notre relation, en tant qu'êtres humains, avec la nature, le paysage et le vivant. D'une part, l’artiste autrichienne Regina Anzenberger et la française Valérie Le Guern s'interrogent sur les relations entre les interventions humaines et les processus naturels. La première s'intéresse aux espaces urbains abandonnés où la nature tente de retrouver son état sauvage ; en ajoutant de la peinture et des végétaux aux photographies, elle crée un lien direct entre le lieu d'origine de l’image et sa prolongation dans l'œuvre. La seconde élabore un projet fondé sur la visite d'un jardin botanique ; ici, le dispositif de superposition de deux strates d'images reflète un paradoxe entre contrôle, préservation et observation de la nature. D’autre part, Emmanuelle Blanc mobilise la notion de Philippe Descola d'« écologie de la relation », grâce à laquelle son travail incite à renouveler nos façons de penser nos liens aux territoires et aux formes qui les habitent.

Les enjeux liés au territoire nous conduisent vers la démarche artistique d’Élie Monferier qui mène une enquête sur la mémoire minière ariégeoise et interroge la manière dont les individus et les territoires se construisent à travers des strates de récits, de croyances et de mémoires, souvent fragilisées par le temps, la modernité et l’oubli. Du côté de la Guadeloupe, Tania Arancia articule un travail du textile avec un rapport intime à la photographie et aux archives familiales. En investissant des formes profondément chargées de résonances politiques et culturelles, elle transforme une archive intime en un objet qui interroge la mémoire, l’identité et les héritages guadeloupéens.

L’aspect mémorial prend une dimension à la fois intime et contemplative dans les œuvres de Carline Bourdelas et d’Auriane Kolodziej. Carline Bourdelas développe un travail où l’image devient un espace de rémanence, de mémoire et de projection intérieure dans lequel interroger la condition féminine et les zones d’ombre du récit intime. Si son œuvre invite à une lecture contemplative, presque méditative des images qui deviennent des souvenirs fragiles et persistants, celle d’Auriane Kolodziej s'intéresse à la pratique de l'autoportrait sur des miroirs, une invitation à contempler la vulnérabilité de la vie. Le miroir est ici détourné pour devenir support de mémoire ; l’altération du celui-ci révèle la fragilité de l’existence et sa dualité entre lumière et obscurité, entre apparition et effacement.

Finalement, hybridations et fragmentations permettent aux artistes de remettre en question l’humain et le vivant. Jérémy Appert investit les salles de musculation pour poursuivre ses recherches sur l’impact anthropologique de la technologie et révéler ainsi une matérialité corporelle trans- formée par les forces élémentaires ou technologiques contemporaines. La question de l’hybridation lui permet de déployer les expériences physiques et sensibles au-delà du cadre photographique. Magali Lambert, quant à elle, développe des hybridations photographiques, dessinées, sculptées, écrites, à partir de matières abandonnées, consommées ou délaissées. Mêlant proies et prédateurs, vivants et morts, mémoire et geste, l’artiste parvient à abolir une forme de verticalité du vivant.

Enfin, l’artiste franco-chilienne Claudia Huidobro explore le collage, une pratique artistique par définition fragmentée, à travers laquelle elle crée de nouvelles compositions rythmées et colorées sur papier qui lui permettent de s'amuser à donner et à brouiller des nouvelles pistes de la réalité.

Aujourd’hui, réfléchir à notre rapport au monde nous conduit vers une confusion du regard et la perte de repères, là où les images cessent d'être des références stables et réactivent les questions sur notre relation avec notre entourage. Ces quinze artistes affirment le caractère unique de cette édition, en réunissant des pratiques expérimentales de l'image et de la photographie qui placent notre position en tant que simples spectateurs et remettent en question notre manière d'habiter les images. Cette nouvelle édition cherche à confronter le visiteurs à de nouvelles réflexions diverses et profondes sur l'humain et son lien avec ce qui l'entoure.

Toute l’équipe du salon unRepresented vous donne rendez-vous du 10 au 12 avril 2026, au Molière à Paris, pour une 4e édition riche en découvertes passionnantes autour de l’expérimentation de l’image."
Hommage à Guru M. K. Saroja - Danse indienne,"Vidya, professeur de Bharata-Natyam depuis 1987, disciple de Kalaimamani M.K. Saroja (reconnue comme une des meilleures expertes dans l'art de l'abinaya, décédée en juin 2022), et première récipiendaire du M. K. Saroja award en novembre 2023.

Récital par Vidya, professeur de Bharata-Natyam au centre Mandapa depuis 1987 et disciple de Kalaimamani M.K. Saroja qui fut reconnue comme une des meilleures expertes dans l'art de l'abinaya et décédée en juin 2022.

Vidya a mené une carrière de danseuse et chorégraphe. Elle a donné de nombreux spectacles en France et à l'étranger, notamment en Inde, dans des salles de spectacles, dans plusieurs temples et pour les cérémonies religieuses. Elle a formé de nombreuses danseuses devenues elles-mêmes professionnelles.

Au travers de padams – pièces narratives – Vidya exprimera les différents sentiments de chacune des pièces : Joie, Force, Ironie, Amour, Jalousie, Dévotion et Émerveillement.

Tous ces sentiments seront interprétés sur musique, en position assise, et traduits par les mudras (gestes de mains) et l'abinaya (expressions du visage).",Paris,6 rue Wurtz,75013,2026-04-12 13:00:00+00:00,"Evenement : Hommage à Guru M. K. Saroja - Danse indienne. Lieu : 6 rue Wurtz, Paris. Date : 12/04/2026. Description : Vidya, professeur de Bharata-Natyam depuis 1987, disciple de Kalaimamani M.K. Saroja (reconnue comme une des meilleures expertes dans l'art de l'abinaya, décédée en juin 2022), et première récipiendaire du M. K. Saroja award en novembre 2023.

Récital par Vidya, professeur de Bharata-Natyam au centre Mandapa depuis 1987 et disciple de Kalaimamani M.K. Saroja qui fut reconnue comme une des meilleures expertes dans l'art de l'abinaya et décédée en juin 2022.

Vidya a mené une carrière de danseuse et chorégraphe. Elle a donné de nombreux spectacles en France et à l'étranger, notamment en Inde, dans des salles de spectacles, dans plusieurs temples et pour les cérémonies religieuses. Elle a formé de nombreuses danseuses devenues elles-mêmes professionnelles.

Au travers de padams – pièces narratives – Vidya exprimera les différents sentiments de chacune des pièces : Joie, Force, Ironie, Amour, Jalousie, Dévotion et Émerveillement.

Tous ces sentiments seront interprétés sur musique, en position assise, et traduits par les mudras (gestes de mains) et l'abinaya (expressions du visage)."
Programme CORTO THEMA du Festival l’Europe autour de l’Europe,"Programme de courts métrages dans le cadre du festival l’Europe autour de l’Europe. Sept histoires, Sept pays…",Paris,"14 Rue Lincoln, Paris",75116,2026-04-12 09:15:00+00:00,"Evenement : Programme CORTO THEMA du Festival l’Europe autour de l’Europe. Lieu : 14 Rue Lincoln, Paris, Paris. Date : 12/04/2026. Description : Programme de courts métrages dans le cadre du festival l’Europe autour de l’Europe. Sept histoires, Sept pays…"
Initiation aux chants et danses du Tibet,"Tenzin GÖNPO fait partie de ces Tibétains exilés qui, dès l’âge de douze ans et du fait d’un certain talent pour la danse, a intégré le TIPA, où on lui a enseigné les arts de la danse, du chant, la pratique de divers instruments et l’opéra vernaculaires.",Paris,6 rue Wurtz,75013,2026-04-12 08:00:00+00:00,"Evenement : Initiation aux chants et danses du Tibet. Lieu : 6 rue Wurtz, Paris. Date : 12/04/2026. Description : Tenzin GÖNPO fait partie de ces Tibétains exilés qui, dès l’âge de douze ans et du fait d’un certain talent pour la danse, a intégré le TIPA, où on lui a enseigné les arts de la danse, du chant, la pratique de divers instruments et l’opéra vernaculaires."
"Du Mandapa jusqu'au Toit du Monde - Tenzin Gönpo - Musique, chant et danse","Du Mandapa jusqu’au Toit du Monde est un voyage enchanté qui vous emmène visiter en histoires, musique, chants et danses toutes les régions du plus haut plateau du monde.

Au son des instruments traditionnels tibétains, vous franchissez des cols à 5.000 mètres d'altitude, vous découvrez en chanson faune et flore, avec les danses, vous rencontrez l'étonnante culture du Tibet.

Tenzin Gönpo est né au sud du Tibet central. Artiste précoce, l'enfant exilé a été pendant plus de 20 ans artiste confirmé puis professeur au sein du “Tibetan Institute of Performing Arts” à Dharamsala en Inde du Nord

Maître d’une tradition ancestrale, il est capable d’intégrer d’autres cultures afin de travailler avec des artistes dont les plus contemporains sont la danseuse et chorégraphe Carolyn Carlson, le poète écrivain André Velter, le cavalier metteur en scène Bartabas.

Ses prestations scéniques accompagnées à la lecture par Caroline nous emmènent de façon magistrale au cœur de l'étonnante culture de son merveilleux pays.

Tenzin Gönpo réduit l’art scénique à son plus simple élément pour nous en faire savourer toute l’authenticité, c’est une invitation au voyage initiatique qui nous est offerte

Caroline Roy adapte en poésie les chansons, contes et extraits d’opéra afin d’accompagner à la lecture les spectacles traditionnels de Tenzin.",Paris,6 rue Wurtz,75013,2026-04-11 18:30:00+00:00,"Evenement : Du Mandapa jusqu'au Toit du Monde - Tenzin Gönpo - Musique, chant et danse. Lieu : 6 rue Wurtz, Paris. Date : 11/04/2026. Description : Du Mandapa jusqu’au Toit du Monde est un voyage enchanté qui vous emmène visiter en histoires, musique, chants et danses toutes les régions du plus haut plateau du monde.

Au son des instruments traditionnels tibétains, vous franchissez des cols à 5.000 mètres d'altitude, vous découvrez en chanson faune et flore, avec les danses, vous rencontrez l'étonnante culture du Tibet.

Tenzin Gönpo est né au sud du Tibet central. Artiste précoce, l'enfant exilé a été pendant plus de 20 ans artiste confirmé puis professeur au sein du “Tibetan Institute of Performing Arts” à Dharamsala en Inde du Nord

Maître d’une tradition ancestrale, il est capable d’intégrer d’autres cultures afin de travailler avec des artistes dont les plus contemporains sont la danseuse et chorégraphe Carolyn Carlson, le poète écrivain André Velter, le cavalier metteur en scène Bartabas.

Ses prestations scéniques accompagnées à la lecture par Caroline nous emmènent de façon magistrale au cœur de l'étonnante culture de son merveilleux pays.

Tenzin Gönpo réduit l’art scénique à son plus simple élément pour nous en faire savourer toute l’authenticité, c’est une invitation au voyage initiatique qui nous est offerte

Caroline Roy adapte en poésie les chansons, contes et extraits d’opéra afin d’accompagner à la lecture les spectacles traditionnels de Tenzin."
Aux Royaumes de l'Enfance,"L’enfant a tout à découvrir, il s’émerveille de tout ce qu’il rencontre, nature, gens, choses… Il découvre aussi sa propre place dans tout ce monde, et doit apprendre à vivre avec les autres, ce qui crée parfois des crises, des caprices, tout cela faisant partie de son apprentissage de la vie. Et puis l’enfant est confronté à son évolution, sa croissance rapide, ses capacités qui s’accroissent chaque jour. Il veut être comme les grands, et parfois il y est forcé.  
Ce programme tente un regard sur ce monde, mais un regard de compositeurs et compositrices adultes, à travers leurs propres souvenirs, leurs relations à d’autres enfants, ou leur imaginaire. Cette capacité de créer des œuvres qui se veulent profondément enfantines nous interroge tout de même : quand s’arrête l’enfance ? quelle part de nous-même reste enfant ? sommes-nous tous des enfants pour toujours ?",Paris,"1 place Maurice de Fontenay, 75012 Paris",75012,2026-04-11 18:00:00+00:00,"Evenement : Aux Royaumes de l'Enfance. Lieu : 1 place Maurice de Fontenay, 75012 Paris, Paris. Date : 11/04/2026. Description : L’enfant a tout à découvrir, il s’émerveille de tout ce qu’il rencontre, nature, gens, choses… Il découvre aussi sa propre place dans tout ce monde, et doit apprendre à vivre avec les autres, ce qui crée parfois des crises, des caprices, tout cela faisant partie de son apprentissage de la vie. Et puis l’enfant est confronté à son évolution, sa croissance rapide, ses capacités qui s’accroissent chaque jour. Il veut être comme les grands, et parfois il y est forcé.  
Ce programme tente un regard sur ce monde, mais un regard de compositeurs et compositrices adultes, à travers leurs propres souvenirs, leurs relations à d’autres enfants, ou leur imaginaire. Cette capacité de créer des œuvres qui se veulent profondément enfantines nous interroge tout de même : quand s’arrête l’enfance ? quelle part de nous-même reste enfant ? sommes-nous tous des enfants pour toujours ?"
L'ODYSSÉE CASANIÈRE,"Écriture et mise en scène **Perrine Tourneux**  
Avec **Noé Lovie, Tristan Le Doze, Perrine Tourneux**

C’est l’histoire d’une maison dont chaque pièce recèle un conte qui lui est propre. Une maison vivante et facétieuse, une maison-monde qui nous protège de la nuit et nous engloutit à la fois. En compagnie d’ogres ambivalents, de vieilles dames faussement ingénues, de soldats désespérés ou de vizirs philosophes, trois contes pour apprendre à affronter et à apprivoiser l'obscurité.

Au cœur d'une nuit menaçante, une maison apparait et le public est invité à franchir son seuil pour y prendre refuge. A l'intérieur, les chemins possibles sont multiples. De choix en choix, certaines portes s’ouvriront et d’autres demeureront closes. À chaque nouvelle pièce explorée, un voyage s’initie, un conte se déploie dans le théâtre de la pièce élue, un conte dont les thématiques font écho à cet espace domestique particulier et aux imaginaires et symboles qu’il véhicule.  
  
**Propos / Perrine Tourneux**  
En chacun de nous est une maison, château intérieur aux pièces modelées par nos aspirations. Cette maison nous permet d’explorer le monde, de nous y aventurer vaillamment tout en sachant que nous pourrons y prendre refuge à la nuit tombée, ou face à la tempête. J’ai voulu mettre en scène cette maison intérieure et la déployer au plateau. Bien sûr, les pièces décrites, les histoires que chacune d’elle contient est à l’image de mon propre imaginaire. Mais je pense que toutes nos maisons communiquent, par les symboles peuplant nos inconscients collectifs et nos folklores communs.

C’est finalement l'obscurité elle-même, dont elle est censée nous protéger, que la maison nous invitera à aimer. Mais pour aimer la nuit, il faut d’abord apprendre. Apprendre à n’être plus seul. À survivre aux hivers. À apprivoiser l’ennui. À rire des revers de fortune.  
Les contes folkloriques convoqués ici déploient une matière riche de nombreux niveaux de lecture, polie par des siècles de traditions orales, traversés de questionnements puissamment universels. Ils sont un formidable terrain de jeu pour dialoguer à bâtons rompus avec nos peurs et nos désirs, pour s'amuser des codes du récit et du théâtre incarné, pour embarquer les plus jeunes comme les plus aguerris dans ces histoires à tiroirs où les apparences sont toujours trompeuses et la défaite jamais certaine. Des récits qui aident à prendre force, à imaginer les chemins possibles pour être libre et vivant, sobre et heureux.",Bagnolet,20 rue Marie-Anne Colombier 93170 Bagnolet,75020,2026-04-11 17:30:00+00:00,"Evenement : L'ODYSSÉE CASANIÈRE. Lieu : 20 rue Marie-Anne Colombier 93170 Bagnolet, Bagnolet. Date : 11/04/2026. Description : Écriture et mise en scène **Perrine Tourneux**  
Avec **Noé Lovie, Tristan Le Doze, Perrine Tourneux**

C’est l’histoire d’une maison dont chaque pièce recèle un conte qui lui est propre. Une maison vivante et facétieuse, une maison-monde qui nous protège de la nuit et nous engloutit à la fois. En compagnie d’ogres ambivalents, de vieilles dames faussement ingénues, de soldats désespérés ou de vizirs philosophes, trois contes pour apprendre à affronter et à apprivoiser l'obscurité.

Au cœur d'une nuit menaçante, une maison apparait et le public est invité à franchir son seuil pour y prendre refuge. A l'intérieur, les chemins possibles sont multiples. De choix en choix, certaines portes s’ouvriront et d’autres demeureront closes. À chaque nouvelle pièce explorée, un voyage s’initie, un conte se déploie dans le théâtre de la pièce élue, un conte dont les thématiques font écho à cet espace domestique particulier et aux imaginaires et symboles qu’il véhicule.  
  
**Propos / Perrine Tourneux**  
En chacun de nous est une maison, château intérieur aux pièces modelées par nos aspirations. Cette maison nous permet d’explorer le monde, de nous y aventurer vaillamment tout en sachant que nous pourrons y prendre refuge à la nuit tombée, ou face à la tempête. J’ai voulu mettre en scène cette maison intérieure et la déployer au plateau. Bien sûr, les pièces décrites, les histoires que chacune d’elle contient est à l’image de mon propre imaginaire. Mais je pense que toutes nos maisons communiquent, par les symboles peuplant nos inconscients collectifs et nos folklores communs.

C’est finalement l'obscurité elle-même, dont elle est censée nous protéger, que la maison nous invitera à aimer. Mais pour aimer la nuit, il faut d’abord apprendre. Apprendre à n’être plus seul. À survivre aux hivers. À apprivoiser l’ennui. À rire des revers de fortune.  
Les contes folkloriques convoqués ici déploient une matière riche de nombreux niveaux de lecture, polie par des siècles de traditions orales, traversés de questionnements puissamment universels. Ils sont un formidable terrain de jeu pour dialoguer à bâtons rompus avec nos peurs et nos désirs, pour s'amuser des codes du récit et du théâtre incarné, pour embarquer les plus jeunes comme les plus aguerris dans ces histoires à tiroirs où les apparences sont toujours trompeuses et la défaite jamais certaine. Des récits qui aident à prendre force, à imaginer les chemins possibles pour être libre et vivant, sobre et heureux."
"Alice Guy, la pionnière oubliée du cinéma","La soirée sera consacrée à la projection de courts-métrages réalisés par Alice Guy, pionnière française du cinéma",Paris,"32 Rue Saint-Yves, Paris 14",75014,2026-04-11 16:00:00+00:00,"Evenement : Alice Guy, la pionnière oubliée du cinéma. Lieu : 32 Rue Saint-Yves, Paris 14, Paris. Date : 11/04/2026. Description : La soirée sera consacrée à la projection de courts-métrages réalisés par Alice Guy, pionnière française du cinéma"
VERT UN NOUVEAU CINÉMA • 11 AVRIL,GASLIT de Katie Camosy,Paris,"13, rue Victor-Cousin, Paris",75005,2026-04-11 14:00:00+00:00,"Evenement : VERT UN NOUVEAU CINÉMA • 11 AVRIL. Lieu : 13, rue Victor-Cousin, Paris, Paris. Date : 11/04/2026. Description : GASLIT de Katie Camosy"
ReCombinaisons,"**10 & 11 avril 2026 - ReCombinaisons**
---------------------------------------

_CIS, Auditorium, 205 Rue de Vaugirard, Paris, France_  
ReCombinaisons se veut un espace de rencontre et de discussion entre chercheuses et chercheurs (biologie-santé, sciences humaines et sociales, philosophie), autrices, auteurs et artistes de science-fiction, et public le plus large possible, pour réfléchir et discuter ensemble de questions de science et de société. Nous avons plus que jamais besoin d’inventer des futurs désirables et des trajectoires pour nous y conduire. Nous avons besoin d’imaginaires et d’utopies pour nous offrir des perspectives et montrer que le futur n’est pas obligé d’être la continuité d’un présent mortifère. Nous avons besoin de science pour nous parler d’aujourd’hui, de demain, et pour expliciter les conditions de réalisation de ces futurs potentiels. Nous avons besoin d’en discuter toutes et tous ensembles.  
Nous traversons en effet un moment de défis multiples, climatiques, écologiques, géo-politiques, qui mettent en danger la cohésion même de nos sociétés. Dans ce moment, nous pensons qu’il est essentiel de penser le présent et les futurs qui pourraient s’offrir à nous à partir de faits, de connaissances partagées, mais aussi en cherchant à les imaginer sous toutes les facettes possibles, en les discutant au travers des regards les plus variés possibles.  
Pour œuvrer dans ce sens, ReCombinaisons est organisé autour de huit tables rondes, réunissant idéalement trois intervenantes et intervenants de différents domaines qui discutent ensemble et avec le public de thèmes de recherche et/ou de société, sous l’animation d’un modérateur ou d’une modératrice. La discussion entre public, chercheurs, chercheuses, auteurs et autrices est aussi au cœur d’un ensemble de moments et d’espace de rencontres moins classiques : discussions libres autour de livres et d’œuvres exposées, visite des espaces ouverts de l’Institut Pasteur, animations.  
**Retrouvez le programme détaillé de l’évènement :** [https://research.pasteur.fr/en/event/recombinaisons/](https://research.pasteur.fr/en/event/recombinaisons/)  
Un projet soutenu par la MSH Paris-Saclay",Paris,"205 Rue de Vaugirard, Paris",75015,2026-04-11 08:00:00+00:00,"Evenement : ReCombinaisons. Lieu : 205 Rue de Vaugirard, Paris, Paris. Date : 11/04/2026. Description : **10 & 11 avril 2026 - ReCombinaisons**
---------------------------------------

_CIS, Auditorium, 205 Rue de Vaugirard, Paris, France_  
ReCombinaisons se veut un espace de rencontre et de discussion entre chercheuses et chercheurs (biologie-santé, sciences humaines et sociales, philosophie), autrices, auteurs et artistes de science-fiction, et public le plus large possible, pour réfléchir et discuter ensemble de questions de science et de société. Nous avons plus que jamais besoin d’inventer des futurs désirables et des trajectoires pour nous y conduire. Nous avons besoin d’imaginaires et d’utopies pour nous offrir des perspectives et montrer que le futur n’est pas obligé d’être la continuité d’un présent mortifère. Nous avons besoin de science pour nous parler d’aujourd’hui, de demain, et pour expliciter les conditions de réalisation de ces futurs potentiels. Nous avons besoin d’en discuter toutes et tous ensembles.  
Nous traversons en effet un moment de défis multiples, climatiques, écologiques, géo-politiques, qui mettent en danger la cohésion même de nos sociétés. Dans ce moment, nous pensons qu’il est essentiel de penser le présent et les futurs qui pourraient s’offrir à nous à partir de faits, de connaissances partagées, mais aussi en cherchant à les imaginer sous toutes les facettes possibles, en les discutant au travers des regards les plus variés possibles.  
Pour œuvrer dans ce sens, ReCombinaisons est organisé autour de huit tables rondes, réunissant idéalement trois intervenantes et intervenants de différents domaines qui discutent ensemble et avec le public de thèmes de recherche et/ou de société, sous l’animation d’un modérateur ou d’une modératrice. La discussion entre public, chercheurs, chercheuses, auteurs et autrices est aussi au cœur d’un ensemble de moments et d’espace de rencontres moins classiques : discussions libres autour de livres et d’œuvres exposées, visite des espaces ouverts de l’Institut Pasteur, animations.  
**Retrouvez le programme détaillé de l’évènement :** [https://research.pasteur.fr/en/event/recombinaisons/](https://research.pasteur.fr/en/event/recombinaisons/)  
Un projet soutenu par la MSH Paris-Saclay"
Journées arts & culture dans l’enseignement supérieur (JACES),"Du 28 mars au 11 avril 2026, le musée des minéraux participe aux Journées arts et culture dans l'enseignement supérieur (JACES).  
À destination de toutes et tous, les JACES permettent de découvrir la diversité et la qualité des offres culturelles et artistiques dans l’enseignement supérieur.",Paris,4 place Jussieu 75005,75005,2026-04-11 11:00:00+00:00,"Evenement : Journées arts & culture dans l’enseignement supérieur (JACES). Lieu : 4 place Jussieu 75005, Paris. Date : 11/04/2026. Description : Du 28 mars au 11 avril 2026, le musée des minéraux participe aux Journées arts et culture dans l'enseignement supérieur (JACES).  
À destination de toutes et tous, les JACES permettent de découvrir la diversité et la qualité des offres culturelles et artistiques dans l’enseignement supérieur."
MIHLO,"[](https://mothersealmusic.com)

Électriques et poétiques, les chansons de Mihlo content l’histoire d’une femme d’aujourd’hui, dans une sobriété non dénuée d’humour et de fantaisie. Questionnant les codes sociétaux, elles évoquent notamment les rapports de pouvoir et de domination sous l'angle de l'intime, et tracent un chemin vers la liberté, dans des mélodies rappelant les chansons de Barbara ou de Keren Ann.  
Sur scène, elle forme avec Pierre Mahier (batterie, clavier) un duo complémentaire animé d’une symbiose contagieuse.

[Facebook](https://www.facebook.com/Mihlopage) [Instagram](https://www.instagram.com/mihlomusic/) [Liens d'écoute](https://www.youtube.com/@mihlomusic/videos)

Crédit photo :Vincent Alvarez",Paris,124 avenue de la république 75011 paris,75011,2026-04-10 18:30:00+00:00,"Evenement : MIHLO. Lieu : 124 avenue de la république 75011 paris, Paris. Date : 10/04/2026. Description : [](https://mothersealmusic.com)

Électriques et poétiques, les chansons de Mihlo content l’histoire d’une femme d’aujourd’hui, dans une sobriété non dénuée d’humour et de fantaisie. Questionnant les codes sociétaux, elles évoquent notamment les rapports de pouvoir et de domination sous l'angle de l'intime, et tracent un chemin vers la liberté, dans des mélodies rappelant les chansons de Barbara ou de Keren Ann.  
Sur scène, elle forme avec Pierre Mahier (batterie, clavier) un duo complémentaire animé d’une symbiose contagieuse.

[Facebook](https://www.facebook.com/Mihlopage) [Instagram](https://www.instagram.com/mihlomusic/) [Liens d'écoute](https://www.youtube.com/@mihlomusic/videos)

Crédit photo :Vincent Alvarez"
Festival du film taïwanais à Paris,"Le festival revient à La Filmothèque du Quartier Latin, il propose 12 séances exceptionnelles, comprenant 9 long-métrages (dont 6 œuvres récentes et 3 classiques restaurés) ainsi que 2 programmes de courts-métrages. Cette édition mettra à l'honneur le réalisateur Tsao Shih-Han avec un focus dédié.
----------------------------------------------------------------------------------------------------------------------------------------------------------------------------------------------------------------------------------------------------------------------------------------------------------

### 01/04 - mercredi

**Séance d’ouverture à 19h15 :** _Présentation et débat en présence du réalisateur TSAO Shih-Han et de Jean-Michel Frodon, critrique de cinéma_

_Before the Bright Day_ - 南方時光 - 2025 - 113min - Couleurs – VOSTF - Réalisé par TSAO Shih-Han (曹仕翰)  
Sur fond de la première élection présidentielle au suffrage universel, le film suit un adolescent qui sèche les cours, joue au billard et fréquente des bandes. Cette agitation révèle en filigrane l’ombre menaçante de la crise des missiles du détroit de Taïwan.

### 02/04 - jeudi

**Séance à 19h30**

_Family matters_ - 我家的事 - 2025 - 99min - Couleurs - VOSTF - Réalisé par PAN Ke-Yin (潘克印)  
Portrait sensible de la vie familiale taïwanaise, le film retrace vingt-quatre années du quotidien d’une famille de quatre personnes au fil des saisons.

### 03/04 - vendredi

**Séance à 19h30 :** _Les courts métrages de TSAO Shih-Han : Présentation et débats en présence du réalisateur_

_A Dream of Spring_ - 春之夢 - 2017 - 22min - Couleurs – VOSTF  
Enrôlé dans l'armée à 15 ans, Zhao est coincé dans une vie qui n’avance plus. Comme une cassette brisée, son existence tourne en boucle, sans retour possible.  
_Neko And Flies_ - 貓與蒼蠅 - 2020 - 25min - Couleurs – VOSTF  
Dans un navire en ruine, Chuang cache Neko, une jeune femme fragile. Un acte de bonté qui le plonge au cœur de tensions violentes entre pêcheurs.  
_Keep in mind : Father’s cinema_ - 父親的電影院 - 2021 - 13min - Couleurs – VO  
La veille de sa destruction, un garçon s’introduit dans le cinéma abandonné de son père. Entre ruines et silence, les souvenirs ressurgissent une dernière fois.

### 04/04 - samedi

**Séance à 15h40 :** _Présentation vidéo de la réalisatrice_

_Grandma and her ghosts_ - 魔法阿媽 - 1998 - 84min - Couleurs – VOSTF - Réalisé par WANG Shaudi (王小棣)  
Film d’animation taïwanais culte, il raconte l’histoire d’un garçon confié à sa grand-mère après le divorce de ses parents, en alliant les croyances populaires aux thèmes des différences générationnelles et contrastes entre ville et campagne.

**Séance à 17h30 :** _Présentation du compositeur de la BO, Tôn Thất An_

_Eel_ - 河鰻 - 2025 - 103min - Couleurs - VOSTF - Réalisé par CHU Chun-Teng (朱駿騰)  
Situé sur la presqu’île Shezi, en périphérie de Taipei, le film, poétique et magique, raconte l’histoire d’un jeune homme revenu au pays pour préserver la péniche et le pigeonnier laissés par son père.

### 05/04 - dimanche

**Séance à 15h30 :**

_Seven ages of a man_ - 我在荒野做了一場夢 - 2025 - 103min - Couleurs – VOSTF - Réalisé par SHEN Ko-Shang (沈可尚)  
Ce documentaire retrace cinq décennies passées par l'explorateur Hsu Jen-Hsiu à parcourir les forêts tropicales sauvages, capturant la grandeur et la fragilité de la nature à travers son objectif et sa plume.

**Séance à 17h30 :**

_The photo from 1977_ - 那張照片裡的我們 - 2025 - 126min - Couleurs – VOSTF - Réalisé par Phil TANG et Frank CHENG (湯昇榮、鄭乃方)  
À travers une romance entre un jeune taekwondoïste coréen et une jeune fille taïwanaise d’origine hakka, le film revient sur un événement clé de la démocratisation taïwanaise : « l’Incident de Zhongli ».

### 06/04 - lundi

**Séance à 19h30 :** _Présentation et débat en présence du réalisateur TSAO Shih-Han_

_Before the Bright Day_ - 南方時光 - 2025 - 113min - Couleurs – VOSTF - Réalisé par TSAO Shih-Han (曹仕翰)  
Sur fond de la première élection présidentielle, le film suit un adolescent qui sèche les cours, joue au billard et fréquente des bandes. Cette agitation révèle en filigrane l’ombre menaçante de la crise des missiles du détroit de Taïwan.

### 07/04 - mardi

**Séance à 17h15 :**

_Un père et sa fille_ - 養鴨人家 - 1964 - 111 min - Couleurs- VOSTF - Réalisé par LEE Hsing (李行)  
La jeune Yue et Lin Tsian-tien, son père adoptif, mènent une vie modeste mais heureuse dans leur élevage de canards à la campagne. Cette tranquillité est perturbée lorsque Chao-fu, chanteur d’opéra taïwanais, prétend être l’oncle biologique de Yue et menace de lui révéler sa véritable identité.

### 08/04 - mercredi

**Séance à 19h30 :** _Séance en présence de Lucas Brunier-Mestas, sélectionneur Labo et Taïwan du Festival du court-métrage de Clermont-Ferrand_  
_LES COURTS-MÉTRAGES DE CLERMONT FERRAND - 克萊蒙費宏影展台灣短片精選_

1\. _Burning_ - 燒 - TANG Hao (唐豪) - 2022 - Fiction – 12min - Couleurs – VOSTFR  
Ming-Kai et Ah-Jie cherchent leur place dans un monde qui ne leur est pas destiné et transforment un toit abandonné en refuge pour leurs rêves et leurs souvenirs.  
2\. _Amateur in the Moon_ - 月亮上的業餘者 - HUANG Pang-Chuan et LIN Chunni (黃邦銓、林君昵) - 2025 - Documentaire – 22min – Couleurs – VOSTFR  
Tourné en 9,5mm, ce film retrace le parcours de Hayao Yoshikawa, pionnier du cinéma amateur en Asie, et son rêve oublié de jeunesse : réaliser un film de science-fiction sur le Lune.  
3\. _No Place Like Home_ - 看現場 - TSANG Shen-Chieh (臧晟傑)- 2025 - Fiction – 12min – Couleurs – VOSTFR  
Après une nuit de travail, Johney, travailleuse migrante philippine à Taïwan, rentre chez elle et trouve son dortoir envahi par des inconnus sous prétexte d’une « inspection ». Elle lutte pour protéger son refuge et le secret qu’il cache.  
4\. _Lucky Draw_ - 大吉 - CHIN Chia-Hua (靳家驊) - 2020 - Fiction – 21min  
Trois bourreaux tirent au sort celui qui devra exécuter un condamné. Quei-wu, choisi, supplie Hsin-chuen de le remplacer à cause de la grossesse de sa femme, mais ce dernier hésite.  
5\. _Praying Mantis_ - 螳螂 - Joe HSIEH (謝文明) - 2025 - Animation – 18min – Couleurs – VOSTFR  
Une mante religieuse mutante, prête à tout pour sauver son enfant, séduit et piège les hommes. Une mission ratée fait ressurgir son passé et ses secrets les plus sombres.

### 09/04 - jeudi

**Séance à 19h15 :**

_La femme qui crie_ - 殺夫 - 1984 - 100 min - Couleurs - VOSTF - Réalisé par TSEN Chuang-Hsiang (曾壯祥)  
Alors qu’elle n’est qu’une enfant, Ah-shih assiste au suicide de sa mère, accusée de vendre son corps pour un peu de nourriture. A ses vingt ans, après une jeune vie orpheline, elle est contrainte d'épouser le boucher Chiang Shui, un homme violent et rustre.

### 10/04 - vendredi

**Séance de clôture à 19h30 :** _Présentation et débat en présence de la réalisatrice Eva Chen et du distributeur de Contre-jour_

_I'm still kind of a day dreamer_ - 女孩白日夢 - 2025 - 90min - Couleurs - VOSTF - Réalisé par Eva CHEN (陳詠清)  
Adapté de la vie de la réalisatrice, tourné en noir et blanc avec un téléphone portable, ce film expérimental suit une jeune romancière en proie à la procrastination, perdue entre réalité et fiction dans sa quête artistique.",Paris,"9, rue Champollion 75005 Paris",75005,2026-04-10 17:30:00+00:00,"Evenement : Festival du film taïwanais à Paris. Lieu : 9, rue Champollion 75005 Paris, Paris. Date : 10/04/2026. Description : Le festival revient à La Filmothèque du Quartier Latin, il propose 12 séances exceptionnelles, comprenant 9 long-métrages (dont 6 œuvres récentes et 3 classiques restaurés) ainsi que 2 programmes de courts-métrages. Cette édition mettra à l'honneur le réalisateur Tsao Shih-Han avec un focus dédié.
----------------------------------------------------------------------------------------------------------------------------------------------------------------------------------------------------------------------------------------------------------------------------------------------------------

### 01/04 - mercredi

**Séance d’ouverture à 19h15 :** _Présentation et débat en présence du réalisateur TSAO Shih-Han et de Jean-Michel Frodon, critrique de cinéma_

_Before the Bright Day_ - 南方時光 - 2025 - 113min - Couleurs – VOSTF - Réalisé par TSAO Shih-Han (曹仕翰)  
Sur fond de la première élection présidentielle au suffrage universel, le film suit un adolescent qui sèche les cours, joue au billard et fréquente des bandes. Cette agitation révèle en filigrane l’ombre menaçante de la crise des missiles du détroit de Taïwan.

### 02/04 - jeudi

**Séance à 19h30**

_Family matters_ - 我家的事 - 2025 - 99min - Couleurs - VOSTF - Réalisé par PAN Ke-Yin (潘克印)  
Portrait sensible de la vie familiale taïwanaise, le film retrace vingt-quatre années du quotidien d’une famille de quatre personnes au fil des saisons.

### 03/04 - vendredi

**Séance à 19h30 :** _Les courts métrages de TSAO Shih-Han : Présentation et débats en présence du réalisateur_

_A Dream of Spring_ - 春之夢 - 2017 - 22min - Couleurs – VOSTF  
Enrôlé dans l'armée à 15 ans, Zhao est coincé dans une vie qui n’avance plus. Comme une cassette brisée, son existence tourne en boucle, sans retour possible.  
_Neko And Flies_ - 貓與蒼蠅 - 2020 - 25min - Couleurs – VOSTF  
Dans un navire en ruine, Chuang cache Neko, une jeune femme fragile. Un acte de bonté qui le plonge au cœur de tensions violentes entre pêcheurs.  
_Keep in mind : Father’s cinema_ - 父親的電影院 - 2021 - 13min - Couleurs – VO  
La veille de sa destruction, un garçon s’introduit dans le cinéma abandonné de son père. Entre ruines et silence, les souvenirs ressurgissent une dernière fois.

### 04/04 - samedi

**Séance à 15h40 :** _Présentation vidéo de la réalisatrice_

_Grandma and her ghosts_ - 魔法阿媽 - 1998 - 84min - Couleurs – VOSTF - Réalisé par WANG Shaudi (王小棣)  
Film d’animation taïwanais culte, il raconte l’histoire d’un garçon confié à sa grand-mère après le divorce de ses parents, en alliant les croyances populaires aux thèmes des différences générationnelles et contrastes entre ville et campagne.

**Séance à 17h30 :** _Présentation du compositeur de la BO, Tôn Thất An_

_Eel_ - 河鰻 - 2025 - 103min - Couleurs - VOSTF - Réalisé par CHU Chun-Teng (朱駿騰)  
Situé sur la presqu’île Shezi, en périphérie de Taipei, le film, poétique et magique, raconte l’histoire d’un jeune homme revenu au pays pour préserver la péniche et le pigeonnier laissés par son père.

### 05/04 - dimanche

**Séance à 15h30 :**

_Seven ages of a man_ - 我在荒野做了一場夢 - 2025 - 103min - Couleurs – VOSTF - Réalisé par SHEN Ko-Shang (沈可尚)  
Ce documentaire retrace cinq décennies passées par l'explorateur Hsu Jen-Hsiu à parcourir les forêts tropicales sauvages, capturant la grandeur et la fragilité de la nature à travers son objectif et sa plume.

**Séance à 17h30 :**

_The photo from 1977_ - 那張照片裡的我們 - 2025 - 126min - Couleurs – VOSTF - Réalisé par Phil TANG et Frank CHENG (湯昇榮、鄭乃方)  
À travers une romance entre un jeune taekwondoïste coréen et une jeune fille taïwanaise d’origine hakka, le film revient sur un événement clé de la démocratisation taïwanaise : « l’Incident de Zhongli ».

### 06/04 - lundi

**Séance à 19h30 :** _Présentation et débat en présence du réalisateur TSAO Shih-Han_

_Before the Bright Day_ - 南方時光 - 2025 - 113min - Couleurs – VOSTF - Réalisé par TSAO Shih-Han (曹仕翰)  
Sur fond de la première élection présidentielle, le film suit un adolescent qui sèche les cours, joue au billard et fréquente des bandes. Cette agitation révèle en filigrane l’ombre menaçante de la crise des missiles du détroit de Taïwan.

### 07/04 - mardi

**Séance à 17h15 :**

_Un père et sa fille_ - 養鴨人家 - 1964 - 111 min - Couleurs- VOSTF - Réalisé par LEE Hsing (李行)  
La jeune Yue et Lin Tsian-tien, son père adoptif, mènent une vie modeste mais heureuse dans leur élevage de canards à la campagne. Cette tranquillité est perturbée lorsque Chao-fu, chanteur d’opéra taïwanais, prétend être l’oncle biologique de Yue et menace de lui révéler sa véritable identité.

### 08/04 - mercredi

**Séance à 19h30 :** _Séance en présence de Lucas Brunier-Mestas, sélectionneur Labo et Taïwan du Festival du court-métrage de Clermont-Ferrand_  
_LES COURTS-MÉTRAGES DE CLERMONT FERRAND - 克萊蒙費宏影展台灣短片精選_

1\. _Burning_ - 燒 - TANG Hao (唐豪) - 2022 - Fiction – 12min - Couleurs – VOSTFR  
Ming-Kai et Ah-Jie cherchent leur place dans un monde qui ne leur est pas destiné et transforment un toit abandonné en refuge pour leurs rêves et leurs souvenirs.  
2\. _Amateur in the Moon_ - 月亮上的業餘者 - HUANG Pang-Chuan et LIN Chunni (黃邦銓、林君昵) - 2025 - Documentaire – 22min – Couleurs – VOSTFR  
Tourné en 9,5mm, ce film retrace le parcours de Hayao Yoshikawa, pionnier du cinéma amateur en Asie, et son rêve oublié de jeunesse : réaliser un film de science-fiction sur le Lune.  
3\. _No Place Like Home_ - 看現場 - TSANG Shen-Chieh (臧晟傑)- 2025 - Fiction – 12min – Couleurs – VOSTFR  
Après une nuit de travail, Johney, travailleuse migrante philippine à Taïwan, rentre chez elle et trouve son dortoir envahi par des inconnus sous prétexte d’une « inspection ». Elle lutte pour protéger son refuge et le secret qu’il cache.  
4\. _Lucky Draw_ - 大吉 - CHIN Chia-Hua (靳家驊) - 2020 - Fiction – 21min  
Trois bourreaux tirent au sort celui qui devra exécuter un condamné. Quei-wu, choisi, supplie Hsin-chuen de le remplacer à cause de la grossesse de sa femme, mais ce dernier hésite.  
5\. _Praying Mantis_ - 螳螂 - Joe HSIEH (謝文明) - 2025 - Animation – 18min – Couleurs – VOSTFR  
Une mante religieuse mutante, prête à tout pour sauver son enfant, séduit et piège les hommes. Une mission ratée fait ressurgir son passé et ses secrets les plus sombres.

### 09/04 - jeudi

**Séance à 19h15 :**

_La femme qui crie_ - 殺夫 - 1984 - 100 min - Couleurs - VOSTF - Réalisé par TSEN Chuang-Hsiang (曾壯祥)  
Alors qu’elle n’est qu’une enfant, Ah-shih assiste au suicide de sa mère, accusée de vendre son corps pour un peu de nourriture. A ses vingt ans, après une jeune vie orpheline, elle est contrainte d'épouser le boucher Chiang Shui, un homme violent et rustre.

### 10/04 - vendredi

**Séance de clôture à 19h30 :** _Présentation et débat en présence de la réalisatrice Eva Chen et du distributeur de Contre-jour_

_I'm still kind of a day dreamer_ - 女孩白日夢 - 2025 - 90min - Couleurs - VOSTF - Réalisé par Eva CHEN (陳詠清)  
Adapté de la vie de la réalisatrice, tourné en noir et blanc avec un téléphone portable, ce film expérimental suit une jeune romancière en proie à la procrastination, perdue entre réalité et fiction dans sa quête artistique."
"Michel Gentils - Guitare 12 cordes, guitare baritone, guitare-sitar","Considéré comme l'un des rares représentants de la guitare à 12 cordes, dont il a publié la toute première méthode, Michel Gentils puise son inspiration entre Orient et Occident. Il présentera ici notamment son époustouflante guitare sitar, qui sonne à la façon du sitar de l'Inde.

""La musique inclassable de ce compositeur à la personnalité très attachante, vous emmènera en voyage dans un univers sonore poétique, aux climats changeants, zébrés d'improvisations époustouflantes, à la découverte d'un instrument que l'on croyait connaître : la guitare à douze cordes."" Jean-Pierre Favino, luthier.",Paris,6 rue Wurtz,75013,2026-04-10 18:30:00+00:00,"Evenement : Michel Gentils - Guitare 12 cordes, guitare baritone, guitare-sitar. Lieu : 6 rue Wurtz, Paris. Date : 10/04/2026. Description : Considéré comme l'un des rares représentants de la guitare à 12 cordes, dont il a publié la toute première méthode, Michel Gentils puise son inspiration entre Orient et Occident. Il présentera ici notamment son époustouflante guitare sitar, qui sonne à la façon du sitar de l'Inde.

""La musique inclassable de ce compositeur à la personnalité très attachante, vous emmènera en voyage dans un univers sonore poétique, aux climats changeants, zébrés d'improvisations époustouflantes, à la découverte d'un instrument que l'on croyait connaître : la guitare à douze cordes."" Jean-Pierre Favino, luthier."
Tournée mondiale du Quatuor Kazakh,"Le Quatuor à cordes Gaziza Zhubanova célèbre ses 30 ans par une tournée mondiale qui le conduit au Concertgebouw d'Amsterdam après son récital à Paris - et ses débuts au Carnegie Hall de New York. Cette soirée réunit des musiciens pour qui la musique de Chostakovitch n'est pas un simple répertoire, mais un héritage vivant. La pianiste Ludmila Berlinskaya a grandi au cœur même de l'univers du compositeur : son père, Valentin Berlinsky, fondateur du Quatuor Borodine, fut le mentor du Quatuor Kazakh.  
Au programme : le Premier Quatuor de Schumann, le Premier Quatuor de Gaziza Zhubanova, compositrice dont le Quatuor Kazakh porte fièrement le nom, et le Quintette avec piano de Chostakovitch – deux œuvres que les musiciens de la soirée interprètent avec la profondeur que confère une transmission directe.",Paris,78 rue Cardinet 75 PARIS,75017,2026-04-10 18:00:00+00:00,"Evenement : Tournée mondiale du Quatuor Kazakh. Lieu : 78 rue Cardinet 75 PARIS, Paris. Date : 10/04/2026. Description : Le Quatuor à cordes Gaziza Zhubanova célèbre ses 30 ans par une tournée mondiale qui le conduit au Concertgebouw d'Amsterdam après son récital à Paris - et ses débuts au Carnegie Hall de New York. Cette soirée réunit des musiciens pour qui la musique de Chostakovitch n'est pas un simple répertoire, mais un héritage vivant. La pianiste Ludmila Berlinskaya a grandi au cœur même de l'univers du compositeur : son père, Valentin Berlinsky, fondateur du Quatuor Borodine, fut le mentor du Quatuor Kazakh.  
Au programme : le Premier Quatuor de Schumann, le Premier Quatuor de Gaziza Zhubanova, compositrice dont le Quatuor Kazakh porte fièrement le nom, et le Quintette avec piano de Chostakovitch – deux œuvres que les musiciens de la soirée interprètent avec la profondeur que confère une transmission directe."
FENWICK,Une diffusion exceptionnelle du film en présence de la réalisatrice du film Léna Ichkhanian !,Paris,"6 Rue Péclet, Paris",75015,2026-04-09 19:00:00+00:00,"Evenement : FENWICK. Lieu : 6 Rue Péclet, Paris, Paris. Date : 09/04/2026. Description : Une diffusion exceptionnelle du film en présence de la réalisatrice du film Léna Ichkhanian !"
JEUDI CHANSON,"Tous les jeudis d’octobre à juin (en dehors des vacances scolaires), une scène ouverte est organisée en entrée libre, pour découvrir de nouveaux artistes et pour présenter le travail des stagiaires de la Manufacture Chanson. Ce sont les Jeudis-Chanson.

Jeudi 9 avril 2026 : Concert du stage « Auteur-compositeur-interprète »

**POUR RETROUVER LE PROGRAMME COMPLET, CLIQUEZ : [ICI](https://www.manufacturechanson.org/autres-activites/scenes-ouvertes-jeudis-chanson/)**",Paris,124 avenue de la république 75011 paris,75011,2026-04-09 18:30:00+00:00,"Evenement : JEUDI CHANSON. Lieu : 124 avenue de la république 75011 paris, Paris. Date : 09/04/2026. Description : Tous les jeudis d’octobre à juin (en dehors des vacances scolaires), une scène ouverte est organisée en entrée libre, pour découvrir de nouveaux artistes et pour présenter le travail des stagiaires de la Manufacture Chanson. Ce sont les Jeudis-Chanson.

Jeudi 9 avril 2026 : Concert du stage « Auteur-compositeur-interprète »

**POUR RETROUVER LE PROGRAMME COMPLET, CLIQUEZ : [ICI](https://www.manufacturechanson.org/autres-activites/scenes-ouvertes-jeudis-chanson/)**"
Séance spéciale - HÉLÈNE TRÉSORE TRANSNATIONALE,Projection suivie d'une rencontre avec la réalisatrice Judith Abitbol. En partenariat avec la LDH.,Paris,"98 Bd du Montparnasse, Paris",75014,2026-04-09 18:00:00+00:00,"Evenement : Séance spéciale - HÉLÈNE TRÉSORE TRANSNATIONALE. Lieu : 98 Bd du Montparnasse, Paris, Paris. Date : 09/04/2026. Description : Projection suivie d'une rencontre avec la réalisatrice Judith Abitbol. En partenariat avec la LDH."
"“L’ENFANT BELIER”, un film de Marta Bergman","**Synopsis :**  
Sara et Adam sont arrivés illégalement en Belgique avec leur petite fille de 2 ans, espérant rejoindre l’Angleterre. Entassés à l’arrière d’un véhicule, la peur semble prendre le pas sur l’espoir. Redouane est policier depuis 20 ans. Avec son équipe, toutes les nuits, il fait la chasse aux passeurs. Ce soir-là, alors que la voiture de police essaie d’arrêter la camionnette soupçonnée de transporter des migrants, tout bascule…

Le Caire Film Festival 2025. Ouverture du Cinémamed Bruxelles 2025, Cinémania Montréal 2025, Festival d’Ostende 2026, Festival du film européen de Meyzieu 2026.  
(2025 – Belgique/Canada Québec / 1h34 / VO stf.)",Paris,46 rue Quincampoix,75004,2026-04-09 18:00:00+00:00,"Evenement : “L’ENFANT BELIER”, un film de Marta Bergman. Lieu : 46 rue Quincampoix, Paris. Date : 09/04/2026. Description : **Synopsis :**  
Sara et Adam sont arrivés illégalement en Belgique avec leur petite fille de 2 ans, espérant rejoindre l’Angleterre. Entassés à l’arrière d’un véhicule, la peur semble prendre le pas sur l’espoir. Redouane est policier depuis 20 ans. Avec son équipe, toutes les nuits, il fait la chasse aux passeurs. Ce soir-là, alors que la voiture de police essaie d’arrêter la camionnette soupçonnée de transporter des migrants, tout bascule…

Le Caire Film Festival 2025. Ouverture du Cinémamed Bruxelles 2025, Cinémania Montréal 2025, Festival d’Ostende 2026, Festival du film européen de Meyzieu 2026.  
(2025 – Belgique/Canada Québec / 1h34 / VO stf.)"
Cycle de projections,"**CYCLE DE PROJECTIONS**  
**INSTITUT FINLANDAIS**  
**26.03-9.04.2026**

Avec une nouvelle saison et une exposition inédite, le grand écran de l’Institut finlandais s’anime à nouveau ! Cette série met à l’honneur trois films finlandais contemporains des années 2010, où les relations humaines occupent une place centrale.

Tandis que les chemins des personnages prennent des directions inattendues, des liens intergénérationnels se créent. En écho aux Fragments de Tommi Toija, les films nous montrent que lorsque tout semble être en ruines, les morceaux peuvent toujours être recollés pour former la base de quelque chose d’inespéré.

Comme toujours lors de nos soirées de projection, la galerie et le Café Maa resteront ouverts jusqu’au début de la séance à 19h. Réservez vos tickets directement à l’Institut finlandais, ou sur notre billetterie en ligne, chaque film coûte 5€ la place.

**AU PROGRAMME :**

**Jeudi 26 mars à 19h :** _Je te dirai tout_ (2013) de Simo Halinen  
95 min, VOSTFR  
Maarit, transgenre, repart à zéro socialement dans sa nouvelle identité extérieure de femme. Le hasard fait qu’elle se fait passer pour une psychothérapeute et reçoit ainsi les confidences d’une couple. Elle retrouve également sa fille qui doit faire face à son changement d’identité. Le film retrace un moment clef de la vie de Maarit où elle parvient à endosser pleinement son identité féminine, à se réconcilier avec sa fille et avec ceux qui, par incompréhension et préjugés, avaient raillé sa transformation.  
[→ Cliquez ici pour réserver vos tickets.](https://www.institut-finlandais.fr/boutique/produit/projection-je-te-dirai-tout/)

**Jeudi 2 avril à 19h :** _Départ soudain_ (2016) de Tiina Lymi  
99 min, VOSTFR  
Quand on est trahi en amour, il faut partir vite. C’est le cas de Katri, une trentenaire carriériste qui a réussi professionnellement et rêve de partir à l’étranger. Cependant, Katri est inopinément réunie avec une fillette négligée par ses parents. Le destin les mène de Helsinki vers le nord de la Finlande pour retrouver la grand-mère de la petite fille. Ce trajet les mène à la rencontre de femmes déterminées, issues de générations différentes, mais toutes au commencement d’une nouvelle vie.  
[→ Cliquez ici pour réserver vos tickets.](https://www.institut-finlandais.fr/boutique/produit/projection-depart-soudain/)

**Jeudi 9 avril à 19h :** _La dernière affaire_ (2018) de Klaus Härö  
90 min, VOSTFR  
Olavi, marchand de tableaux dont les affaires marchent mal, est sur le point de prendre sa retraite, mais il soupçonne qu’un tableau mis aux enchères a bien plus de valeur que son estimation. Sa fille, avec qui il est brouillé depuis longtemps, lui demande de l’aider en prenant son fils Otto en stage. Alors qu’il enquête pour trouver l’auteur de la toile, le vieil homme trouve un partenaire commercial idéal en son petit-fils.  
[→ Cliquez ici pour réserver vos tickets.](https://www.institut-finlandais.fr/boutique/produit/projection-la-derniere-affaire/)",Paris,60 rue des Écoles,75005,2026-04-09 17:00:00+00:00,"Evenement : Cycle de projections. Lieu : 60 rue des Écoles, Paris. Date : 09/04/2026. Description : **CYCLE DE PROJECTIONS**  
**INSTITUT FINLANDAIS**  
**26.03-9.04.2026**

Avec une nouvelle saison et une exposition inédite, le grand écran de l’Institut finlandais s’anime à nouveau ! Cette série met à l’honneur trois films finlandais contemporains des années 2010, où les relations humaines occupent une place centrale.

Tandis que les chemins des personnages prennent des directions inattendues, des liens intergénérationnels se créent. En écho aux Fragments de Tommi Toija, les films nous montrent que lorsque tout semble être en ruines, les morceaux peuvent toujours être recollés pour former la base de quelque chose d’inespéré.

Comme toujours lors de nos soirées de projection, la galerie et le Café Maa resteront ouverts jusqu’au début de la séance à 19h. Réservez vos tickets directement à l’Institut finlandais, ou sur notre billetterie en ligne, chaque film coûte 5€ la place.

**AU PROGRAMME :**

**Jeudi 26 mars à 19h :** _Je te dirai tout_ (2013) de Simo Halinen  
95 min, VOSTFR  
Maarit, transgenre, repart à zéro socialement dans sa nouvelle identité extérieure de femme. Le hasard fait qu’elle se fait passer pour une psychothérapeute et reçoit ainsi les confidences d’une couple. Elle retrouve également sa fille qui doit faire face à son changement d’identité. Le film retrace un moment clef de la vie de Maarit où elle parvient à endosser pleinement son identité féminine, à se réconcilier avec sa fille et avec ceux qui, par incompréhension et préjugés, avaient raillé sa transformation.  
[→ Cliquez ici pour réserver vos tickets.](https://www.institut-finlandais.fr/boutique/produit/projection-je-te-dirai-tout/)

**Jeudi 2 avril à 19h :** _Départ soudain_ (2016) de Tiina Lymi  
99 min, VOSTFR  
Quand on est trahi en amour, il faut partir vite. C’est le cas de Katri, une trentenaire carriériste qui a réussi professionnellement et rêve de partir à l’étranger. Cependant, Katri est inopinément réunie avec une fillette négligée par ses parents. Le destin les mène de Helsinki vers le nord de la Finlande pour retrouver la grand-mère de la petite fille. Ce trajet les mène à la rencontre de femmes déterminées, issues de générations différentes, mais toutes au commencement d’une nouvelle vie.  
[→ Cliquez ici pour réserver vos tickets.](https://www.institut-finlandais.fr/boutique/produit/projection-depart-soudain/)

**Jeudi 9 avril à 19h :** _La dernière affaire_ (2018) de Klaus Härö  
90 min, VOSTFR  
Olavi, marchand de tableaux dont les affaires marchent mal, est sur le point de prendre sa retraite, mais il soupçonne qu’un tableau mis aux enchères a bien plus de valeur que son estimation. Sa fille, avec qui il est brouillé depuis longtemps, lui demande de l’aider en prenant son fils Otto en stage. Alors qu’il enquête pour trouver l’auteur de la toile, le vieil homme trouve un partenaire commercial idéal en son petit-fils.  
[→ Cliquez ici pour réserver vos tickets.](https://www.institut-finlandais.fr/boutique/produit/projection-la-derniere-affaire/)"
Spectacle « Le carnaval des animaux » - Festival Rêves d’enfants,"Cette œuvre musicale de Camille Saint-Saëns est ici donnée dans une version pour le jeune public, portée par un texte d’Elodie Fondacci, publié aux Éditions Auzou. Le lion rugit, les oiseaux chantent, l’éléphant se dandine, le cygne glisse… Tous prennent vie grâce aux instruments de l’Orchestre national Montpellier dans ce joyeux bestiaire musical à découvrir en famille. Chaque instrument devient un animal, chaque morceau un tableau sonore : flûte pour les oiseaux, violoncelle pour le cygne, piano pour les kangourous… Cette œuvre fabuleuse offre une manière ludique et sensible de découvrir les sons de l’orchestre en suivant un véritable défilé animalier.",Paris,"20 Rue La Boétie, 75008 Paris",75008,2026-04-09 17:00:00+00:00,"Evenement : Spectacle « Le carnaval des animaux » - Festival Rêves d’enfants. Lieu : 20 Rue La Boétie, 75008 Paris, Paris. Date : 09/04/2026. Description : Cette œuvre musicale de Camille Saint-Saëns est ici donnée dans une version pour le jeune public, portée par un texte d’Elodie Fondacci, publié aux Éditions Auzou. Le lion rugit, les oiseaux chantent, l’éléphant se dandine, le cygne glisse… Tous prennent vie grâce aux instruments de l’Orchestre national Montpellier dans ce joyeux bestiaire musical à découvrir en famille. Chaque instrument devient un animal, chaque morceau un tableau sonore : flûte pour les oiseaux, violoncelle pour le cygne, piano pour les kangourous… Cette œuvre fabuleuse offre une manière ludique et sensible de découvrir les sons de l’orchestre en suivant un véritable défilé animalier."
TH.AT,"[](https://mothersealmusic.com)

Entre Jacques et Jacno, Albert Marcœur et Astéréotypie, Tante Hortense est un fantaisiste électronique.  
Co-fondateur des Disques Bien, il signe quelques tubes (Une bite sur le poignet, le Bel amant du Berry) qui sont restés en mémoire de certain.e.s auditeurices de Radio France.  
Il fonde le duo TH.AT avec Abby Tsype, multi-instrumentiste et chanteuse qui nourrit de ses talents plusieurs projets—le Fantasy Orchestra, Morning Star, the Duke of Norfolk, Attention Please, et même l’insaisissable Flóp.

[Facebook](https://www.facebook.com/tante.hortense) [Instagram](https://www.instagram.com/th.at_not_this/) [Lien d'écoute](https://soundcloud.com/th-at-60420284)

Crédit photo : Abby Tsype",Paris,124 avenue de la république 75011 paris,75011,2026-04-08 18:30:00+00:00,"Evenement : TH.AT. Lieu : 124 avenue de la république 75011 paris, Paris. Date : 08/04/2026. Description : [](https://mothersealmusic.com)

Entre Jacques et Jacno, Albert Marcœur et Astéréotypie, Tante Hortense est un fantaisiste électronique.  
Co-fondateur des Disques Bien, il signe quelques tubes (Une bite sur le poignet, le Bel amant du Berry) qui sont restés en mémoire de certain.e.s auditeurices de Radio France.  
Il fonde le duo TH.AT avec Abby Tsype, multi-instrumentiste et chanteuse qui nourrit de ses talents plusieurs projets—le Fantasy Orchestra, Morning Star, the Duke of Norfolk, Attention Please, et même l’insaisissable Flóp.

[Facebook](https://www.facebook.com/tante.hortense) [Instagram](https://www.instagram.com/th.at_not_this/) [Lien d'écoute](https://soundcloud.com/th-at-60420284)

Crédit photo : Abby Tsype"
Bistrot littéraire avec Théo Casciani et Éric Reinhardt,"Dans le cadre du cycle "" _Lisez-vous le Belge !_ "", venez découvrir deux nouveautés lors d’une rencontre avec les auteurs.  
**Au programme :**  
Théo Casciani, _Insula_ (P.O.L)  
Insula est un roman d’anticipation aussi intime que spéculatif qui mêle autofiction, confession intime, esthétique queer, jeu vidéo, et une formidable vision apocalyptique du monde contemporain. Insula (île, en latin), c’est d’abord le nom d’un jeu clandestin de réalité augmentée d’un nouveau genre : il suffit d’ingérer une pilule stupéfiante et illégale pour accéder à la simulation. Théo, le narrateur, en apprend l’existence lors d’une fête de cruising queer, au sommet d’un immeuble désaffecté du centre de Londres, dans une atmosphère d’apocalypse. Un garçon s’effondre à ses pieds quelques minutes après avoir consommé la substance, et pleure des larmes de sperme. Mais Théo doit tout interrompre pour se rendre au chevet de son père mourant, dans un hôpital parisien. C’est le moment de la dernière nuit, du dernier souffle et des derniers aveux. Le mot insula revient, cette fois dans la bouche des médecins, pour désigner une partie flottante du cerveau ravagée par la maladie, comme une île qu’on a dans la tête. Alors que les médias annoncent la disparition de plusieurs personnes qui auraient pris une pilule d’insula, l’étau se resserre sur Théo qui se résout à son tour à prendre un cachet prohibé avec l’intuition que les avatars ne sont que des fantômes, et qu’il pourra ainsi retrouver son père dans l’autre monde.

Éric Reinhardt, **L’imparfait**, (Ma nuit au musée, Stock)  
Contrairement à celle du Louvre, la statue d’Hermaphrodite de la Galleria Borghese à Rome est disposée « le long d’un mur, telle une commode, afin qu’il ne soit pas permis d’en faire le tour, ce que réclame pourtant son affolante physionomie ». On lui dénie son mélange intégral de femme et d’homme, d’être les deux à la fois, « avoir le sexe enfoui, la grâce et la délicatesse d’une femme, mais également le sexe saillant d’un homme ».

La rencontre est ponctuée d’une séance de signatures à la **Librairie Wallonie-Bruxelles**",Paris,"46 rue Quincampoix, 75004 Paris",75004,2026-04-08 10:30:00+00:00,"Evenement : Bistrot littéraire avec Théo Casciani et Éric Reinhardt. Lieu : 46 rue Quincampoix, 75004 Paris, Paris. Date : 08/04/2026. Description : Dans le cadre du cycle "" _Lisez-vous le Belge !_ "", venez découvrir deux nouveautés lors d’une rencontre avec les auteurs.  
**Au programme :**  
Théo Casciani, _Insula_ (P.O.L)  
Insula est un roman d’anticipation aussi intime que spéculatif qui mêle autofiction, confession intime, esthétique queer, jeu vidéo, et une formidable vision apocalyptique du monde contemporain. Insula (île, en latin), c’est d’abord le nom d’un jeu clandestin de réalité augmentée d’un nouveau genre : il suffit d’ingérer une pilule stupéfiante et illégale pour accéder à la simulation. Théo, le narrateur, en apprend l’existence lors d’une fête de cruising queer, au sommet d’un immeuble désaffecté du centre de Londres, dans une atmosphère d’apocalypse. Un garçon s’effondre à ses pieds quelques minutes après avoir consommé la substance, et pleure des larmes de sperme. Mais Théo doit tout interrompre pour se rendre au chevet de son père mourant, dans un hôpital parisien. C’est le moment de la dernière nuit, du dernier souffle et des derniers aveux. Le mot insula revient, cette fois dans la bouche des médecins, pour désigner une partie flottante du cerveau ravagée par la maladie, comme une île qu’on a dans la tête. Alors que les médias annoncent la disparition de plusieurs personnes qui auraient pris une pilule d’insula, l’étau se resserre sur Théo qui se résout à son tour à prendre un cachet prohibé avec l’intuition que les avatars ne sont que des fantômes, et qu’il pourra ainsi retrouver son père dans l’autre monde.

Éric Reinhardt, **L’imparfait**, (Ma nuit au musée, Stock)  
Contrairement à celle du Louvre, la statue d’Hermaphrodite de la Galleria Borghese à Rome est disposée « le long d’un mur, telle une commode, afin qu’il ne soit pas permis d’en faire le tour, ce que réclame pourtant son affolante physionomie ». On lui dénie son mélange intégral de femme et d’homme, d’être les deux à la fois, « avoir le sexe enfoui, la grâce et la délicatesse d’une femme, mais également le sexe saillant d’un homme ».

La rencontre est ponctuée d’une séance de signatures à la **Librairie Wallonie-Bruxelles**"
Ciné Citoyen • 8 avril,LA PETITE CUISINE DE MEHDI de Amine Adjina,Paris,"13, rue Victor-Cousin, Paris",75005,2026-04-08 08:30:00+00:00,"Evenement : Ciné Citoyen • 8 avril. Lieu : 13, rue Victor-Cousin, Paris, Paris. Date : 08/04/2026. Description : LA PETITE CUISINE DE MEHDI de Amine Adjina"
Festival de cinéma Péruvien de Paris,Festival de cinéma Péruvien de Paris,Paris,"14 Rue Lincoln, Paris",75116,2026-04-07 22:00:00+00:00,"Evenement : Festival de cinéma Péruvien de Paris. Lieu : 14 Rue Lincoln, Paris, Paris. Date : 07/04/2026. Description : Festival de cinéma Péruvien de Paris"
JAPON - L'ÎLE DE KYUSHU ET LE BUSHIDO,Un voyage insolite suivi d'un débat en présence de Ludovic Tac !,Paris,"6 Rue Péclet, Paris",75015,2026-04-07 18:45:00+00:00,"Evenement : JAPON - L'ÎLE DE KYUSHU ET LE BUSHIDO. Lieu : 6 Rue Péclet, Paris, Paris. Date : 07/04/2026. Description : Un voyage insolite suivi d'un débat en présence de Ludovic Tac !"
JEUDI CHANSON,"Tous les jeudis d’octobre à juin (en dehors des vacances scolaires), une scène ouverte est organisée en entrée libre, pour découvrir de nouveaux artistes et pour présenter le travail des stagiaires de la Manufacture Chanson. Ce sont les Jeudis-Chanson.

Mardi 7 avril 2026 : Concert de la formation « Techniques du chanteur »

**POUR RETROUVER LE PROGRAMME COMPLET, CLIQUEZ : [ICI](https://www.manufacturechanson.org/autres-activites/scenes-ouvertes-jeudis-chanson/)**",Paris,124 avenue de la république 75011 paris,75011,2026-04-07 18:30:00+00:00,"Evenement : JEUDI CHANSON. Lieu : 124 avenue de la république 75011 paris, Paris. Date : 07/04/2026. Description : Tous les jeudis d’octobre à juin (en dehors des vacances scolaires), une scène ouverte est organisée en entrée libre, pour découvrir de nouveaux artistes et pour présenter le travail des stagiaires de la Manufacture Chanson. Ce sont les Jeudis-Chanson.

Mardi 7 avril 2026 : Concert de la formation « Techniques du chanteur »

**POUR RETROUVER LE PROGRAMME COMPLET, CLIQUEZ : [ICI](https://www.manufacturechanson.org/autres-activites/scenes-ouvertes-jeudis-chanson/)**"
"Le 13e Round, de Mohamed Ali Nahdi",En présence de l'équipe du film,Paris,"101, rue Saint-Lazare, Paris 9e arrondissement",75009,2026-04-07 18:00:00+00:00,"Evenement : Le 13e Round, de Mohamed Ali Nahdi. Lieu : 101, rue Saint-Lazare, Paris 9e arrondissement, Paris. Date : 07/04/2026. Description : En présence de l'équipe du film"
"David HALLYDAY, Requiem pour un fou","David Hallyday  
REQUIEM POUR UN FOU  
LA TOURNÉE CENT POUR CENT HALLYDAY

En décembre 2017 Johnny nous quitte, en laissant derrière lui des millions de fans orphelins de leur Idole…

Un seul homme peut revendiquer la légitimité et le talent pour rallumer le feu sur scène et remettre le nom « HALLYDAY » dans le cœur de millions de fans.

Artiste unique au talent immense, multi-récompensé et estimé de tous, il a composé  
«SANG POUR SANG», l’album le plus vendu de son père qui scellera leur réconciliation.

Cet artiste, cet homme, ce fils, c’est : DAVID HALLYDAY !

REQUIEM POUR UN FOU : L ’EVENEMENT DE L’ANNÉE

Un spectacle unique en son genre, deux heures de musique qui permettront de découvrir sur scène les répertoires mêlés des deux artistes, la vision unique d’un fils sur l’œuvre de son père, comme un pacte.

Un spectacle hors du temps où il est question de filiation, de transmission, et d’amour…

REQUIEM POUR UN FOU, un show sang pour sang HALLYDAY.

CE SPECTACLE NOUS L’ATTENDIONS TOUS, IL VA ENFIN DEVENIR RÉALITÉ !

Locations : points de ventes habituels

Le spectacle dure 1h45 à 2h00 environ – pas d’entracte.  
Bande annonce : [https://www.youtube.com/watch?v=yO5Vj8P0RLY](https://www.youtube.com/watch?v=yO5Vj8P0RLY)  
Lien du site internet : [https://www.requiempourunfou.com/](https://www.requiempourunfou.com/)  
Facebook : [https://www.facebook.com/davidhallyday](https://www.facebook.com/davidhallyday)  
Instagram : [https://www.instagram.com/david\_hallyday/](https://www.instagram.com/david_hallyday/)

Tarifs : Carré Or : 108 € - Cat. 1 : 88 € - Cat.2 : 69 € - Parterre Debout : 49 €  
\-25 ans : Carré Or : 54 € - Cat. 1 : 44 € - Cat.2 : 34.50 € - Parterre Debout : 24.50 €

Infos groupes et C.E. : Haracom Tél : 03.21.26.52.94

Liens billetterie :  
Ticketmaster : [https://www.ticketmaster.fr/fr/manifestation/david-hallyday-billet/idmanif/642714/idtier/28239479](https://www.ticketmaster.fr/fr/manifestation/david-hallyday-billet/idmanif/642714/idtier/28239479)  
Fnac : [https://www.fnacspectacles.com/event/david-hallyday-requiem-pour-un-fou-tournee-zenith-paris-la-villette-21017949/?affiliate=QDB](https://www.fnacspectacles.com/event/david-hallyday-requiem-pour-un-fou-tournee-zenith-paris-la-villette-21017949/?affiliate=QDB)",Paris,"211, avenue Jean Jaurès",75019,2026-04-07 18:30:00+00:00,"Evenement : David HALLYDAY, Requiem pour un fou. Lieu : 211, avenue Jean Jaurès, Paris. Date : 07/04/2026. Description : David Hallyday  
REQUIEM POUR UN FOU  
LA TOURNÉE CENT POUR CENT HALLYDAY

En décembre 2017 Johnny nous quitte, en laissant derrière lui des millions de fans orphelins de leur Idole…

Un seul homme peut revendiquer la légitimité et le talent pour rallumer le feu sur scène et remettre le nom « HALLYDAY » dans le cœur de millions de fans.

Artiste unique au talent immense, multi-récompensé et estimé de tous, il a composé  
«SANG POUR SANG», l’album le plus vendu de son père qui scellera leur réconciliation.

Cet artiste, cet homme, ce fils, c’est : DAVID HALLYDAY !

REQUIEM POUR UN FOU : L ’EVENEMENT DE L’ANNÉE

Un spectacle unique en son genre, deux heures de musique qui permettront de découvrir sur scène les répertoires mêlés des deux artistes, la vision unique d’un fils sur l’œuvre de son père, comme un pacte.

Un spectacle hors du temps où il est question de filiation, de transmission, et d’amour…

REQUIEM POUR UN FOU, un show sang pour sang HALLYDAY.

CE SPECTACLE NOUS L’ATTENDIONS TOUS, IL VA ENFIN DEVENIR RÉALITÉ !

Locations : points de ventes habituels

Le spectacle dure 1h45 à 2h00 environ – pas d’entracte.  
Bande annonce : [https://www.youtube.com/watch?v=yO5Vj8P0RLY](https://www.youtube.com/watch?v=yO5Vj8P0RLY)  
Lien du site internet : [https://www.requiempourunfou.com/](https://www.requiempourunfou.com/)  
Facebook : [https://www.facebook.com/davidhallyday](https://www.facebook.com/davidhallyday)  
Instagram : [https://www.instagram.com/david\_hallyday/](https://www.instagram.com/david_hallyday/)

Tarifs : Carré Or : 108 € - Cat. 1 : 88 € - Cat.2 : 69 € - Parterre Debout : 49 €  
\-25 ans : Carré Or : 54 € - Cat. 1 : 44 € - Cat.2 : 34.50 € - Parterre Debout : 24.50 €

Infos groupes et C.E. : Haracom Tél : 03.21.26.52.94

Liens billetterie :  
Ticketmaster : [https://www.ticketmaster.fr/fr/manifestation/david-hallyday-billet/idmanif/642714/idtier/28239479](https://www.ticketmaster.fr/fr/manifestation/david-hallyday-billet/idmanif/642714/idtier/28239479)  
Fnac : [https://www.fnacspectacles.com/event/david-hallyday-requiem-pour-un-fou-tournee-zenith-paris-la-villette-21017949/?affiliate=QDB](https://www.fnacspectacles.com/event/david-hallyday-requiem-pour-un-fou-tournee-zenith-paris-la-villette-21017949/?affiliate=QDB)"
Ciné-débat - DRUNK– Santé mentale et addictions,"La CPTS Paris 14, en partenariat avec la Mairie du 14e arrondissement et le cinéma Les 7 Parnassiens, vous propose une soirée ciné-débat autour des liens entre santé mentale et addictions.",Paris,"98 Bd du Montparnasse, Paris",75014,2026-04-07 17:00:00+00:00,"Evenement : Ciné-débat - DRUNK– Santé mentale et addictions. Lieu : 98 Bd du Montparnasse, Paris, Paris. Date : 07/04/2026. Description : La CPTS Paris 14, en partenariat avec la Mairie du 14e arrondissement et le cinéma Les 7 Parnassiens, vous propose une soirée ciné-débat autour des liens entre santé mentale et addictions."
Le dictateur de Charlie Chaplin (1945),"En 1918, un humble soldat de Tomania devient amnésique après avoir sauvé la vie de Schultz, un aviateur. Enfermé dans un hôpital psychiatrique, il s'enfuit et regagne sa boutique de barbier, dans le ghetto juif. Il ignore tout des événements politiques et s'en prend à des gardes de Hynkel, le dictateur au pouvoir. Hannah, une voisine, le tire d'affaire. Devenu un personnage puissant, Schultz le protège de l'antisémitisme.",Paris,"24 Place Denfert-Rochereau, 75014 Paris",75014,2026-04-07 18:30:00+00:00,"Evenement : Le dictateur de Charlie Chaplin (1945). Lieu : 24 Place Denfert-Rochereau, 75014 Paris, Paris. Date : 07/04/2026. Description : En 1918, un humble soldat de Tomania devient amnésique après avoir sauvé la vie de Schultz, un aviateur. Enfermé dans un hôpital psychiatrique, il s'enfuit et regagne sa boutique de barbier, dans le ghetto juif. Il ignore tout des événements politiques et s'en prend à des gardes de Hynkel, le dictateur au pouvoir. Hannah, une voisine, le tire d'affaire. Devenu un personnage puissant, Schultz le protège de l'antisémitisme."
Stage - Techniques du chanteur-interprète,"**Stage - Techniques du chanteur-interprète**  
Un stage de 10 semaines pour travailler la voix, la scène et la musicalité. Axé sur la pratique et l'expérimentation, ce parcours favorise l'autonomie du chanteur à travers des mises en situation concrètes, des échanges de pratiques et un accompagnement régulier par un·e musicien·ne.",Paris,124 avenue de la république 75011 paris,75011,2026-04-07 07:30:00+00:00,"Evenement : Stage - Techniques du chanteur-interprète. Lieu : 124 avenue de la république 75011 paris, Paris. Date : 07/04/2026. Description : **Stage - Techniques du chanteur-interprète**  
Un stage de 10 semaines pour travailler la voix, la scène et la musicalité. Axé sur la pratique et l'expérimentation, ce parcours favorise l'autonomie du chanteur à travers des mises en situation concrètes, des échanges de pratiques et un accompagnement régulier par un·e musicien·ne."
Joyaux dynastiques,"Pouvoir, prestige et passion, 1700-1950",Paris,"2, Place de la Concorde 75008 Paris",75008,2026-04-06 10:30:00+00:00,"Evenement : Joyaux dynastiques. Lieu : 2, Place de la Concorde 75008 Paris, Paris. Date : 06/04/2026. Description : Pouvoir, prestige et passion, 1700-1950"
Chasse aux œufs de Pâques,Partez à la chasse aux œufs dans les salons d'apparat !,Paris,"2, Place de la Concorde 75008 Paris",75008,2026-04-06 15:00:00+00:00,"Evenement : Chasse aux œufs de Pâques. Lieu : 2, Place de la Concorde 75008 Paris, Paris. Date : 06/04/2026. Description : Partez à la chasse aux œufs dans les salons d'apparat !"
Exposition Moon,"L’exposition Moon s’ouvre comme une traversée silencieuse dans les territoires du blanc et de l’abstraction. Ici, la lune n’est pas un astre à contempler mais une présence diffuse, une énigme suspendue entre lumière et absence. Les œuvres rassemblées, presque toutes dominées par le blanc, tendent vers l’abstraction comme si elles voulaient effacer la matière pour ne garder que l’éclat fragile d’une résonance.",Paris,30 galerie Vivienne,75002,2026-04-05 12:00:00+00:00,"Evenement : Exposition Moon. Lieu : 30 galerie Vivienne, Paris. Date : 05/04/2026. Description : L’exposition Moon s’ouvre comme une traversée silencieuse dans les territoires du blanc et de l’abstraction. Ici, la lune n’est pas un astre à contempler mais une présence diffuse, une énigme suspendue entre lumière et absence. Les œuvres rassemblées, presque toutes dominées par le blanc, tendent vers l’abstraction comme si elles voulaient effacer la matière pour ne garder que l’éclat fragile d’une résonance."
LES CONTES DU POMMIER,La séance sera précédée d'une chasse aux oeufs,Paris,"6 Rue Péclet, Paris",75015,2026-04-05 13:45:00+00:00,"Evenement : LES CONTES DU POMMIER. Lieu : 6 Rue Péclet, Paris, Paris. Date : 05/04/2026. Description : La séance sera précédée d'une chasse aux oeufs"
"Visite en famille : l’Hôtel de la Marine, une histoire racontée par les sens","Parents et enfants, laissez-vous guider dans les salons d'apparat pour découvrir l'histoire de l'Hôtel de la Marine, monument emblématique de la place de la Concorde et témoin de notre histoire.",Paris,"2, Place de la Concorde 75008 Paris",75008,2026-04-05 11:00:00+00:00,"Evenement : Visite en famille : l’Hôtel de la Marine, une histoire racontée par les sens. Lieu : 2, Place de la Concorde 75008 Paris, Paris. Date : 05/04/2026. Description : Parents et enfants, laissez-vous guider dans les salons d'apparat pour découvrir l'histoire de l'Hôtel de la Marine, monument emblématique de la place de la Concorde et témoin de notre histoire."
Skarra Mucci x Manudigital à Paris,"Skarra Mucci & Manudigital débarquent à Paris, au Pan Piper le 4 avril 2026 !  
Après leur EP commun “Ragga Blasta” et l’annonce d’une tournée européenne, les deux figures emblématiques du reggae dancehall sont prêts à enflammer la scène parisienne.

Au programme : un live électrisant composé de tous leurs plus gros hits ainsi que de leurs nouveaux titres soigneusement orchestré par les deux artistes.  
Porté par le flow imparable de Skarra Mucci et par l'énergie communicative de Manudigital derrière ses machines, le duo proposera un show explosif oscillant entre reggae et dancehall, dub et hip hop tout en passant par la bass music !

Ne manquez pas cette date qui s’annonce mémorable et réservez vos places dès maintenant !",Paris,"2-4 Impasse Lamier, 75011 Paris, France",75011,2026-04-04 17:00:00+00:00,"Evenement : Skarra Mucci x Manudigital à Paris. Lieu : 2-4 Impasse Lamier, 75011 Paris, France, Paris. Date : 04/04/2026. Description : Skarra Mucci & Manudigital débarquent à Paris, au Pan Piper le 4 avril 2026 !  
Après leur EP commun “Ragga Blasta” et l’annonce d’une tournée européenne, les deux figures emblématiques du reggae dancehall sont prêts à enflammer la scène parisienne.

Au programme : un live électrisant composé de tous leurs plus gros hits ainsi que de leurs nouveaux titres soigneusement orchestré par les deux artistes.  
Porté par le flow imparable de Skarra Mucci et par l'énergie communicative de Manudigital derrière ses machines, le duo proposera un show explosif oscillant entre reggae et dancehall, dub et hip hop tout en passant par la bass music !

Ne manquez pas cette date qui s’annonce mémorable et réservez vos places dès maintenant !"
NOUVELLES FRONTIÈRES,"Écriture et mise en scène **Maxime Contrepois**  
Avec **Iannis Haillet**  
et la voix de **Ruth Rosenthal**

Adrien a une quarantaine d’années. Il est français. Il vit en France. Dans une grande ville. Avant, dans sa vie d’avant, il était infirmier. Dans dix jours, il partira pour un territoire en guerre. Pourtant la guerre ça n’est pas son métier. Il part pour faire du tourisme. Nouvelles Frontières, c’est l’histoire d’Adrien. C’est l’histoire de sa vie, de sa vie de famille, de comment se sont tissés et détissés les liens avec sa femme, de l’arrivée de leurs filles dans leur vie. Mais c’est aussi la préparation minutieuse d’un poulet, le récit d’une partie de chasse qui tourne mal, d’Adrien qui joue à fantasmer la guerre depuis sa cuisine.  
Tragédie du personnage et comique des situations s’entrelacent. Le fantastique et le réalisme se confondent progressivement. Sous la banalité du quotidien, se dessine l’étonnante histoire d’une exploration radicale, d’un pas de côté dans l’espoir de se sentir à nouveau vivant, d’une bifurcation qui est une disparition autant qu’une réconciliation et qui aboutira à une mue.

Adrien, homme au foyer, nous embarque dans sa vie. Et on voit comment cette vie qu’il s’est construite pourrait être absolument joyeuse mais comment ses doutes la remplissent de contradictions et la font vaciller.  
C’est l’histoire d’une personne banale qui se monte la tête, qui perd son lien au présent parce qu’elle est saisie du sentiment d’être reléguée en arrière-plan de sa propre vie. Nouvelles Frontières parle de vies ordinaires, de vies qu’on a choisies autant qu’elles se sont faites sans nous, de liens qui se distendent, de communications devenues impossibles, du besoin de reprendre le contrôle pour ne pas disparaître.

Comment se sentir à nouveau vivant ?  
Où trouver du sens quand notre vie nous semble se déplier malgré nous ?

Alors que l’on cherche si souvent à nous convaincre que la réalité est évidente, irréfutable, imparable, l’envie fondatrice est de défaire une image consensuelle du monde en lui conférant une densité et une opacité des plus suggestives. C’est peut-être là que peut résider aujourd’hui la charge politique d’une écriture, dans un langage théâtral éminemment ouvert où l’on ne voit pas la réalité mais de la réalité, où l’on voit des choses, des situations, des hommes. Des hommes qui se débattent comme ils peuvent pour continuer à vivre.",Bagnolet,20 rue Marie-Anne Colombier 93170 Bagnolet,75020,2026-04-04 17:30:00+00:00,"Evenement : NOUVELLES FRONTIÈRES. Lieu : 20 rue Marie-Anne Colombier 93170 Bagnolet, Bagnolet. Date : 04/04/2026. Description : Écriture et mise en scène **Maxime Contrepois**  
Avec **Iannis Haillet**  
et la voix de **Ruth Rosenthal**

Adrien a une quarantaine d’années. Il est français. Il vit en France. Dans une grande ville. Avant, dans sa vie d’avant, il était infirmier. Dans dix jours, il partira pour un territoire en guerre. Pourtant la guerre ça n’est pas son métier. Il part pour faire du tourisme. Nouvelles Frontières, c’est l’histoire d’Adrien. C’est l’histoire de sa vie, de sa vie de famille, de comment se sont tissés et détissés les liens avec sa femme, de l’arrivée de leurs filles dans leur vie. Mais c’est aussi la préparation minutieuse d’un poulet, le récit d’une partie de chasse qui tourne mal, d’Adrien qui joue à fantasmer la guerre depuis sa cuisine.  
Tragédie du personnage et comique des situations s’entrelacent. Le fantastique et le réalisme se confondent progressivement. Sous la banalité du quotidien, se dessine l’étonnante histoire d’une exploration radicale, d’un pas de côté dans l’espoir de se sentir à nouveau vivant, d’une bifurcation qui est une disparition autant qu’une réconciliation et qui aboutira à une mue.

Adrien, homme au foyer, nous embarque dans sa vie. Et on voit comment cette vie qu’il s’est construite pourrait être absolument joyeuse mais comment ses doutes la remplissent de contradictions et la font vaciller.  
C’est l’histoire d’une personne banale qui se monte la tête, qui perd son lien au présent parce qu’elle est saisie du sentiment d’être reléguée en arrière-plan de sa propre vie. Nouvelles Frontières parle de vies ordinaires, de vies qu’on a choisies autant qu’elles se sont faites sans nous, de liens qui se distendent, de communications devenues impossibles, du besoin de reprendre le contrôle pour ne pas disparaître.

Comment se sentir à nouveau vivant ?  
Où trouver du sens quand notre vie nous semble se déplier malgré nous ?

Alors que l’on cherche si souvent à nous convaincre que la réalité est évidente, irréfutable, imparable, l’envie fondatrice est de défaire une image consensuelle du monde en lui conférant une densité et une opacité des plus suggestives. C’est peut-être là que peut résider aujourd’hui la charge politique d’une écriture, dans un langage théâtral éminemment ouvert où l’on ne voit pas la réalité mais de la réalité, où l’on voit des choses, des situations, des hommes. Des hommes qui se débattent comme ils peuvent pour continuer à vivre."
Visite famille : Dessine-moi un bijou,"En famille, découvrez l'exposition ""Joyaux dynastiques"" !",Paris,"2, Place de la Concorde 75008 Paris",75008,2026-04-04 11:00:00+00:00,"Evenement : Visite famille : Dessine-moi un bijou. Lieu : 2, Place de la Concorde 75008 Paris, Paris. Date : 04/04/2026. Description : En famille, découvrez l'exposition ""Joyaux dynastiques"" !"
Dessiner l’exposition : ateliers avec Camille Chastang,"À l’occasion de la 9e édition du Printemps du dessin, le Centre des monuments nationaux (CMN) accueille l’exposition « Carte blanche à Camille Chastang » du 21 mars au 19 avril 2026. Les visiteurs sont invités à faire évoluer l'installation à l’occasion d’ateliers de dessin animés par l’artiste. En s’essayant à différentes techniques et formats, ils pourront contribuer à la création d’œuvres qui seront ensuite intégrées au parcours d’exposition jusqu’à son démontage. Ces ateliers s’adressent aux familles à partir de 12 ans ainsi qu’aux visiteurs individuels, dans la limite des places disponibles. La réservation est obligatoire.",Paris,Place Charles de Gaulle 75008 Paris,75008,2026-04-04 10:00:00+00:00,"Evenement : Dessiner l’exposition : ateliers avec Camille Chastang. Lieu : Place Charles de Gaulle 75008 Paris, Paris. Date : 04/04/2026. Description : À l’occasion de la 9e édition du Printemps du dessin, le Centre des monuments nationaux (CMN) accueille l’exposition « Carte blanche à Camille Chastang » du 21 mars au 19 avril 2026. Les visiteurs sont invités à faire évoluer l'installation à l’occasion d’ateliers de dessin animés par l’artiste. En s’essayant à différentes techniques et formats, ils pourront contribuer à la création d’œuvres qui seront ensuite intégrées au parcours d’exposition jusqu’à son démontage. Ces ateliers s’adressent aux familles à partir de 12 ans ainsi qu’aux visiteurs individuels, dans la limite des places disponibles. La réservation est obligatoire."
"MARIE SIGAL ""FEMME TATOUAGE""","[](https://mothersealmusic.com)

Après avoir fait les premières parties de Zaho de Sagazan, Clara Ysé et Solann, Marie Sigal nous invite au refuge et à la fête, dans un solo de chanson sublimé par des sons électronique.

Si la vie laisse des traces indélébiles, ce concert en est une traversée, une incantation pop, de l’intime à la joie collective. D’une énergie et d’une générosité contagieuses, Marie nous partage sa vision du monde, décalée et heureuse, avec la musique comme force de réparation.

[Site internet](http://www.mariesigal.com) [Facebook](https://www.facebook.com/mariesigalpage/?locale=fr_FR) [Instagram](https://www.instagram.com/marie_sigal/?hl=fr) [Youtube](https://www.youtube.com/channel/UCKRfz1MUsT2P1cTOZtZTzRA)

Crédit photo : Lionel Pesqué",Paris,124 avenue de la république 75011 paris,75011,2026-04-03 18:30:00+00:00,"Evenement : MARIE SIGAL ""FEMME TATOUAGE"". Lieu : 124 avenue de la république 75011 paris, Paris. Date : 03/04/2026. Description : [](https://mothersealmusic.com)

Après avoir fait les premières parties de Zaho de Sagazan, Clara Ysé et Solann, Marie Sigal nous invite au refuge et à la fête, dans un solo de chanson sublimé par des sons électronique.

Si la vie laisse des traces indélébiles, ce concert en est une traversée, une incantation pop, de l’intime à la joie collective. D’une énergie et d’une générosité contagieuses, Marie nous partage sa vision du monde, décalée et heureuse, avec la musique comme force de réparation.

[Site internet](http://www.mariesigal.com) [Facebook](https://www.facebook.com/mariesigalpage/?locale=fr_FR) [Instagram](https://www.instagram.com/marie_sigal/?hl=fr) [Youtube](https://www.youtube.com/channel/UCKRfz1MUsT2P1cTOZtZTzRA)

Crédit photo : Lionel Pesqué"
Taverne grecque - Grande soirée avec les groupes Nefeles et Limani,"1ʳᵉ partie : Athènes sur Seine est le nouveau CD du trio grec Nefeles. Il rend hommage à une tradition musicale d’une grande richesse, portée par les rythmes envoûtants des danses grecques. Aux sons emblématiques de l’oud, du violon et du bouzouki, le trio tisse un lien vibrant entre héritage et modernité. Inspiré par Paris, Nefeles signe également des créations originales et revisite des chansons grecques, à savourer parfois en français.

Yannis Vlachos - bouzouki, oud, chant.  
Laurence Stefanidis - violon, baglamas, chant.  
Daniel Puhek - guitare, contrebasse, percussion.

2e partie : Histoires de tavernes et pêcheurs  
Embarquez avec Limani, un groupe passionné réunissant des musiciens amateurs sous la direction musicale de Laurence Stefanidis et Yannis Vlachos. Les joueurs de bouzouki, de baglamas, de mandoline, d’oud, ainsi que les violonistes et guitaristes, vous emmèneront dans l’ambiance chaleureuse d’une taverne, au son envoûtant des chants rebetikos. Ensemble, ils interpréteront des histoires captivantes de pêcheurs, riches en émotions et en traditions.",Paris,6 rue Wurtz,75013,2026-04-03 18:30:00+00:00,"Evenement : Taverne grecque - Grande soirée avec les groupes Nefeles et Limani. Lieu : 6 rue Wurtz, Paris. Date : 03/04/2026. Description : 1ʳᵉ partie : Athènes sur Seine est le nouveau CD du trio grec Nefeles. Il rend hommage à une tradition musicale d’une grande richesse, portée par les rythmes envoûtants des danses grecques. Aux sons emblématiques de l’oud, du violon et du bouzouki, le trio tisse un lien vibrant entre héritage et modernité. Inspiré par Paris, Nefeles signe également des créations originales et revisite des chansons grecques, à savourer parfois en français.

Yannis Vlachos - bouzouki, oud, chant.  
Laurence Stefanidis - violon, baglamas, chant.  
Daniel Puhek - guitare, contrebasse, percussion.

2e partie : Histoires de tavernes et pêcheurs  
Embarquez avec Limani, un groupe passionné réunissant des musiciens amateurs sous la direction musicale de Laurence Stefanidis et Yannis Vlachos. Les joueurs de bouzouki, de baglamas, de mandoline, d’oud, ainsi que les violonistes et guitaristes, vous emmèneront dans l’ambiance chaleureuse d’une taverne, au son envoûtant des chants rebetikos. Ensemble, ils interpréteront des histoires captivantes de pêcheurs, riches en émotions et en traditions."
Rencontres Emploi des Métiers de Demain APEC à l'espace Champerret le 03/04/2026,"Les Rencontres Emploi des Métiers de Demain s’imposent comme un événement incontournable pour celles et ceux qui souhaitent construire leur avenir professionnel. Portée par l'Apec Ile-de-France et soutenue par de nombreux partenaires engagés, cette initiative favorise la rencontre entre talents, entreprises et acteurs de l’emploi.

Parmi eux, Versailles Grand Parc contribue activement à cette dynamique collective.

L’édition 2025 a confirmé l’intérêt de ce format avec 261 répondants à l’enquête de satisfaction : 85,3% des participants étaient en recherche d’emploi. Les autres visiteurs étaient en reconversion, en recherche d’alternance ou en réflexion sur leur parcours.

Les activités proposées ont permis de répondre à une grande diversité de besoins :

*   25,4 % ont participé à des job datings
*   24,6 % à des ateliers pratiques
*   20,9 % à des tables rondes
*   20,9 % à des conseils individuels

Les résultats parlent d’eux-mêmes :

*   32,2 % ont identifié des entreprises utiles pour leur avenir
*   21,5 % ont développé leur réseau professionnel
*   22,3 % ont découvert les services de l’Apec

Un bilan très positif, qui confirme la valeur de ces rencontres pour accompagner les trajectoires professionnelles.

Prochaine édition : le jeudi 3 avril 2026 de 10h à 17h30 à l'espace Champerret

Versailles Grand Parc sera présent tout au long de la journée pour échanger avec vous, présenter son service du développement économique et sa Maison des Entreprises afin de participer à cette dynamique collective autour de l’emploi et de l’orientation.

Les visiteurs pourront découvrir de nombreux secteurs porteurs :

*   Tech & Numérique
*   Sécurité & Défense
*   Énergie & Développement durable
*   Construction & Éco-construction
*   Mobilités de demain & Transports
*   Industrie & R&D

Au programme :

*   Ateliers pratiques et animations interactives
*   Rencontres avec des professionnels et recruteurs
*   Conseils personnalisés
*   Photographe sur place pour CV et LinkedIn

De nombreuses entreprises seront présentes pour échanger avec les candidats (liste complète disponible sur le site de l’Apec).

Cette édition est organisée avec le soutien de nombreux acteurs engagés dans l’emploi et la formation :

*   OPCO Atlas
*   GIM La Fabrique de l’Avenir
*   Agefiph
*   Saint-Quentin-en-Yvelines
*   France Travail
*   AKTO
*   Mouvement des Entreprises de France
*   Cap Emploi
*   Transitions Pro
*   CJD
*   Versailles Grand Parc

Informations pratiques :

*   Accès en transport : Espace Champerret (Entrée au niveau du square Auguste Balagny)
*   Bus : lignes 84, 92, 39, 163, 164, 165 et PC - arrêt Porte de Champerret
*   Métro : ligne 3 - stations Louise Michel (sortie 2) ou Porte de Champerret (sortie 1)
*   RER : ligne C - station Pereire-Levallois
*   Accès en voiture : 6 rue Jean Oestreicher 75017 PARIS
*   Sortie périphérique : Porte de Champerret
*   Parking : Parking Indigo de l’Espace Champerret (payant)

Un rendez-vous à ne pas manquer pour découvrir les métiers de demain, rencontrer des professionnels et donner un nouvel élan à son parcours.",Paris,6 rue Jean Oestreicher 75017 PARIS,75017,2026-04-03 08:00:00+00:00,"Evenement : Rencontres Emploi des Métiers de Demain APEC à l'espace Champerret le 03/04/2026. Lieu : 6 rue Jean Oestreicher 75017 PARIS, Paris. Date : 03/04/2026. Description : Les Rencontres Emploi des Métiers de Demain s’imposent comme un événement incontournable pour celles et ceux qui souhaitent construire leur avenir professionnel. Portée par l'Apec Ile-de-France et soutenue par de nombreux partenaires engagés, cette initiative favorise la rencontre entre talents, entreprises et acteurs de l’emploi.

Parmi eux, Versailles Grand Parc contribue activement à cette dynamique collective.

L’édition 2025 a confirmé l’intérêt de ce format avec 261 répondants à l’enquête de satisfaction : 85,3% des participants étaient en recherche d’emploi. Les autres visiteurs étaient en reconversion, en recherche d’alternance ou en réflexion sur leur parcours.

Les activités proposées ont permis de répondre à une grande diversité de besoins :

*   25,4 % ont participé à des job datings
*   24,6 % à des ateliers pratiques
*   20,9 % à des tables rondes
*   20,9 % à des conseils individuels

Les résultats parlent d’eux-mêmes :

*   32,2 % ont identifié des entreprises utiles pour leur avenir
*   21,5 % ont développé leur réseau professionnel
*   22,3 % ont découvert les services de l’Apec

Un bilan très positif, qui confirme la valeur de ces rencontres pour accompagner les trajectoires professionnelles.

Prochaine édition : le jeudi 3 avril 2026 de 10h à 17h30 à l'espace Champerret

Versailles Grand Parc sera présent tout au long de la journée pour échanger avec vous, présenter son service du développement économique et sa Maison des Entreprises afin de participer à cette dynamique collective autour de l’emploi et de l’orientation.

Les visiteurs pourront découvrir de nombreux secteurs porteurs :

*   Tech & Numérique
*   Sécurité & Défense
*   Énergie & Développement durable
*   Construction & Éco-construction
*   Mobilités de demain & Transports
*   Industrie & R&D

Au programme :

*   Ateliers pratiques et animations interactives
*   Rencontres avec des professionnels et recruteurs
*   Conseils personnalisés
*   Photographe sur place pour CV et LinkedIn

De nombreuses entreprises seront présentes pour échanger avec les candidats (liste complète disponible sur le site de l’Apec).

Cette édition est organisée avec le soutien de nombreux acteurs engagés dans l’emploi et la formation :

*   OPCO Atlas
*   GIM La Fabrique de l’Avenir
*   Agefiph
*   Saint-Quentin-en-Yvelines
*   France Travail
*   AKTO
*   Mouvement des Entreprises de France
*   Cap Emploi
*   Transitions Pro
*   CJD
*   Versailles Grand Parc

Informations pratiques :

*   Accès en transport : Espace Champerret (Entrée au niveau du square Auguste Balagny)
*   Bus : lignes 84, 92, 39, 163, 164, 165 et PC - arrêt Porte de Champerret
*   Métro : ligne 3 - stations Louise Michel (sortie 2) ou Porte de Champerret (sortie 1)
*   RER : ligne C - station Pereire-Levallois
*   Accès en voiture : 6 rue Jean Oestreicher 75017 PARIS
*   Sortie périphérique : Porte de Champerret
*   Parking : Parking Indigo de l’Espace Champerret (payant)

Un rendez-vous à ne pas manquer pour découvrir les métiers de demain, rencontrer des professionnels et donner un nouvel élan à son parcours."
JEUDI CHANSON,"Tous les jeudis d’octobre à juin (en dehors des vacances scolaires), une scène ouverte est organisée en entrée libre, pour découvrir de nouveaux artistes et pour présenter le travail des stagiaires de la Manufacture Chanson. Ce sont les Jeudis-Chanson.

Jeudi 2 avril 2026 : Scène ouverte des ateliers loisirs

**POUR RETROUVER LE PROGRAMME COMPLET, CLIQUEZ : [ICI](https://www.manufacturechanson.org/autres-activites/scenes-ouvertes-jeudis-chanson/)**",Paris,124 avenue de la république 75011 paris,75011,2026-04-02 18:30:00+00:00,"Evenement : JEUDI CHANSON. Lieu : 124 avenue de la république 75011 paris, Paris. Date : 02/04/2026. Description : Tous les jeudis d’octobre à juin (en dehors des vacances scolaires), une scène ouverte est organisée en entrée libre, pour découvrir de nouveaux artistes et pour présenter le travail des stagiaires de la Manufacture Chanson. Ce sont les Jeudis-Chanson.

Jeudi 2 avril 2026 : Scène ouverte des ateliers loisirs

**POUR RETROUVER LE PROGRAMME COMPLET, CLIQUEZ : [ICI](https://www.manufacturechanson.org/autres-activites/scenes-ouvertes-jeudis-chanson/)**"
Festival Étudiant·es au Cinéma avec l'AFCAE,Avant-première Le garçon qui faisait danser les collines,Paris,"100, rue Mouffetard, Paris",75005,2026-04-02 18:15:00+00:00,"Evenement : Festival Étudiant·es au Cinéma avec l'AFCAE. Lieu : 100, rue Mouffetard, Paris, Paris. Date : 02/04/2026. Description : Avant-première Le garçon qui faisait danser les collines"
"Exposition ""Tisser, broder, sublimer. Les savoir-faire de la mode""","**Depuis décembre 2025, le Palais Galliera inaugure une série d’expositions consacrées aux savoir-faire. Au cours de trois expositions successives, qui aborderont les métiers et techniques de la mode sous différents angles, le musée met en lumière la richesse de ses collections et propose un nouveau regard sur l’histoire de la mode du XVIIIe siècle à nos jours.**  
Cette première exposition est consacrée aux savoir-faire de l’ornementation – tissage, impression, broderie, dentelle, fleurs artificielles – qui permettent d’ennoblir et de décorer vêtements et accessoires. Ces techniques sont abordées à travers le thème de la fleur, motif incontournable dans l’art du textile et la mode depuis le XVIIIe siècle. Ses multiples déclinaisons permettent d’apprécier les jeux de matières, le traitement des couleurs, des volumes, ou le placement des motifs qu’il inspire au gré des saisons. Du textile broché d’un gilet du XVIIIe siècle à l’impression au laser d’un ensemble Balenciaga, d’une dentelle de Chantilly au camélia de Gabrielle Chanel, l’exposition met en avant la grande variété des techniques, tout en interrogeant leur symbolique et leurs usages.  
**Plus d'informations sur le site : [https://www.palaisgalliera.paris.fr/expositions/tisser-broder-sublimer-les-savoir-faire-de-la-mode](https://www.palaisgalliera.paris.fr/expositions/tisser-broder-sublimer-les-savoir-faire-de-la-mode)**",Paris,"10 Avenue Pierre Ier de Serbie, 75116 Paris, France",75116,2026-06-26 08:00:00+00:00,"Evenement : Exposition ""Tisser, broder, sublimer. Les savoir-faire de la mode"". Lieu : 10 Avenue Pierre Ier de Serbie, 75116 Paris, France, Paris. Date : 26/06/2026. Description : **Depuis décembre 2025, le Palais Galliera inaugure une série d’expositions consacrées aux savoir-faire. Au cours de trois expositions successives, qui aborderont les métiers et techniques de la mode sous différents angles, le musée met en lumière la richesse de ses collections et propose un nouveau regard sur l’histoire de la mode du XVIIIe siècle à nos jours.**  
Cette première exposition est consacrée aux savoir-faire de l’ornementation – tissage, impression, broderie, dentelle, fleurs artificielles – qui permettent d’ennoblir et de décorer vêtements et accessoires. Ces techniques sont abordées à travers le thème de la fleur, motif incontournable dans l’art du textile et la mode depuis le XVIIIe siècle. Ses multiples déclinaisons permettent d’apprécier les jeux de matières, le traitement des couleurs, des volumes, ou le placement des motifs qu’il inspire au gré des saisons. Du textile broché d’un gilet du XVIIIe siècle à l’impression au laser d’un ensemble Balenciaga, d’une dentelle de Chantilly au camélia de Gabrielle Chanel, l’exposition met en avant la grande variété des techniques, tout en interrogeant leur symbolique et leurs usages.  
**Plus d'informations sur le site : [https://www.palaisgalliera.paris.fr/expositions/tisser-broder-sublimer-les-savoir-faire-de-la-mode](https://www.palaisgalliera.paris.fr/expositions/tisser-broder-sublimer-les-savoir-faire-de-la-mode)**"
Cavalières,"**CAVALIERES**
--------------

_Pour moi commun veut dire tout ce qui n’est ni l’un, ni l’autre. C’est “comme un”mais ce n’est ni l’un, ni l’autre. Tout ce qui peut avoir lieu hors de l’un et de l’autre._  
Fernand Deligny

On est toujours seule face l’écriture. En notant ceci j’entends la voix rauque et ferme de Marguerite Duras parler de cette solitude. Oui on habite seule l’écriture et pourtant “Cavalières” en a décidé autrement. Nous avons habité l’écriture à quatre.  
Très concrètement j’ai posé les premiers mouvements de l’histoire. Ainsi je savais que j’interprèterai Denise, une femme entraîneure de chevaux de course, tutrice légale de Madeleine, petite fille singulière (dite handicapée). Je savais que Denise allait passer une annonce afin de trouver trois femmes susceptibles de cohabiter avec elle. J’en savais aussi les trois conditions « drastiques » : 1 - Avoir un rapport au cheval. 2 - N’apporter aucun meuble. 3 – S’occuper de Madeleine. Le reste… je ne le savais pas, nous allions le découvrir ensemble.  
La tentative de Denise pour faire famille différemment autour de Madeleine avec des femmes si singulières, si impétueuses, si dissemblables, ne pouvait que se retrouver dans notre façon de répéter et d’écrire. A partir de là nous nous sommes installées à quatre dans cette histoire. “Cavalières” a été écrit par Karyll, Johanna, Sarah et moi-même. Ainsi sont nées Nora, Saskia, Jeanne et Denise dans une responsabilité et surtout une irresponsabilité partagée qui nous unissait pendant la création de “Cavalières comme dit Johanna Korthals Altes.  
Je rajouterai cavalières nous sommes et cavalières nous restons !  
Conception et mise en scène Isabelle Lafon  
Ecriture et jeu : Sarah Brannens, Karyll Elgrichi, Johanna Korthals Altes, Isabelle Lafon  
Lumière Laurent Schneegans  
Assistante à la mise en scène Jézabel d’Alexis  
Costumes Isabelle Flosi  
Avec la collaboration artistique de Vassili Schémann  
Diffusion Mascaret production - Emmanuel Magis  
Relation presse Nathalie Gasser  
Production Compagnie Les Merveilleuses  
Coproduction La Colline / Théâtre national  
[https://www.isabelle-lafon.com/](https://www.isabelle-lafon.com/)  
[https://www.theatre-paris-villette.fr/spectacle/cavalieres/](https://www.theatre-paris-villette.fr/spectacle/cavalieres/)  
[https://mascaretproduction.com/](https://mascaretproduction.com/)  
Isabelle Lafon, Cavalières, La Colline, Les Merveilleuses, Théât",Paris,211 avenue Jean Jaurès 75019 Paris,75019,2026-06-25 18:00:00+00:00,"Evenement : Cavalières. Lieu : 211 avenue Jean Jaurès 75019 Paris, Paris. Date : 25/06/2026. Description : **CAVALIERES**
--------------

_Pour moi commun veut dire tout ce qui n’est ni l’un, ni l’autre. C’est “comme un”mais ce n’est ni l’un, ni l’autre. Tout ce qui peut avoir lieu hors de l’un et de l’autre._  
Fernand Deligny

On est toujours seule face l’écriture. En notant ceci j’entends la voix rauque et ferme de Marguerite Duras parler de cette solitude. Oui on habite seule l’écriture et pourtant “Cavalières” en a décidé autrement. Nous avons habité l’écriture à quatre.  
Très concrètement j’ai posé les premiers mouvements de l’histoire. Ainsi je savais que j’interprèterai Denise, une femme entraîneure de chevaux de course, tutrice légale de Madeleine, petite fille singulière (dite handicapée). Je savais que Denise allait passer une annonce afin de trouver trois femmes susceptibles de cohabiter avec elle. J’en savais aussi les trois conditions « drastiques » : 1 - Avoir un rapport au cheval. 2 - N’apporter aucun meuble. 3 – S’occuper de Madeleine. Le reste… je ne le savais pas, nous allions le découvrir ensemble.  
La tentative de Denise pour faire famille différemment autour de Madeleine avec des femmes si singulières, si impétueuses, si dissemblables, ne pouvait que se retrouver dans notre façon de répéter et d’écrire. A partir de là nous nous sommes installées à quatre dans cette histoire. “Cavalières” a été écrit par Karyll, Johanna, Sarah et moi-même. Ainsi sont nées Nora, Saskia, Jeanne et Denise dans une responsabilité et surtout une irresponsabilité partagée qui nous unissait pendant la création de “Cavalières comme dit Johanna Korthals Altes.  
Je rajouterai cavalières nous sommes et cavalières nous restons !  
Conception et mise en scène Isabelle Lafon  
Ecriture et jeu : Sarah Brannens, Karyll Elgrichi, Johanna Korthals Altes, Isabelle Lafon  
Lumière Laurent Schneegans  
Assistante à la mise en scène Jézabel d’Alexis  
Costumes Isabelle Flosi  
Avec la collaboration artistique de Vassili Schémann  
Diffusion Mascaret production - Emmanuel Magis  
Relation presse Nathalie Gasser  
Production Compagnie Les Merveilleuses  
Coproduction La Colline / Théâtre national  
[https://www.isabelle-lafon.com/](https://www.isabelle-lafon.com/)  
[https://www.theatre-paris-villette.fr/spectacle/cavalieres/](https://www.theatre-paris-villette.fr/spectacle/cavalieres/)  
[https://mascaretproduction.com/](https://mascaretproduction.com/)  
Isabelle Lafon, Cavalières, La Colline, Les Merveilleuses, Théât"
Je me souviens de la terre,"Entre colères, hésitations, désaccords et élans de solidarité, la pièce explore les tensions qui traversent toute tentative d’action collective.  
Des habitants, inquiets des projets qui menacent leur cadre de vie naturel, décident d’agir. Victimes de violences au cours d’une manifestation, ils font face au dilemme de l’engagement : continuer ou pas ?  
_**Je me souviens de la terre**_ est une pièce inquiète de notre temps puisque désormais, même en démocratie, l’indignation et la contestation publiques peuvent se payer au prix élevé de la répression.  
L’histoire est racontée par les chemins en clair-obscur des réminiscences, des rêves et des cauchemars, dans un diptyque qui bouleverse la chronologie des faits, en suivant les traces que les violences subies laissent sur les corps et les esprits.",Paris,"1 avenue Gabriel, 75008 Paris",75008,2026-06-25 18:00:00+00:00,"Evenement : Je me souviens de la terre. Lieu : 1 avenue Gabriel, 75008 Paris, Paris. Date : 25/06/2026. Description : Entre colères, hésitations, désaccords et élans de solidarité, la pièce explore les tensions qui traversent toute tentative d’action collective.  
Des habitants, inquiets des projets qui menacent leur cadre de vie naturel, décident d’agir. Victimes de violences au cours d’une manifestation, ils font face au dilemme de l’engagement : continuer ou pas ?  
_**Je me souviens de la terre**_ est une pièce inquiète de notre temps puisque désormais, même en démocratie, l’indignation et la contestation publiques peuvent se payer au prix élevé de la répression.  
L’histoire est racontée par les chemins en clair-obscur des réminiscences, des rêves et des cauchemars, dans un diptyque qui bouleverse la chronologie des faits, en suivant les traces que les violences subies laissent sur les corps et les esprits."
Voyage dans le système solaire,"Le Système solaire est riche de nombreux astres fascinants et encore assez méconnus. Au départ de la Terre, un astronome décrit les mouvements des planètes dans le ciel et invite le spectateur à s'en approcher afin de les étudier de plus près.",Paris,"186 Rue St Charles, 75015 Paris",75015,2026-06-24 13:40:00+00:00,"Evenement : Voyage dans le système solaire. Lieu : 186 Rue St Charles, 75015 Paris, Paris. Date : 24/06/2026. Description : Le Système solaire est riche de nombreux astres fascinants et encore assez méconnus. Au départ de la Terre, un astronome décrit les mouvements des planètes dans le ciel et invite le spectateur à s'en approcher afin de les étudier de plus près."
"Berserk & Pyrrhia, art contemporain et art médiéval","Vernissage le vendredi 21.03 : au Plateau (17h-20h), puis aux Réserves (19h-22h)  
Une navette assurera le déplacement entre le Plateau et les Réserves : départs à 19h et 19h30

Commissaire : Céline Poulin  
Commissaire associée : Camille Minh-Lan Gouin  
Conseiller scientifique : Michel Huynh, conservateur général, musée de Cluny — musée national du Moyen Âge  
Scénographie : AGATHE LABAYE • FLORIAN SUMI

Avec les œuvres de :  
Nils Alix-Tabeling, Carlotta Bailly-Borg, Jacopo Belloni, Bernard Berthois-Rigal, Camille Bernard, Peter Briggs, Aëla Maï Cabel, Rose-Mahé Cabel, L. Camus-Govoroff, Pascal Convert, Mélanie Courtinat, Parvine Curie, Neïla Czermak Ichti, Corentin Darré, Caroline Delieutraz, Mimosa Echard, Frederik Exner, Héloïse Farago, Teresa Fernandez-Pello, Alison Flora, Lucia Hadjam, Laurent Jardin-Dragovan, Nicolas Kennett, Agathe Labaye & Florian Sumi, Lou Le Forban, Liz Magor, Pauline Marx, Ibrahim Meïté Sikely, Philippe Mohlitz, Raphaël Moreira Gonçalves, Léo Penven, Théophile Peris, Jérémy Piningre, Agnes Scherer, Cecil Serres, François Stahly, Wolfgang Tillmans, Gérard Trignac, Clémence van Lunen, Xolo Cuintle et Radouan Zeghidour

L’imagerie d’heroic fantasy moyenâgeuse de la pop culture habite les univers des artistes d’aujourd’hui. Le regard décentré de l’humain qui y règne leur ouvre un autre abord du futur. Dans les œuvres contemporaines exposées au Plateau et aux Réserves, le retour à la terre, les paraboles magiques ou les cabanes de paille, les animaux et insectes humanisés, enchantés ou maléfiques, apparaissent tour à tour comme des fantasmes ou des craintes dans un monde noyé d’incertitudes. L’apocalypse, motif récurrent de l’art médiéval, et son bestiaire monstrueux ou rêvé ne sont pas en reste. L’amour, l’amitié et les relations sociales s’imprègnent de ces modèles anciens distordus par le regard contemporain. Le plaisir de la récupération et du do it yourself s’impose pour des matériaux moins polluants et plus responsables.

L’exposition Berserk & Pyrrhia rend visible la circulation des images médiévales et leur appropriation postérieure et fait se rencontrer l’art médiéval et l’art contemporain. Des œuvres médiévales prennent place au Plateau et aux Réserves, grâce à des prêts issus des riches collections patrimoniales franciliennes\*, tandis que des œuvres d’artistes contemporains partent à leur tour à la rencontre du patrimoine médiéval en venant investir les monuments historiques de la région, pour poursuivre ce dialogue intergénérationnel et transhistorique.

Dans un diptyque entre Le Plateau et Les Réserves, l’exposition déploie différentes formes d’hybridation. Au Plateau, dans l’esprit de Berserk, et en faisant référence à l’interprétation dix-neuvièmiste de l’époque médiévale, plus mystique et romantique, les œuvres nous entraînent dans un cheminement obscur et sombre. Aux Réserves, elles puisent leurs références dans le merveilleux, les créatures anthropomorphes, le bestiaire médiéval. Elles nous transportent ainsi dans le monde de Pyrrhia, soulignant la place importante de l’artisanat et du lien à la communauté.

Exposition réalisée en collaboration avec le Musée de Cluny — musée national du Moyen Âge

\*Prêts issus des collections patrimoniales franciliennes  
Collection ARCHÉA, Louvres, 95.  
Collection du département d’histoire de l’architecture et de l’archéologie de la Ville de Paris, 75  
Collection du Musée d’Art et d’Histoire de Melun, 77  
Collection du Musée Bossuet, Cité épiscopale de Meaux, 77  
Collection du Musée Carnavalet — Histoire de Paris, 75  
Collections départementales du Musée archéologique du Val d’Oise, Guiry-en-Vexin, 95.",Paris,"22 rue des Alouettes, 75019 Paris",75019,2025-07-20 12:00:00+00:00,"Evenement : Berserk & Pyrrhia, art contemporain et art médiéval. Lieu : 22 rue des Alouettes, 75019 Paris, Paris. Date : 20/07/2025. Description : Vernissage le vendredi 21.03 : au Plateau (17h-20h), puis aux Réserves (19h-22h)  
Une navette assurera le déplacement entre le Plateau et les Réserves : départs à 19h et 19h30

Commissaire : Céline Poulin  
Commissaire associée : Camille Minh-Lan Gouin  
Conseiller scientifique : Michel Huynh, conservateur général, musée de Cluny — musée national du Moyen Âge  
Scénographie : AGATHE LABAYE • FLORIAN SUMI

Avec les œuvres de :  
Nils Alix-Tabeling, Carlotta Bailly-Borg, Jacopo Belloni, Bernard Berthois-Rigal, Camille Bernard, Peter Briggs, Aëla Maï Cabel, Rose-Mahé Cabel, L. Camus-Govoroff, Pascal Convert, Mélanie Courtinat, Parvine Curie, Neïla Czermak Ichti, Corentin Darré, Caroline Delieutraz, Mimosa Echard, Frederik Exner, Héloïse Farago, Teresa Fernandez-Pello, Alison Flora, Lucia Hadjam, Laurent Jardin-Dragovan, Nicolas Kennett, Agathe Labaye & Florian Sumi, Lou Le Forban, Liz Magor, Pauline Marx, Ibrahim Meïté Sikely, Philippe Mohlitz, Raphaël Moreira Gonçalves, Léo Penven, Théophile Peris, Jérémy Piningre, Agnes Scherer, Cecil Serres, François Stahly, Wolfgang Tillmans, Gérard Trignac, Clémence van Lunen, Xolo Cuintle et Radouan Zeghidour

L’imagerie d’heroic fantasy moyenâgeuse de la pop culture habite les univers des artistes d’aujourd’hui. Le regard décentré de l’humain qui y règne leur ouvre un autre abord du futur. Dans les œuvres contemporaines exposées au Plateau et aux Réserves, le retour à la terre, les paraboles magiques ou les cabanes de paille, les animaux et insectes humanisés, enchantés ou maléfiques, apparaissent tour à tour comme des fantasmes ou des craintes dans un monde noyé d’incertitudes. L’apocalypse, motif récurrent de l’art médiéval, et son bestiaire monstrueux ou rêvé ne sont pas en reste. L’amour, l’amitié et les relations sociales s’imprègnent de ces modèles anciens distordus par le regard contemporain. Le plaisir de la récupération et du do it yourself s’impose pour des matériaux moins polluants et plus responsables.

L’exposition Berserk & Pyrrhia rend visible la circulation des images médiévales et leur appropriation postérieure et fait se rencontrer l’art médiéval et l’art contemporain. Des œuvres médiévales prennent place au Plateau et aux Réserves, grâce à des prêts issus des riches collections patrimoniales franciliennes\*, tandis que des œuvres d’artistes contemporains partent à leur tour à la rencontre du patrimoine médiéval en venant investir les monuments historiques de la région, pour poursuivre ce dialogue intergénérationnel et transhistorique.

Dans un diptyque entre Le Plateau et Les Réserves, l’exposition déploie différentes formes d’hybridation. Au Plateau, dans l’esprit de Berserk, et en faisant référence à l’interprétation dix-neuvièmiste de l’époque médiévale, plus mystique et romantique, les œuvres nous entraînent dans un cheminement obscur et sombre. Aux Réserves, elles puisent leurs références dans le merveilleux, les créatures anthropomorphes, le bestiaire médiéval. Elles nous transportent ainsi dans le monde de Pyrrhia, soulignant la place importante de l’artisanat et du lien à la communauté.

Exposition réalisée en collaboration avec le Musée de Cluny — musée national du Moyen Âge

\*Prêts issus des collections patrimoniales franciliennes  
Collection ARCHÉA, Louvres, 95.  
Collection du département d’histoire de l’architecture et de l’archéologie de la Ville de Paris, 75  
Collection du Musée d’Art et d’Histoire de Melun, 77  
Collection du Musée Bossuet, Cité épiscopale de Meaux, 77  
Collection du Musée Carnavalet — Histoire de Paris, 75  
Collections départementales du Musée archéologique du Val d’Oise, Guiry-en-Vexin, 95."
"Push-up rêveries, Garance Früh","Le travail de sculptures et d’installation de Garance Früh entretient un lien fragile et ténu avec les questions de protection, de défense et de soin des corps avec l’utilisation de matériaux préexistants qui contraignent, protègent ou habillent le plus souvent les corps féminins. Ainsi, les perles, les pinces à cheveux, les crinolines, les corsets, les armatures de sous-vêtements ou les tournures, mais aussi les structures des berceaux de l’enfance ou des matériaux et ustensiles de puériculture s’infléchissent, se cintrent et se parent de divers attributs témoignant d’un sentiment paradoxal d’auto engendrement et de séduction teintée de violence sourde. La douceur laiteuse des tissus comme celle des peaux de cuir vient contredire leur tension maximale dans l’espace ou le fait d’épouser la forme qui les guident. À la fois coquilles et nids, les sculptures de Garance Früh enfantent des formes arrondies. Leur l’érotisme se cache et se révèle tour à tour, et nous implique dans une vulnérabilité habillée et stratifiée.

Commissaire : Maëlle Dault

Garance Früh est née en 1992 à Strasbourg, elle vit et travaille à Paris.  
Elle est diplômée de la Gerrit Rietveld Academie d’Amsterdam en 2018 et de l’Enspac de Cergy en 2020. En 2024, elle a été lauréate de la résidence de production “À l’œuvre” à Lafayette Anticipations — Fondation Galeries Lafayette. Son atelier se situe au DOC à Paris 19ème.

Rendez-vous :  

Vernissage : mercredi 18.06, 18h-21h

Conversations de Plateau : mercredi 02.07, 19h30

Rencontre artiste/commissaire avec Garance Früh et Maëlle Dault",Paris,22 rue des alouettes 75019,75019,2025-07-20 12:00:00+00:00,"Evenement : Push-up rêveries, Garance Früh. Lieu : 22 rue des alouettes 75019, Paris. Date : 20/07/2025. Description : Le travail de sculptures et d’installation de Garance Früh entretient un lien fragile et ténu avec les questions de protection, de défense et de soin des corps avec l’utilisation de matériaux préexistants qui contraignent, protègent ou habillent le plus souvent les corps féminins. Ainsi, les perles, les pinces à cheveux, les crinolines, les corsets, les armatures de sous-vêtements ou les tournures, mais aussi les structures des berceaux de l’enfance ou des matériaux et ustensiles de puériculture s’infléchissent, se cintrent et se parent de divers attributs témoignant d’un sentiment paradoxal d’auto engendrement et de séduction teintée de violence sourde. La douceur laiteuse des tissus comme celle des peaux de cuir vient contredire leur tension maximale dans l’espace ou le fait d’épouser la forme qui les guident. À la fois coquilles et nids, les sculptures de Garance Früh enfantent des formes arrondies. Leur l’érotisme se cache et se révèle tour à tour, et nous implique dans une vulnérabilité habillée et stratifiée.

Commissaire : Maëlle Dault

Garance Früh est née en 1992 à Strasbourg, elle vit et travaille à Paris.  
Elle est diplômée de la Gerrit Rietveld Academie d’Amsterdam en 2018 et de l’Enspac de Cergy en 2020. En 2024, elle a été lauréate de la résidence de production “À l’œuvre” à Lafayette Anticipations — Fondation Galeries Lafayette. Son atelier se situe au DOC à Paris 19ème.

Rendez-vous :  

Vernissage : mercredi 18.06, 18h-21h

Conversations de Plateau : mercredi 02.07, 19h30

Rencontre artiste/commissaire avec Garance Früh et Maëlle Dault"
